solid 
 facet normal -7.071068e-01 -7.071068e-01  0.000000e+00
   outer loop
     vertex  1.223540e+02 -1.053700e+02  1.595000e+00
     vertex  1.221000e+02 -1.051160e+02  4.135000e+00
     vertex  1.221000e+02 -1.051160e+02  1.595000e+00
   endloop
 endfacet
 facet normal -7.071068e-01 -7.071068e-01  0.000000e+00
   outer loop
     vertex  1.223540e+02 -1.053700e+02  1.595000e+00
     vertex  1.223540e+02 -1.053700e+02  4.135000e+00
     vertex  1.221000e+02 -1.051160e+02  4.135000e+00
   endloop
 endfacet
 facet normal -1.000000e+00  0.000000e+00  0.000000e+00
   outer loop
     vertex  1.221000e+02 -1.051160e+02  1.595000e+00
     vertex  1.221000e+02 -1.030840e+02  4.135000e+00
     vertex  1.221000e+02 -1.030840e+02  1.595000e+00
   endloop
 endfacet
 facet normal -1.000000e+00  0.000000e+00  0.000000e+00
   outer loop
     vertex  1.221000e+02 -1.051160e+02  1.595000e+00
     vertex  1.221000e+02 -1.051160e+02  4.135000e+00
     vertex  1.221000e+02 -1.030840e+02  4.135000e+00
   endloop
 endfacet
 facet normal  0.000000e+00 -1.000000e+00  0.000000e+00
   outer loop
     vertex  1.243860e+02 -1.053700e+02  1.595000e+00
     vertex  1.223540e+02 -1.053700e+02  4.135000e+00
     vertex  1.223540e+02 -1.053700e+02  1.595000e+00
   endloop
 endfacet
 facet normal  0.000000e+00 -1.000000e+00  0.000000e+00
   outer loop
     vertex  1.243860e+02 -1.053700e+02  1.595000e+00
     vertex  1.243860e+02 -1.053700e+02  4.135000e+00
     vertex  1.223540e+02 -1.053700e+02  4.135000e+00
   endloop
 endfacet
 facet normal  0.000000e+00  0.000000e+00 -1.000000e+00
   outer loop
     vertex  1.338500e+02 -1.044200e+02  1.595000e+00
     vertex  1.348000e+02 -1.051160e+02  1.595000e+00
     vertex  1.345460e+02 -1.053700e+02  1.595000e+00
   endloop
 endfacet
 facet normal  0.000000e+00  0.000000e+00 -1.000000e+00
   outer loop
     vertex  1.338500e+02 -1.037800e+02  1.595000e+00
     vertex  1.348000e+02 -1.030840e+02  1.595000e+00
     vertex  1.348000e+02 -1.051160e+02  1.595000e+00
   endloop
 endfacet
 facet normal  0.000000e+00  0.000000e+00 -1.000000e+00
   outer loop
     vertex  1.338500e+02 -1.037800e+02  1.595000e+00
     vertex  1.348000e+02 -1.051160e+02  1.595000e+00
     vertex  1.338500e+02 -1.044200e+02  1.595000e+00
   endloop
 endfacet
 facet normal  0.000000e+00 -0.000000e+00 -1.000000e+00
   outer loop
     vertex  1.332100e+02 -1.044200e+02  1.595000e+00
     vertex  1.345460e+02 -1.053700e+02  1.595000e+00
     vertex  1.325140e+02 -1.053700e+02  1.595000e+00
   endloop
 endfacet
 facet normal  0.000000e+00  0.000000e+00 -1.000000e+00
   outer loop
     vertex  1.332100e+02 -1.044200e+02  1.595000e+00
     vertex  1.338500e+02 -1.044200e+02  1.595000e+00
     vertex  1.345460e+02 -1.053700e+02  1.595000e+00
   endloop
 endfacet
 facet normal  0.000000e+00 -0.000000e+00 -1.000000e+00
   outer loop
     vertex  1.345460e+02 -1.028300e+02  1.595000e+00
     vertex  1.348000e+02 -1.030840e+02  1.595000e+00
     vertex  1.338500e+02 -1.037800e+02  1.595000e+00
   endloop
 endfacet
 facet normal  0.000000e+00  0.000000e+00 -1.000000e+00
   outer loop
     vertex  1.322600e+02 -1.051160e+02  1.595000e+00
     vertex  1.332100e+02 -1.044200e+02  1.595000e+00
     vertex  1.325140e+02 -1.053700e+02  1.595000e+00
   endloop
 endfacet
 facet normal  0.000000e+00  0.000000e+00 -1.000000e+00
   outer loop
     vertex  1.313100e+02 -1.044200e+02  1.595000e+00
     vertex  1.322600e+02 -1.051160e+02  1.595000e+00
     vertex  1.320060e+02 -1.053700e+02  1.595000e+00
   endloop
 endfacet
 facet normal  0.000000e+00  0.000000e+00 -1.000000e+00
   outer loop
     vertex  1.313100e+02 -1.044200e+02  1.595000e+00
     vertex  1.332100e+02 -1.044200e+02  1.595000e+00
     vertex  1.322600e+02 -1.051160e+02  1.595000e+00
   endloop
 endfacet
 facet normal  0.000000e+00  0.000000e+00 -1.000000e+00
   outer loop
     vertex  1.325140e+02 -1.028300e+02  1.595000e+00
     vertex  1.338500e+02 -1.037800e+02  1.595000e+00
     vertex  1.332100e+02 -1.037800e+02  1.595000e+00
   endloop
 endfacet
 facet normal  0.000000e+00  0.000000e+00 -1.000000e+00
   outer loop
     vertex  1.325140e+02 -1.028300e+02  1.595000e+00
     vertex  1.345460e+02 -1.028300e+02  1.595000e+00
     vertex  1.338500e+02 -1.037800e+02  1.595000e+00
   endloop
 endfacet
 facet normal  0.000000e+00  0.000000e+00 -1.000000e+00
   outer loop
     vertex  1.322600e+02 -1.030840e+02  1.595000e+00
     vertex  1.325140e+02 -1.028300e+02  1.595000e+00
     vertex  1.332100e+02 -1.037800e+02  1.595000e+00
   endloop
 endfacet
 facet normal  0.000000e+00  0.000000e+00 -1.000000e+00
   outer loop
     vertex  1.313100e+02 -1.037800e+02  1.595000e+00
     vertex  1.332100e+02 -1.037800e+02  1.595000e+00
     vertex  1.332100e+02 -1.044200e+02  1.595000e+00
   endloop
 endfacet
 facet normal  0.000000e+00  0.000000e+00 -1.000000e+00
   outer loop
     vertex  1.313100e+02 -1.037800e+02  1.595000e+00
     vertex  1.332100e+02 -1.044200e+02  1.595000e+00
     vertex  1.313100e+02 -1.044200e+02  1.595000e+00
   endloop
 endfacet
 facet normal  0.000000e+00  0.000000e+00 -1.000000e+00
   outer loop
     vertex  1.313100e+02 -1.037800e+02  1.595000e+00
     vertex  1.322600e+02 -1.030840e+02  1.595000e+00
     vertex  1.332100e+02 -1.037800e+02  1.595000e+00
   endloop
 endfacet
 facet normal  0.000000e+00 -0.000000e+00 -1.000000e+00
   outer loop
     vertex  1.306700e+02 -1.044200e+02  1.595000e+00
     vertex  1.320060e+02 -1.053700e+02  1.595000e+00
     vertex  1.299740e+02 -1.053700e+02  1.595000e+00
   endloop
 endfacet
 facet normal  0.000000e+00  0.000000e+00 -1.000000e+00
   outer loop
     vertex  1.306700e+02 -1.044200e+02  1.595000e+00
     vertex  1.313100e+02 -1.044200e+02  1.595000e+00
     vertex  1.320060e+02 -1.053700e+02  1.595000e+00
   endloop
 endfacet
 facet normal  0.000000e+00 -0.000000e+00 -1.000000e+00
   outer loop
     vertex  1.320060e+02 -1.028300e+02  1.595000e+00
     vertex  1.322600e+02 -1.030840e+02  1.595000e+00
     vertex  1.313100e+02 -1.037800e+02  1.595000e+00
   endloop
 endfacet
 facet normal  0.000000e+00  0.000000e+00 -1.000000e+00
   outer loop
     vertex  1.297200e+02 -1.051160e+02  1.595000e+00
     vertex  1.306700e+02 -1.044200e+02  1.595000e+00
     vertex  1.299740e+02 -1.053700e+02  1.595000e+00
   endloop
 endfacet
 facet normal  0.000000e+00  0.000000e+00 -1.000000e+00
   outer loop
     vertex  1.306700e+02 -1.037800e+02  1.595000e+00
     vertex  1.320060e+02 -1.028300e+02  1.595000e+00
     vertex  1.313100e+02 -1.037800e+02  1.595000e+00
   endloop
 endfacet
 facet normal  0.000000e+00  0.000000e+00 -1.000000e+00
   outer loop
     vertex  1.287700e+02 -1.044200e+02  1.595000e+00
     vertex  1.297200e+02 -1.051160e+02  1.595000e+00
     vertex  1.294660e+02 -1.053700e+02  1.595000e+00
   endloop
 endfacet
 facet normal  0.000000e+00  0.000000e+00 -1.000000e+00
   outer loop
     vertex  1.287700e+02 -1.044200e+02  1.595000e+00
     vertex  1.306700e+02 -1.044200e+02  1.595000e+00
     vertex  1.297200e+02 -1.051160e+02  1.595000e+00
   endloop
 endfacet
 facet normal  0.000000e+00  0.000000e+00 -1.000000e+00
   outer loop
     vertex  1.299740e+02 -1.028300e+02  1.595000e+00
     vertex  1.320060e+02 -1.028300e+02  1.595000e+00
     vertex  1.306700e+02 -1.037800e+02  1.595000e+00
   endloop
 endfacet
 facet normal  0.000000e+00  0.000000e+00 -1.000000e+00
   outer loop
     vertex  1.297200e+02 -1.030840e+02  1.595000e+00
     vertex  1.299740e+02 -1.028300e+02  1.595000e+00
     vertex  1.306700e+02 -1.037800e+02  1.595000e+00
   endloop
 endfacet
 facet normal  0.000000e+00  0.000000e+00 -1.000000e+00
   outer loop
     vertex  1.287700e+02 -1.037800e+02  1.595000e+00
     vertex  1.297200e+02 -1.030840e+02  1.595000e+00
     vertex  1.306700e+02 -1.037800e+02  1.595000e+00
   endloop
 endfacet
 facet normal  0.000000e+00  0.000000e+00 -1.000000e+00
   outer loop
     vertex  1.287700e+02 -1.037800e+02  1.595000e+00
     vertex  1.306700e+02 -1.037800e+02  1.595000e+00
     vertex  1.306700e+02 -1.044200e+02  1.595000e+00
   endloop
 endfacet
 facet normal  0.000000e+00  0.000000e+00 -1.000000e+00
   outer loop
     vertex  1.287700e+02 -1.037800e+02  1.595000e+00
     vertex  1.306700e+02 -1.044200e+02  1.595000e+00
     vertex  1.287700e+02 -1.044200e+02  1.595000e+00
   endloop
 endfacet
 facet normal  0.000000e+00 -0.000000e+00 -1.000000e+00
   outer loop
     vertex  1.281300e+02 -1.044200e+02  1.595000e+00
     vertex  1.294660e+02 -1.053700e+02  1.595000e+00
     vertex  1.274340e+02 -1.053700e+02  1.595000e+00
   endloop
 endfacet
 facet normal  0.000000e+00  0.000000e+00 -1.000000e+00
   outer loop
     vertex  1.281300e+02 -1.044200e+02  1.595000e+00
     vertex  1.287700e+02 -1.044200e+02  1.595000e+00
     vertex  1.294660e+02 -1.053700e+02  1.595000e+00
   endloop
 endfacet
 facet normal  0.000000e+00 -0.000000e+00 -1.000000e+00
   outer loop
     vertex  1.294660e+02 -1.028300e+02  1.595000e+00
     vertex  1.297200e+02 -1.030840e+02  1.595000e+00
     vertex  1.287700e+02 -1.037800e+02  1.595000e+00
   endloop
 endfacet
 facet normal  0.000000e+00  0.000000e+00 -1.000000e+00
   outer loop
     vertex  1.271800e+02 -1.051160e+02  1.595000e+00
     vertex  1.281300e+02 -1.044200e+02  1.595000e+00
     vertex  1.274340e+02 -1.053700e+02  1.595000e+00
   endloop
 endfacet
 facet normal  0.000000e+00  0.000000e+00 -1.000000e+00
   outer loop
     vertex  1.281300e+02 -1.037800e+02  1.595000e+00
     vertex  1.294660e+02 -1.028300e+02  1.595000e+00
     vertex  1.287700e+02 -1.037800e+02  1.595000e+00
   endloop
 endfacet
 facet normal  0.000000e+00  0.000000e+00 -1.000000e+00
   outer loop
     vertex  1.262300e+02 -1.044200e+02  1.595000e+00
     vertex  1.271800e+02 -1.051160e+02  1.595000e+00
     vertex  1.269260e+02 -1.053700e+02  1.595000e+00
   endloop
 endfacet
 facet normal  0.000000e+00  0.000000e+00 -1.000000e+00
   outer loop
     vertex  1.262300e+02 -1.044200e+02  1.595000e+00
     vertex  1.281300e+02 -1.044200e+02  1.595000e+00
     vertex  1.271800e+02 -1.051160e+02  1.595000e+00
   endloop
 endfacet
 facet normal  0.000000e+00  0.000000e+00 -1.000000e+00
   outer loop
     vertex  1.274340e+02 -1.028300e+02  1.595000e+00
     vertex  1.294660e+02 -1.028300e+02  1.595000e+00
     vertex  1.281300e+02 -1.037800e+02  1.595000e+00
   endloop
 endfacet
 facet normal  0.000000e+00  0.000000e+00 -1.000000e+00
   outer loop
     vertex  1.271800e+02 -1.030840e+02  1.595000e+00
     vertex  1.274340e+02 -1.028300e+02  1.595000e+00
     vertex  1.281300e+02 -1.037800e+02  1.595000e+00
   endloop
 endfacet
 facet normal  0.000000e+00  0.000000e+00 -1.000000e+00
   outer loop
     vertex  1.262300e+02 -1.037800e+02  1.595000e+00
     vertex  1.281300e+02 -1.044200e+02  1.595000e+00
     vertex  1.262300e+02 -1.044200e+02  1.595000e+00
   endloop
 endfacet
 facet normal  0.000000e+00  0.000000e+00 -1.000000e+00
   outer loop
     vertex  1.262300e+02 -1.037800e+02  1.595000e+00
     vertex  1.271800e+02 -1.030840e+02  1.595000e+00
     vertex  1.281300e+02 -1.037800e+02  1.595000e+00
   endloop
 endfacet
 facet normal  0.000000e+00  0.000000e+00 -1.000000e+00
   outer loop
     vertex  1.262300e+02 -1.037800e+02  1.595000e+00
     vertex  1.281300e+02 -1.037800e+02  1.595000e+00
     vertex  1.281300e+02 -1.044200e+02  1.595000e+00
   endloop
 endfacet
 facet normal  0.000000e+00 -0.000000e+00 -1.000000e+00
   outer loop
     vertex  1.255900e+02 -1.044200e+02  1.595000e+00
     vertex  1.269260e+02 -1.053700e+02  1.595000e+00
     vertex  1.248940e+02 -1.053700e+02  1.595000e+00
   endloop
 endfacet
 facet normal  0.000000e+00  0.000000e+00 -1.000000e+00
   outer loop
     vertex  1.255900e+02 -1.044200e+02  1.595000e+00
     vertex  1.262300e+02 -1.044200e+02  1.595000e+00
     vertex  1.269260e+02 -1.053700e+02  1.595000e+00
   endloop
 endfacet
 facet normal  0.000000e+00 -0.000000e+00 -1.000000e+00
   outer loop
     vertex  1.269260e+02 -1.028300e+02  1.595000e+00
     vertex  1.271800e+02 -1.030840e+02  1.595000e+00
     vertex  1.262300e+02 -1.037800e+02  1.595000e+00
   endloop
 endfacet
 facet normal  0.000000e+00  0.000000e+00 -1.000000e+00
   outer loop
     vertex  1.246400e+02 -1.051160e+02  1.595000e+00
     vertex  1.255900e+02 -1.044200e+02  1.595000e+00
     vertex  1.248940e+02 -1.053700e+02  1.595000e+00
   endloop
 endfacet
 facet normal  0.000000e+00  0.000000e+00 -1.000000e+00
   outer loop
     vertex  1.236900e+02 -1.044200e+02  1.595000e+00
     vertex  1.246400e+02 -1.051160e+02  1.595000e+00
     vertex  1.243860e+02 -1.053700e+02  1.595000e+00
   endloop
 endfacet
 facet normal  0.000000e+00  0.000000e+00 -1.000000e+00
   outer loop
     vertex  1.236900e+02 -1.044200e+02  1.595000e+00
     vertex  1.255900e+02 -1.044200e+02  1.595000e+00
     vertex  1.246400e+02 -1.051160e+02  1.595000e+00
   endloop
 endfacet
 facet normal  0.000000e+00  0.000000e+00 -1.000000e+00
   outer loop
     vertex  1.248940e+02 -1.028300e+02  1.595000e+00
     vertex  1.269260e+02 -1.028300e+02  1.595000e+00
     vertex  1.262300e+02 -1.037800e+02  1.595000e+00
   endloop
 endfacet
 facet normal  0.000000e+00  0.000000e+00 -1.000000e+00
   outer loop
     vertex  1.248940e+02 -1.028300e+02  1.595000e+00
     vertex  1.262300e+02 -1.037800e+02  1.595000e+00
     vertex  1.255900e+02 -1.037800e+02  1.595000e+00
   endloop
 endfacet
 facet normal  0.000000e+00  0.000000e+00 -1.000000e+00
   outer loop
     vertex  1.246400e+02 -1.030840e+02  1.595000e+00
     vertex  1.248940e+02 -1.028300e+02  1.595000e+00
     vertex  1.255900e+02 -1.037800e+02  1.595000e+00
   endloop
 endfacet
 facet normal  0.000000e+00  0.000000e+00 -1.000000e+00
   outer loop
     vertex  1.236900e+02 -1.037800e+02  1.595000e+00
     vertex  1.255900e+02 -1.037800e+02  1.595000e+00
     vertex  1.255900e+02 -1.044200e+02  1.595000e+00
   endloop
 endfacet
 facet normal  0.000000e+00  0.000000e+00 -1.000000e+00
   outer loop
     vertex  1.236900e+02 -1.037800e+02  1.595000e+00
     vertex  1.255900e+02 -1.044200e+02  1.595000e+00
     vertex  1.236900e+02 -1.044200e+02  1.595000e+00
   endloop
 endfacet
 facet normal  0.000000e+00  0.000000e+00 -1.000000e+00
   outer loop
     vertex  1.236900e+02 -1.037800e+02  1.595000e+00
     vertex  1.246400e+02 -1.030840e+02  1.595000e+00
     vertex  1.255900e+02 -1.037800e+02  1.595000e+00
   endloop
 endfacet
 facet normal  0.000000e+00 -0.000000e+00 -1.000000e+00
   outer loop
     vertex  1.230500e+02 -1.044200e+02  1.595000e+00
     vertex  1.243860e+02 -1.053700e+02  1.595000e+00
     vertex  1.223540e+02 -1.053700e+02  1.595000e+00
   endloop
 endfacet
 facet normal  0.000000e+00  0.000000e+00 -1.000000e+00
   outer loop
     vertex  1.230500e+02 -1.044200e+02  1.595000e+00
     vertex  1.236900e+02 -1.044200e+02  1.595000e+00
     vertex  1.243860e+02 -1.053700e+02  1.595000e+00
   endloop
 endfacet
 facet normal  0.000000e+00 -0.000000e+00 -1.000000e+00
   outer loop
     vertex  1.243860e+02 -1.028300e+02  1.595000e+00
     vertex  1.246400e+02 -1.030840e+02  1.595000e+00
     vertex  1.236900e+02 -1.037800e+02  1.595000e+00
   endloop
 endfacet
 facet normal  0.000000e+00  0.000000e+00 -1.000000e+00
   outer loop
     vertex  1.221000e+02 -1.051160e+02  1.595000e+00
     vertex  1.230500e+02 -1.044200e+02  1.595000e+00
     vertex  1.223540e+02 -1.053700e+02  1.595000e+00
   endloop
 endfacet
 facet normal  0.000000e+00  0.000000e+00 -1.000000e+00
   outer loop
     vertex  1.221000e+02 -1.030840e+02  1.595000e+00
     vertex  1.230500e+02 -1.037800e+02  1.595000e+00
     vertex  1.230500e+02 -1.044200e+02  1.595000e+00
   endloop
 endfacet
 facet normal  0.000000e+00  0.000000e+00 -1.000000e+00
   outer loop
     vertex  1.221000e+02 -1.030840e+02  1.595000e+00
     vertex  1.230500e+02 -1.044200e+02  1.595000e+00
     vertex  1.221000e+02 -1.051160e+02  1.595000e+00
   endloop
 endfacet
 facet normal  0.000000e+00  0.000000e+00 -1.000000e+00
   outer loop
     vertex  1.223540e+02 -1.028300e+02  1.595000e+00
     vertex  1.236900e+02 -1.037800e+02  1.595000e+00
     vertex  1.230500e+02 -1.037800e+02  1.595000e+00
   endloop
 endfacet
 facet normal  0.000000e+00  0.000000e+00 -1.000000e+00
   outer loop
     vertex  1.223540e+02 -1.028300e+02  1.595000e+00
     vertex  1.243860e+02 -1.028300e+02  1.595000e+00
     vertex  1.236900e+02 -1.037800e+02  1.595000e+00
   endloop
 endfacet
 facet normal  0.000000e+00 -0.000000e+00 -1.000000e+00
   outer loop
     vertex  1.223540e+02 -1.028300e+02  1.595000e+00
     vertex  1.230500e+02 -1.037800e+02  1.595000e+00
     vertex  1.221000e+02 -1.030840e+02  1.595000e+00
   endloop
 endfacet
 facet normal  0.000000e+00  0.000000e+00  1.000000e+00
   outer loop
     vertex  1.338500e+02 -1.044200e+02  4.135000e+00
     vertex  1.345460e+02 -1.053700e+02  4.135000e+00
     vertex  1.348000e+02 -1.051160e+02  4.135000e+00
   endloop
 endfacet
 facet normal -0.000000e+00  0.000000e+00  1.000000e+00
   outer loop
     vertex  1.338500e+02 -1.037800e+02  4.135000e+00
     vertex  1.348000e+02 -1.051160e+02  4.135000e+00
     vertex  1.348000e+02 -1.030840e+02  4.135000e+00
   endloop
 endfacet
 facet normal  0.000000e+00  0.000000e+00  1.000000e+00
   outer loop
     vertex  1.338500e+02 -1.037800e+02  4.135000e+00
     vertex  1.338500e+02 -1.044200e+02  4.135000e+00
     vertex  1.348000e+02 -1.051160e+02  4.135000e+00
   endloop
 endfacet
 facet normal  0.000000e+00  0.000000e+00  1.000000e+00
   outer loop
     vertex  1.332100e+02 -1.044200e+02  4.135000e+00
     vertex  1.325140e+02 -1.053700e+02  4.135000e+00
     vertex  1.345460e+02 -1.053700e+02  4.135000e+00
   endloop
 endfacet
 facet normal -0.000000e+00  0.000000e+00  1.000000e+00
   outer loop
     vertex  1.332100e+02 -1.044200e+02  4.135000e+00
     vertex  1.345460e+02 -1.053700e+02  4.135000e+00
     vertex  1.338500e+02 -1.044200e+02  4.135000e+00
   endloop
 endfacet
 facet normal  0.000000e+00  0.000000e+00  1.000000e+00
   outer loop
     vertex  1.345460e+02 -1.028300e+02  4.135000e+00
     vertex  1.338500e+02 -1.037800e+02  4.135000e+00
     vertex  1.348000e+02 -1.030840e+02  4.135000e+00
   endloop
 endfacet
 facet normal -0.000000e+00  0.000000e+00  1.000000e+00
   outer loop
     vertex  1.322600e+02 -1.051160e+02  4.135000e+00
     vertex  1.325140e+02 -1.053700e+02  4.135000e+00
     vertex  1.332100e+02 -1.044200e+02  4.135000e+00
   endloop
 endfacet
 facet normal  0.000000e+00  0.000000e+00  1.000000e+00
   outer loop
     vertex  1.313100e+02 -1.044200e+02  4.135000e+00
     vertex  1.320060e+02 -1.053700e+02  4.135000e+00
     vertex  1.322600e+02 -1.051160e+02  4.135000e+00
   endloop
 endfacet
 facet normal -0.000000e+00  0.000000e+00  1.000000e+00
   outer loop
     vertex  1.313100e+02 -1.044200e+02  4.135000e+00
     vertex  1.322600e+02 -1.051160e+02  4.135000e+00
     vertex  1.332100e+02 -1.044200e+02  4.135000e+00
   endloop
 endfacet
 facet normal  0.000000e+00  0.000000e+00  1.000000e+00
   outer loop
     vertex  1.325140e+02 -1.028300e+02  4.135000e+00
     vertex  1.332100e+02 -1.037800e+02  4.135000e+00
     vertex  1.338500e+02 -1.037800e+02  4.135000e+00
   endloop
 endfacet
 facet normal -0.000000e+00  0.000000e+00  1.000000e+00
   outer loop
     vertex  1.325140e+02 -1.028300e+02  4.135000e+00
     vertex  1.338500e+02 -1.037800e+02  4.135000e+00
     vertex  1.345460e+02 -1.028300e+02  4.135000e+00
   endloop
 endfacet
 facet normal -0.000000e+00  0.000000e+00  1.000000e+00
   outer loop
     vertex  1.322600e+02 -1.030840e+02  4.135000e+00
     vertex  1.332100e+02 -1.037800e+02  4.135000e+00
     vertex  1.325140e+02 -1.028300e+02  4.135000e+00
   endloop
 endfacet
 facet normal -0.000000e+00  0.000000e+00  1.000000e+00
   outer loop
     vertex  1.313100e+02 -1.037800e+02  4.135000e+00
     vertex  1.332100e+02 -1.044200e+02  4.135000e+00
     vertex  1.332100e+02 -1.037800e+02  4.135000e+00
   endloop
 endfacet
 facet normal  0.000000e+00  0.000000e+00  1.000000e+00
   outer loop
     vertex  1.313100e+02 -1.037800e+02  4.135000e+00
     vertex  1.313100e+02 -1.044200e+02  4.135000e+00
     vertex  1.332100e+02 -1.044200e+02  4.135000e+00
   endloop
 endfacet
 facet normal  0.000000e+00  0.000000e+00  1.000000e+00
   outer loop
     vertex  1.313100e+02 -1.037800e+02  4.135000e+00
     vertex  1.332100e+02 -1.037800e+02  4.135000e+00
     vertex  1.322600e+02 -1.030840e+02  4.135000e+00
   endloop
 endfacet
 facet normal  0.000000e+00  0.000000e+00  1.000000e+00
   outer loop
     vertex  1.306700e+02 -1.044200e+02  4.135000e+00
     vertex  1.299740e+02 -1.053700e+02  4.135000e+00
     vertex  1.320060e+02 -1.053700e+02  4.135000e+00
   endloop
 endfacet
 facet normal -0.000000e+00  0.000000e+00  1.000000e+00
   outer loop
     vertex  1.306700e+02 -1.044200e+02  4.135000e+00
     vertex  1.320060e+02 -1.053700e+02  4.135000e+00
     vertex  1.313100e+02 -1.044200e+02  4.135000e+00
   endloop
 endfacet
 facet normal  0.000000e+00  0.000000e+00  1.000000e+00
   outer loop
     vertex  1.320060e+02 -1.028300e+02  4.135000e+00
     vertex  1.313100e+02 -1.037800e+02  4.135000e+00
     vertex  1.322600e+02 -1.030840e+02  4.135000e+00
   endloop
 endfacet
 facet normal -0.000000e+00  0.000000e+00  1.000000e+00
   outer loop
     vertex  1.297200e+02 -1.051160e+02  4.135000e+00
     vertex  1.299740e+02 -1.053700e+02  4.135000e+00
     vertex  1.306700e+02 -1.044200e+02  4.135000e+00
   endloop
 endfacet
 facet normal  0.000000e+00  0.000000e+00  1.000000e+00
   outer loop
     vertex  1.306700e+02 -1.037800e+02  4.135000e+00
     vertex  1.313100e+02 -1.037800e+02  4.135000e+00
     vertex  1.320060e+02 -1.028300e+02  4.135000e+00
   endloop
 endfacet
 facet normal  0.000000e+00  0.000000e+00  1.000000e+00
   outer loop
     vertex  1.287700e+02 -1.044200e+02  4.135000e+00
     vertex  1.294660e+02 -1.053700e+02  4.135000e+00
     vertex  1.297200e+02 -1.051160e+02  4.135000e+00
   endloop
 endfacet
 facet normal -0.000000e+00  0.000000e+00  1.000000e+00
   outer loop
     vertex  1.287700e+02 -1.044200e+02  4.135000e+00
     vertex  1.297200e+02 -1.051160e+02  4.135000e+00
     vertex  1.306700e+02 -1.044200e+02  4.135000e+00
   endloop
 endfacet
 facet normal -0.000000e+00  0.000000e+00  1.000000e+00
   outer loop
     vertex  1.299740e+02 -1.028300e+02  4.135000e+00
     vertex  1.306700e+02 -1.037800e+02  4.135000e+00
     vertex  1.320060e+02 -1.028300e+02  4.135000e+00
   endloop
 endfacet
 facet normal -0.000000e+00  0.000000e+00  1.000000e+00
   outer loop
     vertex  1.297200e+02 -1.030840e+02  4.135000e+00
     vertex  1.306700e+02 -1.037800e+02  4.135000e+00
     vertex  1.299740e+02 -1.028300e+02  4.135000e+00
   endloop
 endfacet
 facet normal  0.000000e+00  0.000000e+00  1.000000e+00
   outer loop
     vertex  1.287700e+02 -1.037800e+02  4.135000e+00
     vertex  1.306700e+02 -1.037800e+02  4.135000e+00
     vertex  1.297200e+02 -1.030840e+02  4.135000e+00
   endloop
 endfacet
 facet normal -0.000000e+00  0.000000e+00  1.000000e+00
   outer loop
     vertex  1.287700e+02 -1.037800e+02  4.135000e+00
     vertex  1.306700e+02 -1.044200e+02  4.135000e+00
     vertex  1.306700e+02 -1.037800e+02  4.135000e+00
   endloop
 endfacet
 facet normal  0.000000e+00  0.000000e+00  1.000000e+00
   outer loop
     vertex  1.287700e+02 -1.037800e+02  4.135000e+00
     vertex  1.287700e+02 -1.044200e+02  4.135000e+00
     vertex  1.306700e+02 -1.044200e+02  4.135000e+00
   endloop
 endfacet
 facet normal  0.000000e+00  0.000000e+00  1.000000e+00
   outer loop
     vertex  1.281300e+02 -1.044200e+02  4.135000e+00
     vertex  1.274340e+02 -1.053700e+02  4.135000e+00
     vertex  1.294660e+02 -1.053700e+02  4.135000e+00
   endloop
 endfacet
 facet normal -0.000000e+00  0.000000e+00  1.000000e+00
   outer loop
     vertex  1.281300e+02 -1.044200e+02  4.135000e+00
     vertex  1.294660e+02 -1.053700e+02  4.135000e+00
     vertex  1.287700e+02 -1.044200e+02  4.135000e+00
   endloop
 endfacet
 facet normal  0.000000e+00  0.000000e+00  1.000000e+00
   outer loop
     vertex  1.294660e+02 -1.028300e+02  4.135000e+00
     vertex  1.287700e+02 -1.037800e+02  4.135000e+00
     vertex  1.297200e+02 -1.030840e+02  4.135000e+00
   endloop
 endfacet
 facet normal -0.000000e+00  0.000000e+00  1.000000e+00
   outer loop
     vertex  1.271800e+02 -1.051160e+02  4.135000e+00
     vertex  1.274340e+02 -1.053700e+02  4.135000e+00
     vertex  1.281300e+02 -1.044200e+02  4.135000e+00
   endloop
 endfacet
 facet normal  0.000000e+00  0.000000e+00  1.000000e+00
   outer loop
     vertex  1.281300e+02 -1.037800e+02  4.135000e+00
     vertex  1.287700e+02 -1.037800e+02  4.135000e+00
     vertex  1.294660e+02 -1.028300e+02  4.135000e+00
   endloop
 endfacet
 facet normal  0.000000e+00  0.000000e+00  1.000000e+00
   outer loop
     vertex  1.262300e+02 -1.044200e+02  4.135000e+00
     vertex  1.269260e+02 -1.053700e+02  4.135000e+00
     vertex  1.271800e+02 -1.051160e+02  4.135000e+00
   endloop
 endfacet
 facet normal -0.000000e+00  0.000000e+00  1.000000e+00
   outer loop
     vertex  1.262300e+02 -1.044200e+02  4.135000e+00
     vertex  1.271800e+02 -1.051160e+02  4.135000e+00
     vertex  1.281300e+02 -1.044200e+02  4.135000e+00
   endloop
 endfacet
 facet normal -0.000000e+00  0.000000e+00  1.000000e+00
   outer loop
     vertex  1.274340e+02 -1.028300e+02  4.135000e+00
     vertex  1.281300e+02 -1.037800e+02  4.135000e+00
     vertex  1.294660e+02 -1.028300e+02  4.135000e+00
   endloop
 endfacet
 facet normal -0.000000e+00  0.000000e+00  1.000000e+00
   outer loop
     vertex  1.271800e+02 -1.030840e+02  4.135000e+00
     vertex  1.281300e+02 -1.037800e+02  4.135000e+00
     vertex  1.274340e+02 -1.028300e+02  4.135000e+00
   endloop
 endfacet
 facet normal  0.000000e+00  0.000000e+00  1.000000e+00
   outer loop
     vertex  1.262300e+02 -1.037800e+02  4.135000e+00
     vertex  1.262300e+02 -1.044200e+02  4.135000e+00
     vertex  1.281300e+02 -1.044200e+02  4.135000e+00
   endloop
 endfacet
 facet normal  0.000000e+00  0.000000e+00  1.000000e+00
   outer loop
     vertex  1.262300e+02 -1.037800e+02  4.135000e+00
     vertex  1.281300e+02 -1.037800e+02  4.135000e+00
     vertex  1.271800e+02 -1.030840e+02  4.135000e+00
   endloop
 endfacet
 facet normal -0.000000e+00  0.000000e+00  1.000000e+00
   outer loop
     vertex  1.262300e+02 -1.037800e+02  4.135000e+00
     vertex  1.281300e+02 -1.044200e+02  4.135000e+00
     vertex  1.281300e+02 -1.037800e+02  4.135000e+00
   endloop
 endfacet
 facet normal  0.000000e+00  0.000000e+00  1.000000e+00
   outer loop
     vertex  1.255900e+02 -1.044200e+02  4.135000e+00
     vertex  1.248940e+02 -1.053700e+02  4.135000e+00
     vertex  1.269260e+02 -1.053700e+02  4.135000e+00
   endloop
 endfacet
 facet normal  0.000000e+00  0.000000e+00  1.000000e+00
   outer loop
     vertex  1.255900e+02 -1.044200e+02  4.135000e+00
     vertex  1.269260e+02 -1.053700e+02  4.135000e+00
     vertex  1.262300e+02 -1.044200e+02  4.135000e+00
   endloop
 endfacet
 facet normal  0.000000e+00  0.000000e+00  1.000000e+00
   outer loop
     vertex  1.269260e+02 -1.028300e+02  4.135000e+00
     vertex  1.262300e+02 -1.037800e+02  4.135000e+00
     vertex  1.271800e+02 -1.030840e+02  4.135000e+00
   endloop
 endfacet
 facet normal -0.000000e+00  0.000000e+00  1.000000e+00
   outer loop
     vertex  1.246400e+02 -1.051160e+02  4.135000e+00
     vertex  1.248940e+02 -1.053700e+02  4.135000e+00
     vertex  1.255900e+02 -1.044200e+02  4.135000e+00
   endloop
 endfacet
 facet normal  0.000000e+00  0.000000e+00  1.000000e+00
   outer loop
     vertex  1.236900e+02 -1.044200e+02  4.135000e+00
     vertex  1.243860e+02 -1.053700e+02  4.135000e+00
     vertex  1.246400e+02 -1.051160e+02  4.135000e+00
   endloop
 endfacet
 facet normal -0.000000e+00  0.000000e+00  1.000000e+00
   outer loop
     vertex  1.236900e+02 -1.044200e+02  4.135000e+00
     vertex  1.246400e+02 -1.051160e+02  4.135000e+00
     vertex  1.255900e+02 -1.044200e+02  4.135000e+00
   endloop
 endfacet
 facet normal -0.000000e+00  0.000000e+00  1.000000e+00
   outer loop
     vertex  1.248940e+02 -1.028300e+02  4.135000e+00
     vertex  1.262300e+02 -1.037800e+02  4.135000e+00
     vertex  1.269260e+02 -1.028300e+02  4.135000e+00
   endloop
 endfacet
 facet normal  0.000000e+00  0.000000e+00  1.000000e+00
   outer loop
     vertex  1.248940e+02 -1.028300e+02  4.135000e+00
     vertex  1.255900e+02 -1.037800e+02  4.135000e+00
     vertex  1.262300e+02 -1.037800e+02  4.135000e+00
   endloop
 endfacet
 facet normal -0.000000e+00  0.000000e+00  1.000000e+00
   outer loop
     vertex  1.246400e+02 -1.030840e+02  4.135000e+00
     vertex  1.255900e+02 -1.037800e+02  4.135000e+00
     vertex  1.248940e+02 -1.028300e+02  4.135000e+00
   endloop
 endfacet
 facet normal -0.000000e+00  0.000000e+00  1.000000e+00
   outer loop
     vertex  1.236900e+02 -1.037800e+02  4.135000e+00
     vertex  1.255900e+02 -1.044200e+02  4.135000e+00
     vertex  1.255900e+02 -1.037800e+02  4.135000e+00
   endloop
 endfacet
 facet normal  0.000000e+00  0.000000e+00  1.000000e+00
   outer loop
     vertex  1.236900e+02 -1.037800e+02  4.135000e+00
     vertex  1.236900e+02 -1.044200e+02  4.135000e+00
     vertex  1.255900e+02 -1.044200e+02  4.135000e+00
   endloop
 endfacet
 facet normal  0.000000e+00  0.000000e+00  1.000000e+00
   outer loop
     vertex  1.236900e+02 -1.037800e+02  4.135000e+00
     vertex  1.255900e+02 -1.037800e+02  4.135000e+00
     vertex  1.246400e+02 -1.030840e+02  4.135000e+00
   endloop
 endfacet
 facet normal  0.000000e+00  0.000000e+00  1.000000e+00
   outer loop
     vertex  1.230500e+02 -1.044200e+02  4.135000e+00
     vertex  1.223540e+02 -1.053700e+02  4.135000e+00
     vertex  1.243860e+02 -1.053700e+02  4.135000e+00
   endloop
 endfacet
 facet normal -0.000000e+00  0.000000e+00  1.000000e+00
   outer loop
     vertex  1.230500e+02 -1.044200e+02  4.135000e+00
     vertex  1.243860e+02 -1.053700e+02  4.135000e+00
     vertex  1.236900e+02 -1.044200e+02  4.135000e+00
   endloop
 endfacet
 facet normal  0.000000e+00  0.000000e+00  1.000000e+00
   outer loop
     vertex  1.243860e+02 -1.028300e+02  4.135000e+00
     vertex  1.236900e+02 -1.037800e+02  4.135000e+00
     vertex  1.246400e+02 -1.030840e+02  4.135000e+00
   endloop
 endfacet
 facet normal -0.000000e+00  0.000000e+00  1.000000e+00
   outer loop
     vertex  1.221000e+02 -1.051160e+02  4.135000e+00
     vertex  1.223540e+02 -1.053700e+02  4.135000e+00
     vertex  1.230500e+02 -1.044200e+02  4.135000e+00
   endloop
 endfacet
 facet normal  0.000000e+00  0.000000e+00  1.000000e+00
   outer loop
     vertex  1.221000e+02 -1.030840e+02  4.135000e+00
     vertex  1.230500e+02 -1.044200e+02  4.135000e+00
     vertex  1.230500e+02 -1.037800e+02  4.135000e+00
   endloop
 endfacet
 facet normal  0.000000e+00  0.000000e+00  1.000000e+00
   outer loop
     vertex  1.221000e+02 -1.030840e+02  4.135000e+00
     vertex  1.221000e+02 -1.051160e+02  4.135000e+00
     vertex  1.230500e+02 -1.044200e+02  4.135000e+00
   endloop
 endfacet
 facet normal  0.000000e+00  0.000000e+00  1.000000e+00
   outer loop
     vertex  1.223540e+02 -1.028300e+02  4.135000e+00
     vertex  1.230500e+02 -1.037800e+02  4.135000e+00
     vertex  1.236900e+02 -1.037800e+02  4.135000e+00
   endloop
 endfacet
 facet normal -0.000000e+00  0.000000e+00  1.000000e+00
   outer loop
     vertex  1.223540e+02 -1.028300e+02  4.135000e+00
     vertex  1.236900e+02 -1.037800e+02  4.135000e+00
     vertex  1.243860e+02 -1.028300e+02  4.135000e+00
   endloop
 endfacet
 facet normal  0.000000e+00  0.000000e+00  1.000000e+00
   outer loop
     vertex  1.223540e+02 -1.028300e+02  4.135000e+00
     vertex  1.221000e+02 -1.030840e+02  4.135000e+00
     vertex  1.230500e+02 -1.037800e+02  4.135000e+00
   endloop
 endfacet
 facet normal -7.071068e-01  7.071068e-01  0.000000e+00
   outer loop
     vertex  1.221000e+02 -1.030840e+02  1.595000e+00
     vertex  1.223540e+02 -1.028300e+02  4.135000e+00
     vertex  1.223540e+02 -1.028300e+02  1.595000e+00
   endloop
 endfacet
 facet normal -7.071068e-01  7.071068e-01  0.000000e+00
   outer loop
     vertex  1.221000e+02 -1.030840e+02  1.595000e+00
     vertex  1.221000e+02 -1.030840e+02  4.135000e+00
     vertex  1.223540e+02 -1.028300e+02  4.135000e+00
   endloop
 endfacet
 facet normal  7.071068e-01 -7.071068e-01  0.000000e+00
   outer loop
     vertex  1.246400e+02 -1.051160e+02  1.595000e+00
     vertex  1.243860e+02 -1.053700e+02  4.135000e+00
     vertex  1.243860e+02 -1.053700e+02  1.595000e+00
   endloop
 endfacet
 facet normal  7.071068e-01 -7.071068e-01  0.000000e+00
   outer loop
     vertex  1.246400e+02 -1.051160e+02  1.595000e+00
     vertex  1.246400e+02 -1.051160e+02  4.135000e+00
     vertex  1.243860e+02 -1.053700e+02  4.135000e+00
   endloop
 endfacet
 facet normal  0.000000e+00  1.000000e+00  0.000000e+00
   outer loop
     vertex  1.223540e+02 -1.028300e+02  1.595000e+00
     vertex  1.243860e+02 -1.028300e+02  4.135000e+00
     vertex  1.243860e+02 -1.028300e+02  1.595000e+00
   endloop
 endfacet
 facet normal  0.000000e+00  1.000000e+00  0.000000e+00
   outer loop
     vertex  1.223540e+02 -1.028300e+02  1.595000e+00
     vertex  1.223540e+02 -1.028300e+02  4.135000e+00
     vertex  1.243860e+02 -1.028300e+02  4.135000e+00
   endloop
 endfacet
 facet normal -7.071068e-01 -7.071068e-01  0.000000e+00
   outer loop
     vertex  1.248940e+02 -1.053700e+02  1.595000e+00
     vertex  1.246400e+02 -1.051160e+02  4.135000e+00
     vertex  1.246400e+02 -1.051160e+02  1.595000e+00
   endloop
 endfacet
 facet normal -7.071068e-01 -7.071068e-01  0.000000e+00
   outer loop
     vertex  1.248940e+02 -1.053700e+02  1.595000e+00
     vertex  1.248940e+02 -1.053700e+02  4.135000e+00
     vertex  1.246400e+02 -1.051160e+02  4.135000e+00
   endloop
 endfacet
 facet normal  7.071068e-01  7.071068e-01  0.000000e+00
   outer loop
     vertex  1.243860e+02 -1.028300e+02  1.595000e+00
     vertex  1.246400e+02 -1.030840e+02  4.135000e+00
     vertex  1.246400e+02 -1.030840e+02  1.595000e+00
   endloop
 endfacet
 facet normal  7.071068e-01  7.071068e-01 -0.000000e+00
   outer loop
     vertex  1.243860e+02 -1.028300e+02  1.595000e+00
     vertex  1.243860e+02 -1.028300e+02  4.135000e+00
     vertex  1.246400e+02 -1.030840e+02  4.135000e+00
   endloop
 endfacet
 facet normal  0.000000e+00 -1.000000e+00  0.000000e+00
   outer loop
     vertex  1.269260e+02 -1.053700e+02  1.595000e+00
     vertex  1.248940e+02 -1.053700e+02  4.135000e+00
     vertex  1.248940e+02 -1.053700e+02  1.595000e+00
   endloop
 endfacet
 facet normal  0.000000e+00 -1.000000e+00  0.000000e+00
   outer loop
     vertex  1.269260e+02 -1.053700e+02  1.595000e+00
     vertex  1.269260e+02 -1.053700e+02  4.135000e+00
     vertex  1.248940e+02 -1.053700e+02  4.135000e+00
   endloop
 endfacet
 facet normal -7.071068e-01  7.071068e-01  0.000000e+00
   outer loop
     vertex  1.246400e+02 -1.030840e+02  1.595000e+00
     vertex  1.248940e+02 -1.028300e+02  4.135000e+00
     vertex  1.248940e+02 -1.028300e+02  1.595000e+00
   endloop
 endfacet
 facet normal -7.071068e-01  7.071068e-01  0.000000e+00
   outer loop
     vertex  1.246400e+02 -1.030840e+02  1.595000e+00
     vertex  1.246400e+02 -1.030840e+02  4.135000e+00
     vertex  1.248940e+02 -1.028300e+02  4.135000e+00
   endloop
 endfacet
 facet normal  7.071068e-01 -7.071068e-01  0.000000e+00
   outer loop
     vertex  1.271800e+02 -1.051160e+02  1.595000e+00
     vertex  1.269260e+02 -1.053700e+02  4.135000e+00
     vertex  1.269260e+02 -1.053700e+02  1.595000e+00
   endloop
 endfacet
 facet normal  7.071068e-01 -7.071068e-01  0.000000e+00
   outer loop
     vertex  1.271800e+02 -1.051160e+02  1.595000e+00
     vertex  1.271800e+02 -1.051160e+02  4.135000e+00
     vertex  1.269260e+02 -1.053700e+02  4.135000e+00
   endloop
 endfacet
 facet normal  0.000000e+00  1.000000e+00  0.000000e+00
   outer loop
     vertex  1.248940e+02 -1.028300e+02  1.595000e+00
     vertex  1.269260e+02 -1.028300e+02  4.135000e+00
     vertex  1.269260e+02 -1.028300e+02  1.595000e+00
   endloop
 endfacet
 facet normal  0.000000e+00  1.000000e+00  0.000000e+00
   outer loop
     vertex  1.248940e+02 -1.028300e+02  1.595000e+00
     vertex  1.248940e+02 -1.028300e+02  4.135000e+00
     vertex  1.269260e+02 -1.028300e+02  4.135000e+00
   endloop
 endfacet
 facet normal -7.071068e-01 -7.071068e-01  0.000000e+00
   outer loop
     vertex  1.274340e+02 -1.053700e+02  1.595000e+00
     vertex  1.271800e+02 -1.051160e+02  4.135000e+00
     vertex  1.271800e+02 -1.051160e+02  1.595000e+00
   endloop
 endfacet
 facet normal -7.071068e-01 -7.071068e-01  0.000000e+00
   outer loop
     vertex  1.274340e+02 -1.053700e+02  1.595000e+00
     vertex  1.274340e+02 -1.053700e+02  4.135000e+00
     vertex  1.271800e+02 -1.051160e+02  4.135000e+00
   endloop
 endfacet
 facet normal  7.071068e-01  7.071068e-01  0.000000e+00
   outer loop
     vertex  1.269260e+02 -1.028300e+02  1.595000e+00
     vertex  1.271800e+02 -1.030840e+02  4.135000e+00
     vertex  1.271800e+02 -1.030840e+02  1.595000e+00
   endloop
 endfacet
 facet normal  7.071068e-01  7.071068e-01 -0.000000e+00
   outer loop
     vertex  1.269260e+02 -1.028300e+02  1.595000e+00
     vertex  1.269260e+02 -1.028300e+02  4.135000e+00
     vertex  1.271800e+02 -1.030840e+02  4.135000e+00
   endloop
 endfacet
 facet normal  0.000000e+00 -1.000000e+00  0.000000e+00
   outer loop
     vertex  1.294660e+02 -1.053700e+02  1.595000e+00
     vertex  1.274340e+02 -1.053700e+02  4.135000e+00
     vertex  1.274340e+02 -1.053700e+02  1.595000e+00
   endloop
 endfacet
 facet normal  0.000000e+00 -1.000000e+00  0.000000e+00
   outer loop
     vertex  1.294660e+02 -1.053700e+02  1.595000e+00
     vertex  1.294660e+02 -1.053700e+02  4.135000e+00
     vertex  1.274340e+02 -1.053700e+02  4.135000e+00
   endloop
 endfacet
 facet normal -7.071068e-01  7.071068e-01  0.000000e+00
   outer loop
     vertex  1.271800e+02 -1.030840e+02  1.595000e+00
     vertex  1.274340e+02 -1.028300e+02  4.135000e+00
     vertex  1.274340e+02 -1.028300e+02  1.595000e+00
   endloop
 endfacet
 facet normal -7.071068e-01  7.071068e-01  0.000000e+00
   outer loop
     vertex  1.271800e+02 -1.030840e+02  1.595000e+00
     vertex  1.271800e+02 -1.030840e+02  4.135000e+00
     vertex  1.274340e+02 -1.028300e+02  4.135000e+00
   endloop
 endfacet
 facet normal  7.071068e-01 -7.071068e-01  0.000000e+00
   outer loop
     vertex  1.297200e+02 -1.051160e+02  1.595000e+00
     vertex  1.294660e+02 -1.053700e+02  4.135000e+00
     vertex  1.294660e+02 -1.053700e+02  1.595000e+00
   endloop
 endfacet
 facet normal  7.071068e-01 -7.071068e-01  0.000000e+00
   outer loop
     vertex  1.297200e+02 -1.051160e+02  1.595000e+00
     vertex  1.297200e+02 -1.051160e+02  4.135000e+00
     vertex  1.294660e+02 -1.053700e+02  4.135000e+00
   endloop
 endfacet
 facet normal  0.000000e+00  1.000000e+00  0.000000e+00
   outer loop
     vertex  1.274340e+02 -1.028300e+02  1.595000e+00
     vertex  1.294660e+02 -1.028300e+02  4.135000e+00
     vertex  1.294660e+02 -1.028300e+02  1.595000e+00
   endloop
 endfacet
 facet normal  0.000000e+00  1.000000e+00  0.000000e+00
   outer loop
     vertex  1.274340e+02 -1.028300e+02  1.595000e+00
     vertex  1.274340e+02 -1.028300e+02  4.135000e+00
     vertex  1.294660e+02 -1.028300e+02  4.135000e+00
   endloop
 endfacet
 facet normal -7.071068e-01 -7.071068e-01  0.000000e+00
   outer loop
     vertex  1.299740e+02 -1.053700e+02  1.595000e+00
     vertex  1.297200e+02 -1.051160e+02  4.135000e+00
     vertex  1.297200e+02 -1.051160e+02  1.595000e+00
   endloop
 endfacet
 facet normal -7.071068e-01 -7.071068e-01  0.000000e+00
   outer loop
     vertex  1.299740e+02 -1.053700e+02  1.595000e+00
     vertex  1.299740e+02 -1.053700e+02  4.135000e+00
     vertex  1.297200e+02 -1.051160e+02  4.135000e+00
   endloop
 endfacet
 facet normal  7.071068e-01  7.071068e-01  0.000000e+00
   outer loop
     vertex  1.294660e+02 -1.028300e+02  1.595000e+00
     vertex  1.297200e+02 -1.030840e+02  4.135000e+00
     vertex  1.297200e+02 -1.030840e+02  1.595000e+00
   endloop
 endfacet
 facet normal  7.071068e-01  7.071068e-01 -0.000000e+00
   outer loop
     vertex  1.294660e+02 -1.028300e+02  1.595000e+00
     vertex  1.294660e+02 -1.028300e+02  4.135000e+00
     vertex  1.297200e+02 -1.030840e+02  4.135000e+00
   endloop
 endfacet
 facet normal  0.000000e+00 -1.000000e+00  0.000000e+00
   outer loop
     vertex  1.320060e+02 -1.053700e+02  1.595000e+00
     vertex  1.299740e+02 -1.053700e+02  4.135000e+00
     vertex  1.299740e+02 -1.053700e+02  1.595000e+00
   endloop
 endfacet
 facet normal  0.000000e+00 -1.000000e+00  0.000000e+00
   outer loop
     vertex  1.320060e+02 -1.053700e+02  1.595000e+00
     vertex  1.320060e+02 -1.053700e+02  4.135000e+00
     vertex  1.299740e+02 -1.053700e+02  4.135000e+00
   endloop
 endfacet
 facet normal -7.071068e-01  7.071068e-01  0.000000e+00
   outer loop
     vertex  1.297200e+02 -1.030840e+02  1.595000e+00
     vertex  1.299740e+02 -1.028300e+02  4.135000e+00
     vertex  1.299740e+02 -1.028300e+02  1.595000e+00
   endloop
 endfacet
 facet normal -7.071068e-01  7.071068e-01  0.000000e+00
   outer loop
     vertex  1.297200e+02 -1.030840e+02  1.595000e+00
     vertex  1.297200e+02 -1.030840e+02  4.135000e+00
     vertex  1.299740e+02 -1.028300e+02  4.135000e+00
   endloop
 endfacet
 facet normal  7.071068e-01 -7.071068e-01  0.000000e+00
   outer loop
     vertex  1.322600e+02 -1.051160e+02  1.595000e+00
     vertex  1.320060e+02 -1.053700e+02  4.135000e+00
     vertex  1.320060e+02 -1.053700e+02  1.595000e+00
   endloop
 endfacet
 facet normal  7.071068e-01 -7.071068e-01  0.000000e+00
   outer loop
     vertex  1.322600e+02 -1.051160e+02  1.595000e+00
     vertex  1.322600e+02 -1.051160e+02  4.135000e+00
     vertex  1.320060e+02 -1.053700e+02  4.135000e+00
   endloop
 endfacet
 facet normal  0.000000e+00  1.000000e+00  0.000000e+00
   outer loop
     vertex  1.299740e+02 -1.028300e+02  1.595000e+00
     vertex  1.320060e+02 -1.028300e+02  4.135000e+00
     vertex  1.320060e+02 -1.028300e+02  1.595000e+00
   endloop
 endfacet
 facet normal  0.000000e+00  1.000000e+00  0.000000e+00
   outer loop
     vertex  1.299740e+02 -1.028300e+02  1.595000e+00
     vertex  1.299740e+02 -1.028300e+02  4.135000e+00
     vertex  1.320060e+02 -1.028300e+02  4.135000e+00
   endloop
 endfacet
 facet normal -7.071068e-01 -7.071068e-01  0.000000e+00
   outer loop
     vertex  1.325140e+02 -1.053700e+02  1.595000e+00
     vertex  1.322600e+02 -1.051160e+02  4.135000e+00
     vertex  1.322600e+02 -1.051160e+02  1.595000e+00
   endloop
 endfacet
 facet normal -7.071068e-01 -7.071068e-01  0.000000e+00
   outer loop
     vertex  1.325140e+02 -1.053700e+02  1.595000e+00
     vertex  1.325140e+02 -1.053700e+02  4.135000e+00
     vertex  1.322600e+02 -1.051160e+02  4.135000e+00
   endloop
 endfacet
 facet normal  7.071068e-01  7.071068e-01  0.000000e+00
   outer loop
     vertex  1.320060e+02 -1.028300e+02  1.595000e+00
     vertex  1.322600e+02 -1.030840e+02  4.135000e+00
     vertex  1.322600e+02 -1.030840e+02  1.595000e+00
   endloop
 endfacet
 facet normal  7.071068e-01  7.071068e-01 -0.000000e+00
   outer loop
     vertex  1.320060e+02 -1.028300e+02  1.595000e+00
     vertex  1.320060e+02 -1.028300e+02  4.135000e+00
     vertex  1.322600e+02 -1.030840e+02  4.135000e+00
   endloop
 endfacet
 facet normal  0.000000e+00 -1.000000e+00  0.000000e+00
   outer loop
     vertex  1.345460e+02 -1.053700e+02  1.595000e+00
     vertex  1.325140e+02 -1.053700e+02  4.135000e+00
     vertex  1.325140e+02 -1.053700e+02  1.595000e+00
   endloop
 endfacet
 facet normal  0.000000e+00 -1.000000e+00  0.000000e+00
   outer loop
     vertex  1.345460e+02 -1.053700e+02  1.595000e+00
     vertex  1.345460e+02 -1.053700e+02  4.135000e+00
     vertex  1.325140e+02 -1.053700e+02  4.135000e+00
   endloop
 endfacet
 facet normal -7.071068e-01  7.071068e-01  0.000000e+00
   outer loop
     vertex  1.322600e+02 -1.030840e+02  1.595000e+00
     vertex  1.325140e+02 -1.028300e+02  4.135000e+00
     vertex  1.325140e+02 -1.028300e+02  1.595000e+00
   endloop
 endfacet
 facet normal -7.071068e-01  7.071068e-01  0.000000e+00
   outer loop
     vertex  1.322600e+02 -1.030840e+02  1.595000e+00
     vertex  1.322600e+02 -1.030840e+02  4.135000e+00
     vertex  1.325140e+02 -1.028300e+02  4.135000e+00
   endloop
 endfacet
 facet normal  7.071068e-01 -7.071068e-01  0.000000e+00
   outer loop
     vertex  1.348000e+02 -1.051160e+02  1.595000e+00
     vertex  1.345460e+02 -1.053700e+02  4.135000e+00
     vertex  1.345460e+02 -1.053700e+02  1.595000e+00
   endloop
 endfacet
 facet normal  7.071068e-01 -7.071068e-01  0.000000e+00
   outer loop
     vertex  1.348000e+02 -1.051160e+02  1.595000e+00
     vertex  1.348000e+02 -1.051160e+02  4.135000e+00
     vertex  1.345460e+02 -1.053700e+02  4.135000e+00
   endloop
 endfacet
 facet normal  0.000000e+00  1.000000e+00  0.000000e+00
   outer loop
     vertex  1.325140e+02 -1.028300e+02  1.595000e+00
     vertex  1.345460e+02 -1.028300e+02  4.135000e+00
     vertex  1.345460e+02 -1.028300e+02  1.595000e+00
   endloop
 endfacet
 facet normal  0.000000e+00  1.000000e+00  0.000000e+00
   outer loop
     vertex  1.325140e+02 -1.028300e+02  1.595000e+00
     vertex  1.325140e+02 -1.028300e+02  4.135000e+00
     vertex  1.345460e+02 -1.028300e+02  4.135000e+00
   endloop
 endfacet
 facet normal  1.000000e+00  0.000000e+00  0.000000e+00
   outer loop
     vertex  1.348000e+02 -1.030840e+02  1.595000e+00
     vertex  1.348000e+02 -1.051160e+02  4.135000e+00
     vertex  1.348000e+02 -1.051160e+02  1.595000e+00
   endloop
 endfacet
 facet normal  1.000000e+00  0.000000e+00 -0.000000e+00
   outer loop
     vertex  1.348000e+02 -1.030840e+02  1.595000e+00
     vertex  1.348000e+02 -1.030840e+02  4.135000e+00
     vertex  1.348000e+02 -1.051160e+02  4.135000e+00
   endloop
 endfacet
 facet normal  7.071068e-01  7.071068e-01  0.000000e+00
   outer loop
     vertex  1.345460e+02 -1.028300e+02  1.595000e+00
     vertex  1.348000e+02 -1.030840e+02  4.135000e+00
     vertex  1.348000e+02 -1.030840e+02  1.595000e+00
   endloop
 endfacet
 facet normal  7.071068e-01  7.071068e-01 -0.000000e+00
   outer loop
     vertex  1.345460e+02 -1.028300e+02  1.595000e+00
     vertex  1.345460e+02 -1.028300e+02  4.135000e+00
     vertex  1.348000e+02 -1.030840e+02  4.135000e+00
   endloop
 endfacet
 facet normal  0.000000e+00  1.000000e+00  0.000000e+00
   outer loop
     vertex  1.236900e+02 -1.037800e+02  1.595000e+00
     vertex  1.236900e+02 -1.037800e+02 -1.245000e+00
     vertex  1.230500e+02 -1.037800e+02 -1.245000e+00
   endloop
 endfacet
 facet normal  0.000000e+00  1.000000e+00  0.000000e+00
   outer loop
     vertex  1.236900e+02 -1.037800e+02  1.595000e+00
     vertex  1.230500e+02 -1.037800e+02 -1.245000e+00
     vertex  1.230500e+02 -1.037800e+02  1.595000e+00
   endloop
 endfacet
 facet normal -1.000000e+00  0.000000e+00 -0.000000e+00
   outer loop
     vertex  1.230500e+02 -1.037800e+02  1.595000e+00
     vertex  1.230500e+02 -1.037800e+02 -1.245000e+00
     vertex  1.230500e+02 -1.044200e+02 -1.245000e+00
   endloop
 endfacet
 facet normal -1.000000e+00 -0.000000e+00  0.000000e+00
   outer loop
     vertex  1.230500e+02 -1.037800e+02  1.595000e+00
     vertex  1.230500e+02 -1.044200e+02 -1.245000e+00
     vertex  1.230500e+02 -1.044200e+02  1.595000e+00
   endloop
 endfacet
 facet normal  0.000000e+00 -1.000000e+00 -0.000000e+00
   outer loop
     vertex  1.236900e+02 -1.044200e+02  1.595000e+00
     vertex  1.230500e+02 -1.044200e+02 -1.245000e+00
     vertex  1.236900e+02 -1.044200e+02 -1.245000e+00
   endloop
 endfacet
 facet normal -0.000000e+00 -1.000000e+00  0.000000e+00
   outer loop
     vertex  1.236900e+02 -1.044200e+02  1.595000e+00
     vertex  1.230500e+02 -1.044200e+02  1.595000e+00
     vertex  1.230500e+02 -1.044200e+02 -1.245000e+00
   endloop
 endfacet
 facet normal  1.000000e+00  0.000000e+00  0.000000e+00
   outer loop
     vertex  1.236900e+02 -1.037800e+02  1.595000e+00
     vertex  1.236900e+02 -1.044200e+02 -1.245000e+00
     vertex  1.236900e+02 -1.037800e+02 -1.245000e+00
   endloop
 endfacet
 facet normal  1.000000e+00  0.000000e+00  0.000000e+00
   outer loop
     vertex  1.236900e+02 -1.037800e+02  1.595000e+00
     vertex  1.236900e+02 -1.044200e+02  1.595000e+00
     vertex  1.236900e+02 -1.044200e+02 -1.245000e+00
   endloop
 endfacet
 facet normal -1.000000e+00  0.000000e+00 -0.000000e+00
   outer loop
     vertex  1.255900e+02 -1.037800e+02  1.595000e+00
     vertex  1.255900e+02 -1.037800e+02 -1.245000e+00
     vertex  1.255900e+02 -1.044200e+02 -1.245000e+00
   endloop
 endfacet
 facet normal -1.000000e+00 -0.000000e+00  0.000000e+00
   outer loop
     vertex  1.255900e+02 -1.037800e+02  1.595000e+00
     vertex  1.255900e+02 -1.044200e+02 -1.245000e+00
     vertex  1.255900e+02 -1.044200e+02  1.595000e+00
   endloop
 endfacet
 facet normal -2.220446e-14 -1.000000e+00 -0.000000e+00
   outer loop
     vertex  1.262300e+02 -1.044200e+02  1.595000e+00
     vertex  1.255900e+02 -1.044200e+02 -1.245000e+00
     vertex  1.262300e+02 -1.044200e+02 -1.245000e+00
   endloop
 endfacet
 facet normal -2.220446e-14 -1.000000e+00  0.000000e+00
   outer loop
     vertex  1.262300e+02 -1.044200e+02  1.595000e+00
     vertex  1.255900e+02 -1.044200e+02  1.595000e+00
     vertex  1.255900e+02 -1.044200e+02 -1.245000e+00
   endloop
 endfacet
 facet normal  1.000000e+00  0.000000e+00  0.000000e+00
   outer loop
     vertex  1.262300e+02 -1.037800e+02  1.595000e+00
     vertex  1.262300e+02 -1.044200e+02 -1.245000e+00
     vertex  1.262300e+02 -1.037800e+02 -1.245000e+00
   endloop
 endfacet
 facet normal  1.000000e+00  0.000000e+00  0.000000e+00
   outer loop
     vertex  1.262300e+02 -1.037800e+02  1.595000e+00
     vertex  1.262300e+02 -1.044200e+02  1.595000e+00
     vertex  1.262300e+02 -1.044200e+02 -1.245000e+00
   endloop
 endfacet
 facet normal  0.000000e+00  1.000000e+00  0.000000e+00
   outer loop
     vertex  1.262300e+02 -1.037800e+02  1.595000e+00
     vertex  1.262300e+02 -1.037800e+02 -1.245000e+00
     vertex  1.255900e+02 -1.037800e+02 -1.245000e+00
   endloop
 endfacet
 facet normal  0.000000e+00  1.000000e+00  0.000000e+00
   outer loop
     vertex  1.262300e+02 -1.037800e+02  1.595000e+00
     vertex  1.255900e+02 -1.037800e+02 -1.245000e+00
     vertex  1.255900e+02 -1.037800e+02  1.595000e+00
   endloop
 endfacet
 facet normal -1.000000e+00  0.000000e+00 -0.000000e+00
   outer loop
     vertex  1.281300e+02 -1.037800e+02  1.595000e+00
     vertex  1.281300e+02 -1.037800e+02 -1.245000e+00
     vertex  1.281300e+02 -1.044200e+02 -1.245000e+00
   endloop
 endfacet
 facet normal -1.000000e+00 -0.000000e+00  0.000000e+00
   outer loop
     vertex  1.281300e+02 -1.037800e+02  1.595000e+00
     vertex  1.281300e+02 -1.044200e+02 -1.245000e+00
     vertex  1.281300e+02 -1.044200e+02  1.595000e+00
   endloop
 endfacet
 facet normal  0.000000e+00 -1.000000e+00 -0.000000e+00
   outer loop
     vertex  1.287700e+02 -1.044200e+02  1.595000e+00
     vertex  1.281300e+02 -1.044200e+02 -1.245000e+00
     vertex  1.287700e+02 -1.044200e+02 -1.245000e+00
   endloop
 endfacet
 facet normal -0.000000e+00 -1.000000e+00  0.000000e+00
   outer loop
     vertex  1.287700e+02 -1.044200e+02  1.595000e+00
     vertex  1.281300e+02 -1.044200e+02  1.595000e+00
     vertex  1.281300e+02 -1.044200e+02 -1.245000e+00
   endloop
 endfacet
 facet normal  1.000000e+00  0.000000e+00  0.000000e+00
   outer loop
     vertex  1.287700e+02 -1.037800e+02  1.595000e+00
     vertex  1.287700e+02 -1.044200e+02 -1.245000e+00
     vertex  1.287700e+02 -1.037800e+02 -1.245000e+00
   endloop
 endfacet
 facet normal  1.000000e+00  0.000000e+00  0.000000e+00
   outer loop
     vertex  1.287700e+02 -1.037800e+02  1.595000e+00
     vertex  1.287700e+02 -1.044200e+02  1.595000e+00
     vertex  1.287700e+02 -1.044200e+02 -1.245000e+00
   endloop
 endfacet
 facet normal  0.000000e+00  1.000000e+00  0.000000e+00
   outer loop
     vertex  1.287700e+02 -1.037800e+02  1.595000e+00
     vertex  1.287700e+02 -1.037800e+02 -1.245000e+00
     vertex  1.281300e+02 -1.037800e+02 -1.245000e+00
   endloop
 endfacet
 facet normal  0.000000e+00  1.000000e+00  0.000000e+00
   outer loop
     vertex  1.287700e+02 -1.037800e+02  1.595000e+00
     vertex  1.281300e+02 -1.037800e+02 -1.245000e+00
     vertex  1.281300e+02 -1.037800e+02  1.595000e+00
   endloop
 endfacet
 facet normal -1.000000e+00  0.000000e+00 -0.000000e+00
   outer loop
     vertex  1.332100e+02 -1.037800e+02  1.595000e+00
     vertex  1.332100e+02 -1.037800e+02 -1.245000e+00
     vertex  1.332100e+02 -1.044200e+02 -1.245000e+00
   endloop
 endfacet
 facet normal -1.000000e+00 -0.000000e+00  0.000000e+00
   outer loop
     vertex  1.332100e+02 -1.037800e+02  1.595000e+00
     vertex  1.332100e+02 -1.044200e+02 -1.245000e+00
     vertex  1.332100e+02 -1.044200e+02  1.595000e+00
   endloop
 endfacet
 facet normal  0.000000e+00 -1.000000e+00 -0.000000e+00
   outer loop
     vertex  1.338500e+02 -1.044200e+02  1.595000e+00
     vertex  1.332100e+02 -1.044200e+02 -1.245000e+00
     vertex  1.338500e+02 -1.044200e+02 -1.245000e+00
   endloop
 endfacet
 facet normal -0.000000e+00 -1.000000e+00  0.000000e+00
   outer loop
     vertex  1.338500e+02 -1.044200e+02  1.595000e+00
     vertex  1.332100e+02 -1.044200e+02  1.595000e+00
     vertex  1.332100e+02 -1.044200e+02 -1.245000e+00
   endloop
 endfacet
 facet normal  1.000000e+00  0.000000e+00  0.000000e+00
   outer loop
     vertex  1.338500e+02 -1.037800e+02  1.595000e+00
     vertex  1.338500e+02 -1.044200e+02 -1.245000e+00
     vertex  1.338500e+02 -1.037800e+02 -1.245000e+00
   endloop
 endfacet
 facet normal  1.000000e+00  0.000000e+00  0.000000e+00
   outer loop
     vertex  1.338500e+02 -1.037800e+02  1.595000e+00
     vertex  1.338500e+02 -1.044200e+02  1.595000e+00
     vertex  1.338500e+02 -1.044200e+02 -1.245000e+00
   endloop
 endfacet
 facet normal  0.000000e+00  1.000000e+00  0.000000e+00
   outer loop
     vertex  1.338500e+02 -1.037800e+02  1.595000e+00
     vertex  1.338500e+02 -1.037800e+02 -1.245000e+00
     vertex  1.332100e+02 -1.037800e+02 -1.245000e+00
   endloop
 endfacet
 facet normal  0.000000e+00  1.000000e+00  0.000000e+00
   outer loop
     vertex  1.338500e+02 -1.037800e+02  1.595000e+00
     vertex  1.332100e+02 -1.037800e+02 -1.245000e+00
     vertex  1.332100e+02 -1.037800e+02  1.595000e+00
   endloop
 endfacet
 facet normal  1.000000e+00  0.000000e+00  0.000000e+00
   outer loop
     vertex  1.313100e+02 -1.037800e+02  1.595000e+00
     vertex  1.313100e+02 -1.044200e+02 -1.245000e+00
     vertex  1.313100e+02 -1.037800e+02 -1.245000e+00
   endloop
 endfacet
 facet normal  1.000000e+00  0.000000e+00  0.000000e+00
   outer loop
     vertex  1.313100e+02 -1.037800e+02  1.595000e+00
     vertex  1.313100e+02 -1.044200e+02  1.595000e+00
     vertex  1.313100e+02 -1.044200e+02 -1.245000e+00
   endloop
 endfacet
 facet normal  0.000000e+00  1.000000e+00  0.000000e+00
   outer loop
     vertex  1.313100e+02 -1.037800e+02  1.595000e+00
     vertex  1.313100e+02 -1.037800e+02 -1.245000e+00
     vertex  1.306700e+02 -1.037800e+02 -1.245000e+00
   endloop
 endfacet
 facet normal  0.000000e+00  1.000000e+00  0.000000e+00
   outer loop
     vertex  1.313100e+02 -1.037800e+02  1.595000e+00
     vertex  1.306700e+02 -1.037800e+02 -1.245000e+00
     vertex  1.306700e+02 -1.037800e+02  1.595000e+00
   endloop
 endfacet
 facet normal -1.000000e+00  0.000000e+00 -0.000000e+00
   outer loop
     vertex  1.306700e+02 -1.037800e+02  1.595000e+00
     vertex  1.306700e+02 -1.037800e+02 -1.245000e+00
     vertex  1.306700e+02 -1.044200e+02 -1.245000e+00
   endloop
 endfacet
 facet normal -1.000000e+00 -0.000000e+00  0.000000e+00
   outer loop
     vertex  1.306700e+02 -1.037800e+02  1.595000e+00
     vertex  1.306700e+02 -1.044200e+02 -1.245000e+00
     vertex  1.306700e+02 -1.044200e+02  1.595000e+00
   endloop
 endfacet
 facet normal  0.000000e+00 -1.000000e+00 -0.000000e+00
   outer loop
     vertex  1.313100e+02 -1.044200e+02  1.595000e+00
     vertex  1.306700e+02 -1.044200e+02 -1.245000e+00
     vertex  1.313100e+02 -1.044200e+02 -1.245000e+00
   endloop
 endfacet
 facet normal -0.000000e+00 -1.000000e+00  0.000000e+00
   outer loop
     vertex  1.313100e+02 -1.044200e+02  1.595000e+00
     vertex  1.306700e+02 -1.044200e+02  1.595000e+00
     vertex  1.306700e+02 -1.044200e+02 -1.245000e+00
   endloop
 endfacet
 facet normal  0.000000e+00  1.000000e+00  0.000000e+00
   outer loop
     vertex  1.236900e+02 -1.037800e+02  9.975000e+00
     vertex  1.236900e+02 -1.037800e+02  4.135000e+00
     vertex  1.230500e+02 -1.037800e+02  4.135000e+00
   endloop
 endfacet
 facet normal  0.000000e+00  1.000000e+00  0.000000e+00
   outer loop
     vertex  1.236900e+02 -1.037800e+02  9.975000e+00
     vertex  1.230500e+02 -1.037800e+02  4.135000e+00
     vertex  1.230500e+02 -1.037800e+02  9.975000e+00
   endloop
 endfacet
 facet normal -1.000000e+00  0.000000e+00 -0.000000e+00
   outer loop
     vertex  1.230500e+02 -1.037800e+02  9.975000e+00
     vertex  1.230500e+02 -1.037800e+02  4.135000e+00
     vertex  1.230500e+02 -1.044200e+02  4.135000e+00
   endloop
 endfacet
 facet normal -1.000000e+00 -0.000000e+00  0.000000e+00
   outer loop
     vertex  1.230500e+02 -1.037800e+02  9.975000e+00
     vertex  1.230500e+02 -1.044200e+02  4.135000e+00
     vertex  1.230500e+02 -1.044200e+02  9.975000e+00
   endloop
 endfacet
 facet normal  0.000000e+00 -1.000000e+00 -0.000000e+00
   outer loop
     vertex  1.236900e+02 -1.044200e+02  9.975000e+00
     vertex  1.230500e+02 -1.044200e+02  4.135000e+00
     vertex  1.236900e+02 -1.044200e+02  4.135000e+00
   endloop
 endfacet
 facet normal -0.000000e+00 -1.000000e+00  0.000000e+00
   outer loop
     vertex  1.236900e+02 -1.044200e+02  9.975000e+00
     vertex  1.230500e+02 -1.044200e+02  9.975000e+00
     vertex  1.230500e+02 -1.044200e+02  4.135000e+00
   endloop
 endfacet
 facet normal  1.000000e+00  0.000000e+00  0.000000e+00
   outer loop
     vertex  1.236900e+02 -1.037800e+02  9.975000e+00
     vertex  1.236900e+02 -1.044200e+02  4.135000e+00
     vertex  1.236900e+02 -1.037800e+02  4.135000e+00
   endloop
 endfacet
 facet normal  1.000000e+00  0.000000e+00  0.000000e+00
   outer loop
     vertex  1.236900e+02 -1.037800e+02  9.975000e+00
     vertex  1.236900e+02 -1.044200e+02  9.975000e+00
     vertex  1.236900e+02 -1.044200e+02  4.135000e+00
   endloop
 endfacet
 facet normal -1.000000e+00  0.000000e+00 -0.000000e+00
   outer loop
     vertex  1.255900e+02 -1.037800e+02  9.975000e+00
     vertex  1.255900e+02 -1.037800e+02  4.135000e+00
     vertex  1.255900e+02 -1.044200e+02  4.135000e+00
   endloop
 endfacet
 facet normal -1.000000e+00 -0.000000e+00  0.000000e+00
   outer loop
     vertex  1.255900e+02 -1.037800e+02  9.975000e+00
     vertex  1.255900e+02 -1.044200e+02  4.135000e+00
     vertex  1.255900e+02 -1.044200e+02  9.975000e+00
   endloop
 endfacet
 facet normal -2.220446e-14 -1.000000e+00 -0.000000e+00
   outer loop
     vertex  1.262300e+02 -1.044200e+02  9.975000e+00
     vertex  1.255900e+02 -1.044200e+02  4.135000e+00
     vertex  1.262300e+02 -1.044200e+02  4.135000e+00
   endloop
 endfacet
 facet normal -2.220446e-14 -1.000000e+00  0.000000e+00
   outer loop
     vertex  1.262300e+02 -1.044200e+02  9.975000e+00
     vertex  1.255900e+02 -1.044200e+02  9.975000e+00
     vertex  1.255900e+02 -1.044200e+02  4.135000e+00
   endloop
 endfacet
 facet normal  1.000000e+00  0.000000e+00  0.000000e+00
   outer loop
     vertex  1.262300e+02 -1.037800e+02  9.975000e+00
     vertex  1.262300e+02 -1.044200e+02  4.135000e+00
     vertex  1.262300e+02 -1.037800e+02  4.135000e+00
   endloop
 endfacet
 facet normal  1.000000e+00  0.000000e+00  0.000000e+00
   outer loop
     vertex  1.262300e+02 -1.037800e+02  9.975000e+00
     vertex  1.262300e+02 -1.044200e+02  9.975000e+00
     vertex  1.262300e+02 -1.044200e+02  4.135000e+00
   endloop
 endfacet
 facet normal  0.000000e+00  1.000000e+00  0.000000e+00
   outer loop
     vertex  1.262300e+02 -1.037800e+02  9.975000e+00
     vertex  1.262300e+02 -1.037800e+02  4.135000e+00
     vertex  1.255900e+02 -1.037800e+02  4.135000e+00
   endloop
 endfacet
 facet normal  0.000000e+00  1.000000e+00  0.000000e+00
   outer loop
     vertex  1.262300e+02 -1.037800e+02  9.975000e+00
     vertex  1.255900e+02 -1.037800e+02  4.135000e+00
     vertex  1.255900e+02 -1.037800e+02  9.975000e+00
   endloop
 endfacet
 facet normal -1.000000e+00  0.000000e+00 -0.000000e+00
   outer loop
     vertex  1.281300e+02 -1.037800e+02  9.975000e+00
     vertex  1.281300e+02 -1.037800e+02  4.135000e+00
     vertex  1.281300e+02 -1.044200e+02  4.135000e+00
   endloop
 endfacet
 facet normal -1.000000e+00 -0.000000e+00  0.000000e+00
   outer loop
     vertex  1.281300e+02 -1.037800e+02  9.975000e+00
     vertex  1.281300e+02 -1.044200e+02  4.135000e+00
     vertex  1.281300e+02 -1.044200e+02  9.975000e+00
   endloop
 endfacet
 facet normal  0.000000e+00 -1.000000e+00 -0.000000e+00
   outer loop
     vertex  1.287700e+02 -1.044200e+02  9.975000e+00
     vertex  1.281300e+02 -1.044200e+02  4.135000e+00
     vertex  1.287700e+02 -1.044200e+02  4.135000e+00
   endloop
 endfacet
 facet normal -0.000000e+00 -1.000000e+00  0.000000e+00
   outer loop
     vertex  1.287700e+02 -1.044200e+02  9.975000e+00
     vertex  1.281300e+02 -1.044200e+02  9.975000e+00
     vertex  1.281300e+02 -1.044200e+02  4.135000e+00
   endloop
 endfacet
 facet normal  1.000000e+00  0.000000e+00  0.000000e+00
   outer loop
     vertex  1.287700e+02 -1.037800e+02  9.975000e+00
     vertex  1.287700e+02 -1.044200e+02  4.135000e+00
     vertex  1.287700e+02 -1.037800e+02  4.135000e+00
   endloop
 endfacet
 facet normal  1.000000e+00  0.000000e+00  0.000000e+00
   outer loop
     vertex  1.287700e+02 -1.037800e+02  9.975000e+00
     vertex  1.287700e+02 -1.044200e+02  9.975000e+00
     vertex  1.287700e+02 -1.044200e+02  4.135000e+00
   endloop
 endfacet
 facet normal  0.000000e+00  1.000000e+00  0.000000e+00
   outer loop
     vertex  1.287700e+02 -1.037800e+02  9.975000e+00
     vertex  1.287700e+02 -1.037800e+02  4.135000e+00
     vertex  1.281300e+02 -1.037800e+02  4.135000e+00
   endloop
 endfacet
 facet normal  0.000000e+00  1.000000e+00  0.000000e+00
   outer loop
     vertex  1.287700e+02 -1.037800e+02  9.975000e+00
     vertex  1.281300e+02 -1.037800e+02  4.135000e+00
     vertex  1.281300e+02 -1.037800e+02  9.975000e+00
   endloop
 endfacet
 facet normal -1.000000e+00  0.000000e+00 -0.000000e+00
   outer loop
     vertex  1.332100e+02 -1.037800e+02  9.975000e+00
     vertex  1.332100e+02 -1.037800e+02  4.135000e+00
     vertex  1.332100e+02 -1.044200e+02  4.135000e+00
   endloop
 endfacet
 facet normal -1.000000e+00 -0.000000e+00  0.000000e+00
   outer loop
     vertex  1.332100e+02 -1.037800e+02  9.975000e+00
     vertex  1.332100e+02 -1.044200e+02  4.135000e+00
     vertex  1.332100e+02 -1.044200e+02  9.975000e+00
   endloop
 endfacet
 facet normal  0.000000e+00 -1.000000e+00 -0.000000e+00
   outer loop
     vertex  1.338500e+02 -1.044200e+02  9.975000e+00
     vertex  1.332100e+02 -1.044200e+02  4.135000e+00
     vertex  1.338500e+02 -1.044200e+02  4.135000e+00
   endloop
 endfacet
 facet normal -0.000000e+00 -1.000000e+00  0.000000e+00
   outer loop
     vertex  1.338500e+02 -1.044200e+02  9.975000e+00
     vertex  1.332100e+02 -1.044200e+02  9.975000e+00
     vertex  1.332100e+02 -1.044200e+02  4.135000e+00
   endloop
 endfacet
 facet normal  1.000000e+00  0.000000e+00  0.000000e+00
   outer loop
     vertex  1.338500e+02 -1.037800e+02  9.975000e+00
     vertex  1.338500e+02 -1.044200e+02  4.135000e+00
     vertex  1.338500e+02 -1.037800e+02  4.135000e+00
   endloop
 endfacet
 facet normal  1.000000e+00  0.000000e+00  0.000000e+00
   outer loop
     vertex  1.338500e+02 -1.037800e+02  9.975000e+00
     vertex  1.338500e+02 -1.044200e+02  9.975000e+00
     vertex  1.338500e+02 -1.044200e+02  4.135000e+00
   endloop
 endfacet
 facet normal  0.000000e+00  1.000000e+00  0.000000e+00
   outer loop
     vertex  1.338500e+02 -1.037800e+02  9.975000e+00
     vertex  1.338500e+02 -1.037800e+02  4.135000e+00
     vertex  1.332100e+02 -1.037800e+02  4.135000e+00
   endloop
 endfacet
 facet normal  0.000000e+00  1.000000e+00  0.000000e+00
   outer loop
     vertex  1.338500e+02 -1.037800e+02  9.975000e+00
     vertex  1.332100e+02 -1.037800e+02  4.135000e+00
     vertex  1.332100e+02 -1.037800e+02  9.975000e+00
   endloop
 endfacet
 facet normal  1.000000e+00  0.000000e+00  0.000000e+00
   outer loop
     vertex  1.313100e+02 -1.037800e+02  9.975000e+00
     vertex  1.313100e+02 -1.044200e+02  4.135000e+00
     vertex  1.313100e+02 -1.037800e+02  4.135000e+00
   endloop
 endfacet
 facet normal  1.000000e+00  0.000000e+00  0.000000e+00
   outer loop
     vertex  1.313100e+02 -1.037800e+02  9.975000e+00
     vertex  1.313100e+02 -1.044200e+02  9.975000e+00
     vertex  1.313100e+02 -1.044200e+02  4.135000e+00
   endloop
 endfacet
 facet normal  0.000000e+00  1.000000e+00  0.000000e+00
   outer loop
     vertex  1.313100e+02 -1.037800e+02  9.975000e+00
     vertex  1.313100e+02 -1.037800e+02  4.135000e+00
     vertex  1.306700e+02 -1.037800e+02  4.135000e+00
   endloop
 endfacet
 facet normal  0.000000e+00  1.000000e+00  0.000000e+00
   outer loop
     vertex  1.313100e+02 -1.037800e+02  9.975000e+00
     vertex  1.306700e+02 -1.037800e+02  4.135000e+00
     vertex  1.306700e+02 -1.037800e+02  9.975000e+00
   endloop
 endfacet
 facet normal -1.000000e+00  0.000000e+00 -0.000000e+00
   outer loop
     vertex  1.306700e+02 -1.037800e+02  9.975000e+00
     vertex  1.306700e+02 -1.037800e+02  4.135000e+00
     vertex  1.306700e+02 -1.044200e+02  4.135000e+00
   endloop
 endfacet
 facet normal -1.000000e+00 -0.000000e+00  0.000000e+00
   outer loop
     vertex  1.306700e+02 -1.037800e+02  9.975000e+00
     vertex  1.306700e+02 -1.044200e+02  4.135000e+00
     vertex  1.306700e+02 -1.044200e+02  9.975000e+00
   endloop
 endfacet
 facet normal  0.000000e+00 -1.000000e+00 -0.000000e+00
   outer loop
     vertex  1.313100e+02 -1.044200e+02  9.975000e+00
     vertex  1.306700e+02 -1.044200e+02  4.135000e+00
     vertex  1.313100e+02 -1.044200e+02  4.135000e+00
   endloop
 endfacet
 facet normal -0.000000e+00 -1.000000e+00  0.000000e+00
   outer loop
     vertex  1.313100e+02 -1.044200e+02  9.975000e+00
     vertex  1.306700e+02 -1.044200e+02  9.975000e+00
     vertex  1.306700e+02 -1.044200e+02  4.135000e+00
   endloop
 endfacet
 facet normal  0.000000e+00  7.071068e-01 -7.071068e-01
   outer loop
     vertex  1.232100e+02 -1.039400e+02 -1.405000e+00
     vertex  1.236900e+02 -1.037800e+02 -1.245000e+00
     vertex  1.235300e+02 -1.039400e+02 -1.405000e+00
   endloop
 endfacet
 facet normal  0.000000e+00  7.071068e-01 -7.071068e-01
   outer loop
     vertex  1.232100e+02 -1.039400e+02 -1.405000e+00
     vertex  1.230500e+02 -1.037800e+02 -1.245000e+00
     vertex  1.236900e+02 -1.037800e+02 -1.245000e+00
   endloop
 endfacet
 facet normal -7.071068e-01  0.000000e+00 -7.071068e-01
   outer loop
     vertex  1.232100e+02 -1.042600e+02 -1.405000e+00
     vertex  1.230500e+02 -1.037800e+02 -1.245000e+00
     vertex  1.232100e+02 -1.039400e+02 -1.405000e+00
   endloop
 endfacet
 facet normal -7.071068e-01  0.000000e+00 -7.071068e-01
   outer loop
     vertex  1.232100e+02 -1.042600e+02 -1.405000e+00
     vertex  1.230500e+02 -1.044200e+02 -1.245000e+00
     vertex  1.230500e+02 -1.037800e+02 -1.245000e+00
   endloop
 endfacet
 facet normal  0.000000e+00 -7.071068e-01 -7.071068e-01
   outer loop
     vertex  1.232100e+02 -1.042600e+02 -1.405000e+00
     vertex  1.235300e+02 -1.042600e+02 -1.405000e+00
     vertex  1.236900e+02 -1.044200e+02 -1.245000e+00
   endloop
 endfacet
 facet normal  0.000000e+00 -7.071068e-01 -7.071068e-01
   outer loop
     vertex  1.232100e+02 -1.042600e+02 -1.405000e+00
     vertex  1.236900e+02 -1.044200e+02 -1.245000e+00
     vertex  1.230500e+02 -1.044200e+02 -1.245000e+00
   endloop
 endfacet
 facet normal  7.071068e-01  0.000000e+00 -7.071068e-01
   outer loop
     vertex  1.235300e+02 -1.042600e+02 -1.405000e+00
     vertex  1.235300e+02 -1.039400e+02 -1.405000e+00
     vertex  1.236900e+02 -1.037800e+02 -1.245000e+00
   endloop
 endfacet
 facet normal  7.071068e-01  0.000000e+00 -7.071068e-01
   outer loop
     vertex  1.235300e+02 -1.042600e+02 -1.405000e+00
     vertex  1.236900e+02 -1.037800e+02 -1.245000e+00
     vertex  1.236900e+02 -1.044200e+02 -1.245000e+00
   endloop
 endfacet
 facet normal -7.071068e-01  0.000000e+00 -7.071068e-01
   outer loop
     vertex  1.257500e+02 -1.042600e+02 -1.405000e+00
     vertex  1.255900e+02 -1.037800e+02 -1.245000e+00
     vertex  1.257500e+02 -1.039400e+02 -1.405000e+00
   endloop
 endfacet
 facet normal -7.071068e-01  0.000000e+00 -7.071068e-01
   outer loop
     vertex  1.257500e+02 -1.042600e+02 -1.405000e+00
     vertex  1.255900e+02 -1.044200e+02 -1.245000e+00
     vertex  1.255900e+02 -1.037800e+02 -1.245000e+00
   endloop
 endfacet
 facet normal  0.000000e+00 -7.071068e-01 -7.071068e-01
   outer loop
     vertex  1.257500e+02 -1.042600e+02 -1.405000e+00
     vertex  1.260700e+02 -1.042600e+02 -1.405000e+00
     vertex  1.262300e+02 -1.044200e+02 -1.245000e+00
   endloop
 endfacet
 facet normal -1.569230e-14 -7.071068e-01 -7.071068e-01
   outer loop
     vertex  1.257500e+02 -1.042600e+02 -1.405000e+00
     vertex  1.262300e+02 -1.044200e+02 -1.245000e+00
     vertex  1.255900e+02 -1.044200e+02 -1.245000e+00
   endloop
 endfacet
 facet normal  7.071068e-01  0.000000e+00 -7.071068e-01
   outer loop
     vertex  1.260700e+02 -1.042600e+02 -1.405000e+00
     vertex  1.260700e+02 -1.039400e+02 -1.405000e+00
     vertex  1.262300e+02 -1.037800e+02 -1.245000e+00
   endloop
 endfacet
 facet normal  7.071068e-01  0.000000e+00 -7.071068e-01
   outer loop
     vertex  1.260700e+02 -1.042600e+02 -1.405000e+00
     vertex  1.262300e+02 -1.037800e+02 -1.245000e+00
     vertex  1.262300e+02 -1.044200e+02 -1.245000e+00
   endloop
 endfacet
 facet normal  0.000000e+00  7.071068e-01 -7.071068e-01
   outer loop
     vertex  1.255900e+02 -1.037800e+02 -1.245000e+00
     vertex  1.262300e+02 -1.037800e+02 -1.245000e+00
     vertex  1.260700e+02 -1.039400e+02 -1.405000e+00
   endloop
 endfacet
 facet normal  0.000000e+00  7.071068e-01 -7.071068e-01
   outer loop
     vertex  1.257500e+02 -1.039400e+02 -1.405000e+00
     vertex  1.255900e+02 -1.037800e+02 -1.245000e+00
     vertex  1.260700e+02 -1.039400e+02 -1.405000e+00
   endloop
 endfacet
 facet normal -7.071068e-01  0.000000e+00 -7.071068e-01
   outer loop
     vertex  1.282900e+02 -1.042600e+02 -1.405000e+00
     vertex  1.281300e+02 -1.037800e+02 -1.245000e+00
     vertex  1.282900e+02 -1.039400e+02 -1.405000e+00
   endloop
 endfacet
 facet normal -7.071068e-01  0.000000e+00 -7.071068e-01
   outer loop
     vertex  1.282900e+02 -1.042600e+02 -1.405000e+00
     vertex  1.281300e+02 -1.044200e+02 -1.245000e+00
     vertex  1.281300e+02 -1.037800e+02 -1.245000e+00
   endloop
 endfacet
 facet normal  0.000000e+00 -7.071068e-01 -7.071068e-01
   outer loop
     vertex  1.282900e+02 -1.042600e+02 -1.405000e+00
     vertex  1.286100e+02 -1.042600e+02 -1.405000e+00
     vertex  1.287700e+02 -1.044200e+02 -1.245000e+00
   endloop
 endfacet
 facet normal  0.000000e+00 -7.071068e-01 -7.071068e-01
   outer loop
     vertex  1.282900e+02 -1.042600e+02 -1.405000e+00
     vertex  1.287700e+02 -1.044200e+02 -1.245000e+00
     vertex  1.281300e+02 -1.044200e+02 -1.245000e+00
   endloop
 endfacet
 facet normal  7.071068e-01  0.000000e+00 -7.071068e-01
   outer loop
     vertex  1.286100e+02 -1.042600e+02 -1.405000e+00
     vertex  1.286100e+02 -1.039400e+02 -1.405000e+00
     vertex  1.287700e+02 -1.037800e+02 -1.245000e+00
   endloop
 endfacet
 facet normal  7.071068e-01  0.000000e+00 -7.071068e-01
   outer loop
     vertex  1.286100e+02 -1.042600e+02 -1.405000e+00
     vertex  1.287700e+02 -1.037800e+02 -1.245000e+00
     vertex  1.287700e+02 -1.044200e+02 -1.245000e+00
   endloop
 endfacet
 facet normal  0.000000e+00  7.071068e-01 -7.071068e-01
   outer loop
     vertex  1.281300e+02 -1.037800e+02 -1.245000e+00
     vertex  1.287700e+02 -1.037800e+02 -1.245000e+00
     vertex  1.286100e+02 -1.039400e+02 -1.405000e+00
   endloop
 endfacet
 facet normal  0.000000e+00  7.071068e-01 -7.071068e-01
   outer loop
     vertex  1.282900e+02 -1.039400e+02 -1.405000e+00
     vertex  1.281300e+02 -1.037800e+02 -1.245000e+00
     vertex  1.286100e+02 -1.039400e+02 -1.405000e+00
   endloop
 endfacet
 facet normal -7.071068e-01  0.000000e+00 -7.071068e-01
   outer loop
     vertex  1.332100e+02 -1.044200e+02 -1.245000e+00
     vertex  1.332100e+02 -1.037800e+02 -1.245000e+00
     vertex  1.333700e+02 -1.039400e+02 -1.405000e+00
   endloop
 endfacet
 facet normal -7.071068e-01  0.000000e+00 -7.071068e-01
   outer loop
     vertex  1.333700e+02 -1.042600e+02 -1.405000e+00
     vertex  1.332100e+02 -1.044200e+02 -1.245000e+00
     vertex  1.333700e+02 -1.039400e+02 -1.405000e+00
   endloop
 endfacet
 facet normal  0.000000e+00 -7.071068e-01 -7.071068e-01
   outer loop
     vertex  1.333700e+02 -1.042600e+02 -1.405000e+00
     vertex  1.336900e+02 -1.042600e+02 -1.405000e+00
     vertex  1.338500e+02 -1.044200e+02 -1.245000e+00
   endloop
 endfacet
 facet normal  0.000000e+00 -7.071068e-01 -7.071068e-01
   outer loop
     vertex  1.333700e+02 -1.042600e+02 -1.405000e+00
     vertex  1.338500e+02 -1.044200e+02 -1.245000e+00
     vertex  1.332100e+02 -1.044200e+02 -1.245000e+00
   endloop
 endfacet
 facet normal  7.071068e-01  0.000000e+00 -7.071068e-01
   outer loop
     vertex  1.338500e+02 -1.044200e+02 -1.245000e+00
     vertex  1.336900e+02 -1.039400e+02 -1.405000e+00
     vertex  1.338500e+02 -1.037800e+02 -1.245000e+00
   endloop
 endfacet
 facet normal  7.071068e-01  0.000000e+00 -7.071068e-01
   outer loop
     vertex  1.336900e+02 -1.042600e+02 -1.405000e+00
     vertex  1.336900e+02 -1.039400e+02 -1.405000e+00
     vertex  1.338500e+02 -1.044200e+02 -1.245000e+00
   endloop
 endfacet
 facet normal  0.000000e+00  7.071068e-01 -7.071068e-01
   outer loop
     vertex  1.333700e+02 -1.039400e+02 -1.405000e+00
     vertex  1.338500e+02 -1.037800e+02 -1.245000e+00
     vertex  1.336900e+02 -1.039400e+02 -1.405000e+00
   endloop
 endfacet
 facet normal  0.000000e+00  7.071068e-01 -7.071068e-01
   outer loop
     vertex  1.333700e+02 -1.039400e+02 -1.405000e+00
     vertex  1.332100e+02 -1.037800e+02 -1.245000e+00
     vertex  1.338500e+02 -1.037800e+02 -1.245000e+00
   endloop
 endfacet
 facet normal  7.071068e-01  0.000000e+00 -7.071068e-01
   outer loop
     vertex  1.311500e+02 -1.042600e+02 -1.405000e+00
     vertex  1.311500e+02 -1.039400e+02 -1.405000e+00
     vertex  1.313100e+02 -1.037800e+02 -1.245000e+00
   endloop
 endfacet
 facet normal  7.071068e-01  0.000000e+00 -7.071068e-01
   outer loop
     vertex  1.311500e+02 -1.042600e+02 -1.405000e+00
     vertex  1.313100e+02 -1.037800e+02 -1.245000e+00
     vertex  1.313100e+02 -1.044200e+02 -1.245000e+00
   endloop
 endfacet
 facet normal  0.000000e+00  7.071068e-01 -7.071068e-01
   outer loop
     vertex  1.306700e+02 -1.037800e+02 -1.245000e+00
     vertex  1.313100e+02 -1.037800e+02 -1.245000e+00
     vertex  1.311500e+02 -1.039400e+02 -1.405000e+00
   endloop
 endfacet
 facet normal  0.000000e+00  7.071068e-01 -7.071068e-01
   outer loop
     vertex  1.308300e+02 -1.039400e+02 -1.405000e+00
     vertex  1.306700e+02 -1.037800e+02 -1.245000e+00
     vertex  1.311500e+02 -1.039400e+02 -1.405000e+00
   endloop
 endfacet
 facet normal -7.071068e-01  0.000000e+00 -7.071068e-01
   outer loop
     vertex  1.308300e+02 -1.042600e+02 -1.405000e+00
     vertex  1.306700e+02 -1.037800e+02 -1.245000e+00
     vertex  1.308300e+02 -1.039400e+02 -1.405000e+00
   endloop
 endfacet
 facet normal -7.071068e-01  0.000000e+00 -7.071068e-01
   outer loop
     vertex  1.308300e+02 -1.042600e+02 -1.405000e+00
     vertex  1.306700e+02 -1.044200e+02 -1.245000e+00
     vertex  1.306700e+02 -1.037800e+02 -1.245000e+00
   endloop
 endfacet
 facet normal  0.000000e+00 -7.071068e-01 -7.071068e-01
   outer loop
     vertex  1.308300e+02 -1.042600e+02 -1.405000e+00
     vertex  1.311500e+02 -1.042600e+02 -1.405000e+00
     vertex  1.313100e+02 -1.044200e+02 -1.245000e+00
   endloop
 endfacet
 facet normal  0.000000e+00 -7.071068e-01 -7.071068e-01
   outer loop
     vertex  1.308300e+02 -1.042600e+02 -1.405000e+00
     vertex  1.313100e+02 -1.044200e+02 -1.245000e+00
     vertex  1.306700e+02 -1.044200e+02 -1.245000e+00
   endloop
 endfacet
 facet normal -0.000000e+00  7.071068e-01  7.071068e-01
   outer loop
     vertex  1.232100e+02 -1.039400e+02  1.013500e+01
     vertex  1.235300e+02 -1.039400e+02  1.013500e+01
     vertex  1.236900e+02 -1.037800e+02  9.975000e+00
   endloop
 endfacet
 facet normal  0.000000e+00  7.071068e-01  7.071068e-01
   outer loop
     vertex  1.232100e+02 -1.039400e+02  1.013500e+01
     vertex  1.236900e+02 -1.037800e+02  9.975000e+00
     vertex  1.230500e+02 -1.037800e+02  9.975000e+00
   endloop
 endfacet
 facet normal -7.071068e-01  0.000000e+00  7.071068e-01
   outer loop
     vertex  1.232100e+02 -1.042600e+02  1.013500e+01
     vertex  1.232100e+02 -1.039400e+02  1.013500e+01
     vertex  1.230500e+02 -1.037800e+02  9.975000e+00
   endloop
 endfacet
 facet normal -7.071068e-01  0.000000e+00  7.071068e-01
   outer loop
     vertex  1.232100e+02 -1.042600e+02  1.013500e+01
     vertex  1.230500e+02 -1.037800e+02  9.975000e+00
     vertex  1.230500e+02 -1.044200e+02  9.975000e+00
   endloop
 endfacet
 facet normal  0.000000e+00 -7.071068e-01  7.071068e-01
   outer loop
     vertex  1.232100e+02 -1.042600e+02  1.013500e+01
     vertex  1.236900e+02 -1.044200e+02  9.975000e+00
     vertex  1.235300e+02 -1.042600e+02  1.013500e+01
   endloop
 endfacet
 facet normal  0.000000e+00 -7.071068e-01  7.071068e-01
   outer loop
     vertex  1.232100e+02 -1.042600e+02  1.013500e+01
     vertex  1.230500e+02 -1.044200e+02  9.975000e+00
     vertex  1.236900e+02 -1.044200e+02  9.975000e+00
   endloop
 endfacet
 facet normal  7.071068e-01 -0.000000e+00  7.071068e-01
   outer loop
     vertex  1.236900e+02 -1.044200e+02  9.975000e+00
     vertex  1.236900e+02 -1.037800e+02  9.975000e+00
     vertex  1.235300e+02 -1.039400e+02  1.013500e+01
   endloop
 endfacet
 facet normal  7.071068e-01 -0.000000e+00  7.071068e-01
   outer loop
     vertex  1.235300e+02 -1.042600e+02  1.013500e+01
     vertex  1.236900e+02 -1.044200e+02  9.975000e+00
     vertex  1.235300e+02 -1.039400e+02  1.013500e+01
   endloop
 endfacet
 facet normal -7.071068e-01  0.000000e+00  7.071068e-01
   outer loop
     vertex  1.257500e+02 -1.042600e+02  1.013500e+01
     vertex  1.257500e+02 -1.039400e+02  1.013500e+01
     vertex  1.255900e+02 -1.037800e+02  9.975000e+00
   endloop
 endfacet
 facet normal -7.071068e-01  0.000000e+00  7.071068e-01
   outer loop
     vertex  1.257500e+02 -1.042600e+02  1.013500e+01
     vertex  1.255900e+02 -1.037800e+02  9.975000e+00
     vertex  1.255900e+02 -1.044200e+02  9.975000e+00
   endloop
 endfacet
 facet normal  0.000000e+00 -7.071068e-01  7.071068e-01
   outer loop
     vertex  1.257500e+02 -1.042600e+02  1.013500e+01
     vertex  1.262300e+02 -1.044200e+02  9.975000e+00
     vertex  1.260700e+02 -1.042600e+02  1.013500e+01
   endloop
 endfacet
 facet normal -1.569230e-14 -7.071068e-01  7.071068e-01
   outer loop
     vertex  1.257500e+02 -1.042600e+02  1.013500e+01
     vertex  1.255900e+02 -1.044200e+02  9.975000e+00
     vertex  1.262300e+02 -1.044200e+02  9.975000e+00
   endloop
 endfacet
 facet normal  7.071068e-01 -0.000000e+00  7.071068e-01
   outer loop
     vertex  1.260700e+02 -1.042600e+02  1.013500e+01
     vertex  1.262300e+02 -1.037800e+02  9.975000e+00
     vertex  1.260700e+02 -1.039400e+02  1.013500e+01
   endloop
 endfacet
 facet normal  7.071068e-01  0.000000e+00  7.071068e-01
   outer loop
     vertex  1.260700e+02 -1.042600e+02  1.013500e+01
     vertex  1.262300e+02 -1.044200e+02  9.975000e+00
     vertex  1.262300e+02 -1.037800e+02  9.975000e+00
   endloop
 endfacet
 facet normal -0.000000e+00  7.071068e-01  7.071068e-01
   outer loop
     vertex  1.255900e+02 -1.037800e+02  9.975000e+00
     vertex  1.260700e+02 -1.039400e+02  1.013500e+01
     vertex  1.262300e+02 -1.037800e+02  9.975000e+00
   endloop
 endfacet
 facet normal -0.000000e+00  7.071068e-01  7.071068e-01
   outer loop
     vertex  1.257500e+02 -1.039400e+02  1.013500e+01
     vertex  1.260700e+02 -1.039400e+02  1.013500e+01
     vertex  1.255900e+02 -1.037800e+02  9.975000e+00
   endloop
 endfacet
 facet normal -7.071068e-01  0.000000e+00  7.071068e-01
   outer loop
     vertex  1.282900e+02 -1.042600e+02  1.013500e+01
     vertex  1.282900e+02 -1.039400e+02  1.013500e+01
     vertex  1.281300e+02 -1.037800e+02  9.975000e+00
   endloop
 endfacet
 facet normal -7.071068e-01  0.000000e+00  7.071068e-01
   outer loop
     vertex  1.282900e+02 -1.042600e+02  1.013500e+01
     vertex  1.281300e+02 -1.037800e+02  9.975000e+00
     vertex  1.281300e+02 -1.044200e+02  9.975000e+00
   endloop
 endfacet
 facet normal  0.000000e+00 -7.071068e-01  7.071068e-01
   outer loop
     vertex  1.282900e+02 -1.042600e+02  1.013500e+01
     vertex  1.287700e+02 -1.044200e+02  9.975000e+00
     vertex  1.286100e+02 -1.042600e+02  1.013500e+01
   endloop
 endfacet
 facet normal  0.000000e+00 -7.071068e-01  7.071068e-01
   outer loop
     vertex  1.282900e+02 -1.042600e+02  1.013500e+01
     vertex  1.281300e+02 -1.044200e+02  9.975000e+00
     vertex  1.287700e+02 -1.044200e+02  9.975000e+00
   endloop
 endfacet
 facet normal  7.071068e-01 -0.000000e+00  7.071068e-01
   outer loop
     vertex  1.287700e+02 -1.044200e+02  9.975000e+00
     vertex  1.287700e+02 -1.037800e+02  9.975000e+00
     vertex  1.286100e+02 -1.039400e+02  1.013500e+01
   endloop
 endfacet
 facet normal  7.071068e-01 -0.000000e+00  7.071068e-01
   outer loop
     vertex  1.286100e+02 -1.042600e+02  1.013500e+01
     vertex  1.287700e+02 -1.044200e+02  9.975000e+00
     vertex  1.286100e+02 -1.039400e+02  1.013500e+01
   endloop
 endfacet
 facet normal -0.000000e+00  7.071068e-01  7.071068e-01
   outer loop
     vertex  1.281300e+02 -1.037800e+02  9.975000e+00
     vertex  1.286100e+02 -1.039400e+02  1.013500e+01
     vertex  1.287700e+02 -1.037800e+02  9.975000e+00
   endloop
 endfacet
 facet normal -0.000000e+00  7.071068e-01  7.071068e-01
   outer loop
     vertex  1.282900e+02 -1.039400e+02  1.013500e+01
     vertex  1.286100e+02 -1.039400e+02  1.013500e+01
     vertex  1.281300e+02 -1.037800e+02  9.975000e+00
   endloop
 endfacet
 facet normal -7.071068e-01  0.000000e+00  7.071068e-01
   outer loop
     vertex  1.332100e+02 -1.044200e+02  9.975000e+00
     vertex  1.333700e+02 -1.039400e+02  1.013500e+01
     vertex  1.332100e+02 -1.037800e+02  9.975000e+00
   endloop
 endfacet
 facet normal -7.071068e-01  0.000000e+00  7.071068e-01
   outer loop
     vertex  1.333700e+02 -1.042600e+02  1.013500e+01
     vertex  1.333700e+02 -1.039400e+02  1.013500e+01
     vertex  1.332100e+02 -1.044200e+02  9.975000e+00
   endloop
 endfacet
 facet normal  0.000000e+00 -7.071068e-01  7.071068e-01
   outer loop
     vertex  1.333700e+02 -1.042600e+02  1.013500e+01
     vertex  1.338500e+02 -1.044200e+02  9.975000e+00
     vertex  1.336900e+02 -1.042600e+02  1.013500e+01
   endloop
 endfacet
 facet normal  0.000000e+00 -7.071068e-01  7.071068e-01
   outer loop
     vertex  1.333700e+02 -1.042600e+02  1.013500e+01
     vertex  1.332100e+02 -1.044200e+02  9.975000e+00
     vertex  1.338500e+02 -1.044200e+02  9.975000e+00
   endloop
 endfacet
 facet normal  7.071068e-01 -0.000000e+00  7.071068e-01
   outer loop
     vertex  1.338500e+02 -1.044200e+02  9.975000e+00
     vertex  1.338500e+02 -1.037800e+02  9.975000e+00
     vertex  1.336900e+02 -1.039400e+02  1.013500e+01
   endloop
 endfacet
 facet normal  7.071068e-01 -0.000000e+00  7.071068e-01
   outer loop
     vertex  1.336900e+02 -1.042600e+02  1.013500e+01
     vertex  1.338500e+02 -1.044200e+02  9.975000e+00
     vertex  1.336900e+02 -1.039400e+02  1.013500e+01
   endloop
 endfacet
 facet normal -0.000000e+00  7.071068e-01  7.071068e-01
   outer loop
     vertex  1.333700e+02 -1.039400e+02  1.013500e+01
     vertex  1.336900e+02 -1.039400e+02  1.013500e+01
     vertex  1.338500e+02 -1.037800e+02  9.975000e+00
   endloop
 endfacet
 facet normal  0.000000e+00  7.071068e-01  7.071068e-01
   outer loop
     vertex  1.333700e+02 -1.039400e+02  1.013500e+01
     vertex  1.338500e+02 -1.037800e+02  9.975000e+00
     vertex  1.332100e+02 -1.037800e+02  9.975000e+00
   endloop
 endfacet
 facet normal  7.071068e-01 -0.000000e+00  7.071068e-01
   outer loop
     vertex  1.313100e+02 -1.044200e+02  9.975000e+00
     vertex  1.313100e+02 -1.037800e+02  9.975000e+00
     vertex  1.311500e+02 -1.039400e+02  1.013500e+01
   endloop
 endfacet
 facet normal  7.071068e-01 -0.000000e+00  7.071068e-01
   outer loop
     vertex  1.311500e+02 -1.042600e+02  1.013500e+01
     vertex  1.313100e+02 -1.044200e+02  9.975000e+00
     vertex  1.311500e+02 -1.039400e+02  1.013500e+01
   endloop
 endfacet
 facet normal -0.000000e+00  7.071068e-01  7.071068e-01
   outer loop
     vertex  1.306700e+02 -1.037800e+02  9.975000e+00
     vertex  1.311500e+02 -1.039400e+02  1.013500e+01
     vertex  1.313100e+02 -1.037800e+02  9.975000e+00
   endloop
 endfacet
 facet normal -0.000000e+00  7.071068e-01  7.071068e-01
   outer loop
     vertex  1.308300e+02 -1.039400e+02  1.013500e+01
     vertex  1.311500e+02 -1.039400e+02  1.013500e+01
     vertex  1.306700e+02 -1.037800e+02  9.975000e+00
   endloop
 endfacet
 facet normal -7.071068e-01  0.000000e+00  7.071068e-01
   outer loop
     vertex  1.308300e+02 -1.042600e+02  1.013500e+01
     vertex  1.308300e+02 -1.039400e+02  1.013500e+01
     vertex  1.306700e+02 -1.037800e+02  9.975000e+00
   endloop
 endfacet
 facet normal -7.071068e-01  0.000000e+00  7.071068e-01
   outer loop
     vertex  1.308300e+02 -1.042600e+02  1.013500e+01
     vertex  1.306700e+02 -1.037800e+02  9.975000e+00
     vertex  1.306700e+02 -1.044200e+02  9.975000e+00
   endloop
 endfacet
 facet normal  0.000000e+00 -7.071068e-01  7.071068e-01
   outer loop
     vertex  1.308300e+02 -1.042600e+02  1.013500e+01
     vertex  1.313100e+02 -1.044200e+02  9.975000e+00
     vertex  1.311500e+02 -1.042600e+02  1.013500e+01
   endloop
 endfacet
 facet normal  0.000000e+00 -7.071068e-01  7.071068e-01
   outer loop
     vertex  1.308300e+02 -1.042600e+02  1.013500e+01
     vertex  1.306700e+02 -1.044200e+02  9.975000e+00
     vertex  1.313100e+02 -1.044200e+02  9.975000e+00
   endloop
 endfacet
 facet normal  0.000000e+00  0.000000e+00 -1.000000e+00
   outer loop
     vertex  1.232100e+02 -1.039400e+02 -1.405000e+00
     vertex  1.235300e+02 -1.039400e+02 -1.405000e+00
     vertex  1.235300e+02 -1.042600e+02 -1.405000e+00
   endloop
 endfacet
 facet normal  0.000000e+00  0.000000e+00 -1.000000e+00
   outer loop
     vertex  1.232100e+02 -1.039400e+02 -1.405000e+00
     vertex  1.235300e+02 -1.042600e+02 -1.405000e+00
     vertex  1.232100e+02 -1.042600e+02 -1.405000e+00
   endloop
 endfacet
 facet normal  0.000000e+00  0.000000e+00 -1.000000e+00
   outer loop
     vertex  1.257500e+02 -1.039400e+02 -1.405000e+00
     vertex  1.260700e+02 -1.039400e+02 -1.405000e+00
     vertex  1.260700e+02 -1.042600e+02 -1.405000e+00
   endloop
 endfacet
 facet normal  0.000000e+00  0.000000e+00 -1.000000e+00
   outer loop
     vertex  1.257500e+02 -1.039400e+02 -1.405000e+00
     vertex  1.260700e+02 -1.042600e+02 -1.405000e+00
     vertex  1.257500e+02 -1.042600e+02 -1.405000e+00
   endloop
 endfacet
 facet normal  0.000000e+00  0.000000e+00 -1.000000e+00
   outer loop
     vertex  1.282900e+02 -1.039400e+02 -1.405000e+00
     vertex  1.286100e+02 -1.039400e+02 -1.405000e+00
     vertex  1.286100e+02 -1.042600e+02 -1.405000e+00
   endloop
 endfacet
 facet normal  0.000000e+00  0.000000e+00 -1.000000e+00
   outer loop
     vertex  1.282900e+02 -1.039400e+02 -1.405000e+00
     vertex  1.286100e+02 -1.042600e+02 -1.405000e+00
     vertex  1.282900e+02 -1.042600e+02 -1.405000e+00
   endloop
 endfacet
 facet normal  0.000000e+00  0.000000e+00 -1.000000e+00
   outer loop
     vertex  1.333700e+02 -1.039400e+02 -1.405000e+00
     vertex  1.336900e+02 -1.039400e+02 -1.405000e+00
     vertex  1.336900e+02 -1.042600e+02 -1.405000e+00
   endloop
 endfacet
 facet normal  0.000000e+00  0.000000e+00 -1.000000e+00
   outer loop
     vertex  1.333700e+02 -1.039400e+02 -1.405000e+00
     vertex  1.336900e+02 -1.042600e+02 -1.405000e+00
     vertex  1.333700e+02 -1.042600e+02 -1.405000e+00
   endloop
 endfacet
 facet normal  0.000000e+00  0.000000e+00 -1.000000e+00
   outer loop
     vertex  1.308300e+02 -1.039400e+02 -1.405000e+00
     vertex  1.311500e+02 -1.039400e+02 -1.405000e+00
     vertex  1.311500e+02 -1.042600e+02 -1.405000e+00
   endloop
 endfacet
 facet normal  0.000000e+00  0.000000e+00 -1.000000e+00
   outer loop
     vertex  1.308300e+02 -1.039400e+02 -1.405000e+00
     vertex  1.311500e+02 -1.042600e+02 -1.405000e+00
     vertex  1.308300e+02 -1.042600e+02 -1.405000e+00
   endloop
 endfacet
 facet normal  0.000000e+00  0.000000e+00  1.000000e+00
   outer loop
     vertex  1.232100e+02 -1.039400e+02  1.013500e+01
     vertex  1.232100e+02 -1.042600e+02  1.013500e+01
     vertex  1.235300e+02 -1.042600e+02  1.013500e+01
   endloop
 endfacet
 facet normal -0.000000e+00  0.000000e+00  1.000000e+00
   outer loop
     vertex  1.232100e+02 -1.039400e+02  1.013500e+01
     vertex  1.235300e+02 -1.042600e+02  1.013500e+01
     vertex  1.235300e+02 -1.039400e+02  1.013500e+01
   endloop
 endfacet
 facet normal  0.000000e+00  0.000000e+00  1.000000e+00
   outer loop
     vertex  1.257500e+02 -1.039400e+02  1.013500e+01
     vertex  1.257500e+02 -1.042600e+02  1.013500e+01
     vertex  1.260700e+02 -1.042600e+02  1.013500e+01
   endloop
 endfacet
 facet normal -0.000000e+00  0.000000e+00  1.000000e+00
   outer loop
     vertex  1.257500e+02 -1.039400e+02  1.013500e+01
     vertex  1.260700e+02 -1.042600e+02  1.013500e+01
     vertex  1.260700e+02 -1.039400e+02  1.013500e+01
   endloop
 endfacet
 facet normal  0.000000e+00  0.000000e+00  1.000000e+00
   outer loop
     vertex  1.282900e+02 -1.039400e+02  1.013500e+01
     vertex  1.282900e+02 -1.042600e+02  1.013500e+01
     vertex  1.286100e+02 -1.042600e+02  1.013500e+01
   endloop
 endfacet
 facet normal -0.000000e+00  0.000000e+00  1.000000e+00
   outer loop
     vertex  1.282900e+02 -1.039400e+02  1.013500e+01
     vertex  1.286100e+02 -1.042600e+02  1.013500e+01
     vertex  1.286100e+02 -1.039400e+02  1.013500e+01
   endloop
 endfacet
 facet normal  0.000000e+00  0.000000e+00  1.000000e+00
   outer loop
     vertex  1.333700e+02 -1.039400e+02  1.013500e+01
     vertex  1.333700e+02 -1.042600e+02  1.013500e+01
     vertex  1.336900e+02 -1.042600e+02  1.013500e+01
   endloop
 endfacet
 facet normal -0.000000e+00  0.000000e+00  1.000000e+00
   outer loop
     vertex  1.333700e+02 -1.039400e+02  1.013500e+01
     vertex  1.336900e+02 -1.042600e+02  1.013500e+01
     vertex  1.336900e+02 -1.039400e+02  1.013500e+01
   endloop
 endfacet
 facet normal  0.000000e+00  0.000000e+00  1.000000e+00
   outer loop
     vertex  1.308300e+02 -1.039400e+02  1.013500e+01
     vertex  1.308300e+02 -1.042600e+02  1.013500e+01
     vertex  1.311500e+02 -1.042600e+02  1.013500e+01
   endloop
 endfacet
 facet normal -0.000000e+00  0.000000e+00  1.000000e+00
   outer loop
     vertex  1.308300e+02 -1.039400e+02  1.013500e+01
     vertex  1.311500e+02 -1.042600e+02  1.013500e+01
     vertex  1.311500e+02 -1.039400e+02  1.013500e+01
   endloop
 endfacet
 facet normal  1.000000e+00  0.000000e+00  0.000000e+00
   outer loop
     vertex  1.422500e+02 -1.022250e+02  0.000000e+00
     vertex  1.422500e+02 -8.157500e+01  0.000000e+00
     vertex  1.422500e+02 -8.157500e+01  1.510000e+00
   endloop
 endfacet
 facet normal  1.000000e+00  0.000000e+00  0.000000e+00
   outer loop
     vertex  1.422500e+02 -1.022250e+02  0.000000e+00
     vertex  1.422500e+02 -8.157500e+01  1.510000e+00
     vertex  1.422500e+02 -1.022250e+02  1.510000e+00
   endloop
 endfacet
 facet normal  1.000000e+00  0.000000e+00  0.000000e+00
   outer loop
     vertex  1.422500e+02 -8.157500e+01  0.000000e+00
     vertex  1.422500e+02 -7.522500e+01  0.000000e+00
     vertex  1.422500e+02 -7.522500e+01  1.510000e+00
   endloop
 endfacet
 facet normal  1.000000e+00  0.000000e+00  0.000000e+00
   outer loop
     vertex  1.422500e+02 -8.157500e+01  0.000000e+00
     vertex  1.422500e+02 -7.522500e+01  1.510000e+00
     vertex  1.422500e+02 -8.157500e+01  1.510000e+00
   endloop
 endfacet
 facet normal  3.829640e-04 -9.999999e-01  0.000000e+00
   outer loop
     vertex  1.379023e+02 -1.022267e+02  0.000000e+00
     vertex  1.422500e+02 -1.022250e+02  0.000000e+00
     vertex  1.422500e+02 -1.022250e+02  1.510000e+00
   endloop
 endfacet
 facet normal  3.829640e-04 -9.999999e-01  0.000000e+00
   outer loop
     vertex  1.379023e+02 -1.022267e+02  0.000000e+00
     vertex  1.422500e+02 -1.022250e+02  1.510000e+00
     vertex  1.379023e+02 -1.022267e+02  1.510000e+00
   endloop
 endfacet
 facet normal -0.000000e+00  0.000000e+00 -1.000000e+00
   outer loop
     vertex  1.172250e+02 -1.006343e+02  0.000000e+00
     vertex  1.152500e+02 -1.022250e+02  0.000000e+00
     vertex  1.170075e+02 -1.004675e+02  0.000000e+00
   endloop
 endfacet
 facet normal  0.000000e+00 -0.000000e+00 -1.000000e+00
   outer loop
     vertex  1.168407e+02 -1.002500e+02  0.000000e+00
     vertex  1.170075e+02 -1.004675e+02  0.000000e+00
     vertex  1.152500e+02 -1.022250e+02  0.000000e+00
   endloop
 endfacet
 facet normal -0.000000e+00  0.000000e+00 -1.000000e+00
   outer loop
     vertex  1.174782e+02 -1.007392e+02  0.000000e+00
     vertex  1.152500e+02 -1.022250e+02  0.000000e+00
     vertex  1.172250e+02 -1.006343e+02  0.000000e+00
   endloop
 endfacet
 facet normal  0.000000e+00 -0.000000e+00 -1.000000e+00
   outer loop
     vertex  1.167358e+02 -9.999676e+01  0.000000e+00
     vertex  1.168407e+02 -1.002500e+02  0.000000e+00
     vertex  1.152500e+02 -1.022250e+02  0.000000e+00
   endloop
 endfacet
 facet normal  0.000000e+00  0.000000e+00 -1.000000e+00
   outer loop
     vertex  1.190000e+02 -1.022250e+02  0.000000e+00
     vertex  1.152500e+02 -1.022250e+02  0.000000e+00
     vertex  1.174782e+02 -1.007392e+02  0.000000e+00
   endloop
 endfacet
 facet normal -0.000000e+00 -0.000000e+00 -1.000000e+00
   outer loop
     vertex  1.177500e+02 -1.007750e+02  0.000000e+00
     vertex  1.190000e+02 -1.022250e+02  0.000000e+00
     vertex  1.174782e+02 -1.007392e+02  0.000000e+00
   endloop
 endfacet
 facet normal  0.000000e+00 -0.000000e+00 -1.000000e+00
   outer loop
     vertex  1.167000e+02 -9.972500e+01  0.000000e+00
     vertex  1.167358e+02 -9.999676e+01  0.000000e+00
     vertex  1.152500e+02 -1.022250e+02  0.000000e+00
   endloop
 endfacet
 facet normal  0.000000e+00 -0.000000e+00 -1.000000e+00
   outer loop
     vertex  1.180218e+02 -1.007392e+02  0.000000e+00
     vertex  1.190000e+02 -1.022250e+02  0.000000e+00
     vertex  1.177500e+02 -1.007750e+02  0.000000e+00
   endloop
 endfacet
 facet normal  0.000000e+00  0.000000e+00 -1.000000e+00
   outer loop
     vertex  1.167358e+02 -9.945324e+01  0.000000e+00
     vertex  1.167000e+02 -9.972500e+01  0.000000e+00
     vertex  1.152500e+02 -1.022250e+02  0.000000e+00
   endloop
 endfacet
 facet normal  0.000000e+00 -0.000000e+00 -1.000000e+00
   outer loop
     vertex  1.182750e+02 -1.006343e+02  0.000000e+00
     vertex  1.190000e+02 -1.022250e+02  0.000000e+00
     vertex  1.180218e+02 -1.007392e+02  0.000000e+00
   endloop
 endfacet
 facet normal  0.000000e+00 -0.000000e+00 -1.000000e+00
   outer loop
     vertex  1.184925e+02 -1.004675e+02  0.000000e+00
     vertex  1.190000e+02 -1.022250e+02  0.000000e+00
     vertex  1.182750e+02 -1.006343e+02  0.000000e+00
   endloop
 endfacet
 facet normal  0.000000e+00 -0.000000e+00 -1.000000e+00
   outer loop
     vertex  1.186593e+02 -1.002500e+02  0.000000e+00
     vertex  1.190000e+02 -1.022250e+02  0.000000e+00
     vertex  1.184925e+02 -1.004675e+02  0.000000e+00
   endloop
 endfacet
 facet normal -0.000000e+00  0.000000e+00 -1.000000e+00
   outer loop
     vertex  1.231200e+02 -1.045330e+02  0.000000e+00
     vertex  1.216000e+02 -1.058750e+02  0.000000e+00
     vertex  1.230164e+02 -1.044536e+02  0.000000e+00
   endloop
 endfacet
 facet normal  0.000000e+00 -0.000000e+00 -1.000000e+00
   outer loop
     vertex  1.229370e+02 -1.043500e+02  0.000000e+00
     vertex  1.230164e+02 -1.044536e+02  0.000000e+00
     vertex  1.216000e+02 -1.058750e+02  0.000000e+00
   endloop
 endfacet
 facet normal -0.000000e+00  0.000000e+00 -1.000000e+00
   outer loop
     vertex  1.232406e+02 -1.045830e+02  0.000000e+00
     vertex  1.216000e+02 -1.058750e+02  0.000000e+00
     vertex  1.231200e+02 -1.045330e+02  0.000000e+00
   endloop
 endfacet
 facet normal  0.000000e+00 -0.000000e+00 -1.000000e+00
   outer loop
     vertex  1.228870e+02 -1.042294e+02  0.000000e+00
     vertex  1.229370e+02 -1.043500e+02  0.000000e+00
     vertex  1.216000e+02 -1.058750e+02  0.000000e+00
   endloop
 endfacet
 facet normal  0.000000e+00 -0.000000e+00 -1.000000e+00
   outer loop
     vertex  1.187642e+02 -9.999676e+01  0.000000e+00
     vertex  1.190000e+02 -1.022250e+02  0.000000e+00
     vertex  1.186593e+02 -1.002500e+02  0.000000e+00
   endloop
 endfacet
 facet normal -0.000000e+00  0.000000e+00 -1.000000e+00
   outer loop
     vertex  1.233700e+02 -1.046000e+02  0.000000e+00
     vertex  1.216000e+02 -1.058750e+02  0.000000e+00
     vertex  1.232406e+02 -1.045830e+02  0.000000e+00
   endloop
 endfacet
 facet normal -0.000000e+00  0.000000e+00 -1.000000e+00
   outer loop
     vertex  1.228700e+02 -1.041000e+02  0.000000e+00
     vertex  1.216000e+02 -1.058750e+02  0.000000e+00
     vertex  1.190000e+02 -1.022250e+02  0.000000e+00
   endloop
 endfacet
 facet normal  0.000000e+00 -0.000000e+00 -1.000000e+00
   outer loop
     vertex  1.228700e+02 -1.041000e+02  0.000000e+00
     vertex  1.228870e+02 -1.042294e+02  0.000000e+00
     vertex  1.216000e+02 -1.058750e+02  0.000000e+00
   endloop
 endfacet
 facet normal  0.000000e+00  0.000000e+00 -1.000000e+00
   outer loop
     vertex  1.234994e+02 -1.045830e+02  0.000000e+00
     vertex  1.216000e+02 -1.058750e+02  0.000000e+00
     vertex  1.233700e+02 -1.046000e+02  0.000000e+00
   endloop
 endfacet
 facet normal -0.000000e+00  0.000000e+00 -1.000000e+00
   outer loop
     vertex  1.228870e+02 -1.039706e+02  0.000000e+00
     vertex  1.228700e+02 -1.041000e+02  0.000000e+00
     vertex  1.190000e+02 -1.022250e+02  0.000000e+00
   endloop
 endfacet
 facet normal -0.000000e+00  0.000000e+00 -1.000000e+00
   outer loop
     vertex  1.229370e+02 -1.038500e+02  0.000000e+00
     vertex  1.228870e+02 -1.039706e+02  0.000000e+00
     vertex  1.190000e+02 -1.022250e+02  0.000000e+00
   endloop
 endfacet
 facet normal -0.000000e+00  0.000000e+00 -1.000000e+00
   outer loop
     vertex  1.230164e+02 -1.037464e+02  0.000000e+00
     vertex  1.229370e+02 -1.038500e+02  0.000000e+00
     vertex  1.190000e+02 -1.022250e+02  0.000000e+00
   endloop
 endfacet
 facet normal -0.000000e+00  0.000000e+00 -1.000000e+00
   outer loop
     vertex  1.231200e+02 -1.036670e+02  0.000000e+00
     vertex  1.230164e+02 -1.037464e+02  0.000000e+00
     vertex  1.190000e+02 -1.022250e+02  0.000000e+00
   endloop
 endfacet
 facet normal  0.000000e+00  0.000000e+00 -1.000000e+00
   outer loop
     vertex  1.256600e+02 -1.045330e+02  0.000000e+00
     vertex  1.237236e+02 -1.044536e+02  0.000000e+00
     vertex  1.255564e+02 -1.044536e+02  0.000000e+00
   endloop
 endfacet
 facet normal  0.000000e+00  0.000000e+00 -1.000000e+00
   outer loop
     vertex  1.256600e+02 -1.045330e+02  0.000000e+00
     vertex  1.236200e+02 -1.045330e+02  0.000000e+00
     vertex  1.237236e+02 -1.044536e+02  0.000000e+00
   endloop
 endfacet
 facet normal -0.000000e+00  0.000000e+00 -1.000000e+00
   outer loop
     vertex  1.256600e+02 -1.045330e+02  0.000000e+00
     vertex  1.234994e+02 -1.045830e+02  0.000000e+00
     vertex  1.236200e+02 -1.045330e+02  0.000000e+00
   endloop
 endfacet
 facet normal  0.000000e+00 -0.000000e+00 -1.000000e+00
   outer loop
     vertex  1.254770e+02 -1.043500e+02  0.000000e+00
     vertex  1.255564e+02 -1.044536e+02  0.000000e+00
     vertex  1.237236e+02 -1.044536e+02  0.000000e+00
   endloop
 endfacet
 facet normal -0.000000e+00  0.000000e+00 -1.000000e+00
   outer loop
     vertex  1.254770e+02 -1.043500e+02  0.000000e+00
     vertex  1.237236e+02 -1.044536e+02  0.000000e+00
     vertex  1.238030e+02 -1.043500e+02  0.000000e+00
   endloop
 endfacet
 facet normal  0.000000e+00  0.000000e+00 -1.000000e+00
   outer loop
     vertex  1.257806e+02 -1.045830e+02  0.000000e+00
     vertex  1.234994e+02 -1.045830e+02  0.000000e+00
     vertex  1.256600e+02 -1.045330e+02  0.000000e+00
   endloop
 endfacet
 facet normal -0.000000e+00  0.000000e+00 -1.000000e+00
   outer loop
     vertex  1.257806e+02 -1.045830e+02  0.000000e+00
     vertex  1.216000e+02 -1.058750e+02  0.000000e+00
     vertex  1.234994e+02 -1.045830e+02  0.000000e+00
   endloop
 endfacet
 facet normal  0.000000e+00 -0.000000e+00 -1.000000e+00
   outer loop
     vertex  1.254270e+02 -1.042294e+02  0.000000e+00
     vertex  1.254770e+02 -1.043500e+02  0.000000e+00
     vertex  1.238030e+02 -1.043500e+02  0.000000e+00
   endloop
 endfacet
 facet normal -0.000000e+00  0.000000e+00 -1.000000e+00
   outer loop
     vertex  1.254270e+02 -1.042294e+02  0.000000e+00
     vertex  1.238030e+02 -1.043500e+02  0.000000e+00
     vertex  1.238530e+02 -1.042294e+02  0.000000e+00
   endloop
 endfacet
 facet normal -0.000000e+00  0.000000e+00 -1.000000e+00
   outer loop
     vertex  1.259100e+02 -1.046000e+02  0.000000e+00
     vertex  1.216000e+02 -1.058750e+02  0.000000e+00
     vertex  1.257806e+02 -1.045830e+02  0.000000e+00
   endloop
 endfacet
 facet normal  0.000000e+00 -0.000000e+00 -1.000000e+00
   outer loop
     vertex  1.254100e+02 -1.041000e+02  0.000000e+00
     vertex  1.254270e+02 -1.042294e+02  0.000000e+00
     vertex  1.238530e+02 -1.042294e+02  0.000000e+00
   endloop
 endfacet
 facet normal -0.000000e+00  0.000000e+00 -1.000000e+00
   outer loop
     vertex  1.254100e+02 -1.041000e+02  0.000000e+00
     vertex  1.238530e+02 -1.042294e+02  0.000000e+00
     vertex  1.238700e+02 -1.041000e+02  0.000000e+00
   endloop
 endfacet
 facet normal  0.000000e+00  0.000000e+00 -1.000000e+00
   outer loop
     vertex  1.254270e+02 -1.039706e+02  0.000000e+00
     vertex  1.254100e+02 -1.041000e+02  0.000000e+00
     vertex  1.238700e+02 -1.041000e+02  0.000000e+00
   endloop
 endfacet
 facet normal -0.000000e+00  0.000000e+00 -1.000000e+00
   outer loop
     vertex  1.254270e+02 -1.039706e+02  0.000000e+00
     vertex  1.238700e+02 -1.041000e+02  0.000000e+00
     vertex  1.238530e+02 -1.039706e+02  0.000000e+00
   endloop
 endfacet
 facet normal  0.000000e+00  0.000000e+00 -1.000000e+00
   outer loop
     vertex  1.254770e+02 -1.038500e+02  0.000000e+00
     vertex  1.238030e+02 -1.038500e+02  0.000000e+00
     vertex  1.237236e+02 -1.037464e+02  0.000000e+00
   endloop
 endfacet
 facet normal -0.000000e+00  0.000000e+00 -1.000000e+00
   outer loop
     vertex  1.254770e+02 -1.038500e+02  0.000000e+00
     vertex  1.238530e+02 -1.039706e+02  0.000000e+00
     vertex  1.238030e+02 -1.038500e+02  0.000000e+00
   endloop
 endfacet
 facet normal  0.000000e+00  0.000000e+00 -1.000000e+00
   outer loop
     vertex  1.254770e+02 -1.038500e+02  0.000000e+00
     vertex  1.254270e+02 -1.039706e+02  0.000000e+00
     vertex  1.238530e+02 -1.039706e+02  0.000000e+00
   endloop
 endfacet
 facet normal -0.000000e+00  0.000000e+00 -1.000000e+00
   outer loop
     vertex  1.255564e+02 -1.037464e+02  0.000000e+00
     vertex  1.254770e+02 -1.038500e+02  0.000000e+00
     vertex  1.237236e+02 -1.037464e+02  0.000000e+00
   endloop
 endfacet
 facet normal  0.000000e+00  0.000000e+00 -1.000000e+00
   outer loop
     vertex  1.256600e+02 -1.036670e+02  0.000000e+00
     vertex  1.255564e+02 -1.037464e+02  0.000000e+00
     vertex  1.237236e+02 -1.037464e+02  0.000000e+00
   endloop
 endfacet
 facet normal -0.000000e+00  0.000000e+00 -1.000000e+00
   outer loop
     vertex  1.256600e+02 -1.036670e+02  0.000000e+00
     vertex  1.237236e+02 -1.037464e+02  0.000000e+00
     vertex  1.236200e+02 -1.036670e+02  0.000000e+00
   endloop
 endfacet
 facet normal -0.000000e+00  0.000000e+00 -1.000000e+00
   outer loop
     vertex  1.280964e+02 -1.044536e+02  0.000000e+00
     vertex  1.261600e+02 -1.045330e+02  0.000000e+00
     vertex  1.262636e+02 -1.044536e+02  0.000000e+00
   endloop
 endfacet
 facet normal -0.000000e+00  0.000000e+00 -1.000000e+00
   outer loop
     vertex  1.282000e+02 -1.045330e+02  0.000000e+00
     vertex  1.261600e+02 -1.045330e+02  0.000000e+00
     vertex  1.280964e+02 -1.044536e+02  0.000000e+00
   endloop
 endfacet
 facet normal -0.000000e+00  0.000000e+00 -1.000000e+00
   outer loop
     vertex  1.280170e+02 -1.043500e+02  0.000000e+00
     vertex  1.262636e+02 -1.044536e+02  0.000000e+00
     vertex  1.263430e+02 -1.043500e+02  0.000000e+00
   endloop
 endfacet
 facet normal  0.000000e+00 -0.000000e+00 -1.000000e+00
   outer loop
     vertex  1.280170e+02 -1.043500e+02  0.000000e+00
     vertex  1.280964e+02 -1.044536e+02  0.000000e+00
     vertex  1.262636e+02 -1.044536e+02  0.000000e+00
   endloop
 endfacet
 facet normal  0.000000e+00  0.000000e+00 -1.000000e+00
   outer loop
     vertex  1.283206e+02 -1.045830e+02  0.000000e+00
     vertex  1.260394e+02 -1.045830e+02  0.000000e+00
     vertex  1.261600e+02 -1.045330e+02  0.000000e+00
   endloop
 endfacet
 facet normal -0.000000e+00  0.000000e+00 -1.000000e+00
   outer loop
     vertex  1.283206e+02 -1.045830e+02  0.000000e+00
     vertex  1.259100e+02 -1.046000e+02  0.000000e+00
     vertex  1.260394e+02 -1.045830e+02  0.000000e+00
   endloop
 endfacet
 facet normal  0.000000e+00  0.000000e+00 -1.000000e+00
   outer loop
     vertex  1.283206e+02 -1.045830e+02  0.000000e+00
     vertex  1.261600e+02 -1.045330e+02  0.000000e+00
     vertex  1.282000e+02 -1.045330e+02  0.000000e+00
   endloop
 endfacet
 facet normal  0.000000e+00 -0.000000e+00 -1.000000e+00
   outer loop
     vertex  1.279670e+02 -1.042294e+02  0.000000e+00
     vertex  1.280170e+02 -1.043500e+02  0.000000e+00
     vertex  1.263430e+02 -1.043500e+02  0.000000e+00
   endloop
 endfacet
 facet normal -0.000000e+00  0.000000e+00 -1.000000e+00
   outer loop
     vertex  1.279670e+02 -1.042294e+02  0.000000e+00
     vertex  1.263430e+02 -1.043500e+02  0.000000e+00
     vertex  1.263930e+02 -1.042294e+02  0.000000e+00
   endloop
 endfacet
 facet normal -0.000000e+00  0.000000e+00 -1.000000e+00
   outer loop
     vertex  1.284500e+02 -1.046000e+02  0.000000e+00
     vertex  1.216000e+02 -1.058750e+02  0.000000e+00
     vertex  1.259100e+02 -1.046000e+02  0.000000e+00
   endloop
 endfacet
 facet normal  0.000000e+00  0.000000e+00 -1.000000e+00
   outer loop
     vertex  1.284500e+02 -1.046000e+02  0.000000e+00
     vertex  1.259100e+02 -1.046000e+02  0.000000e+00
     vertex  1.283206e+02 -1.045830e+02  0.000000e+00
   endloop
 endfacet
 facet normal  0.000000e+00 -0.000000e+00 -1.000000e+00
   outer loop
     vertex  1.279500e+02 -1.041000e+02  0.000000e+00
     vertex  1.279670e+02 -1.042294e+02  0.000000e+00
     vertex  1.263930e+02 -1.042294e+02  0.000000e+00
   endloop
 endfacet
 facet normal  0.000000e+00  0.000000e+00 -1.000000e+00
   outer loop
     vertex  1.279500e+02 -1.041000e+02  0.000000e+00
     vertex  1.264100e+02 -1.041000e+02  0.000000e+00
     vertex  1.263930e+02 -1.039706e+02  0.000000e+00
   endloop
 endfacet
 facet normal -0.000000e+00  0.000000e+00 -1.000000e+00
   outer loop
     vertex  1.279500e+02 -1.041000e+02  0.000000e+00
     vertex  1.263930e+02 -1.042294e+02  0.000000e+00
     vertex  1.264100e+02 -1.041000e+02  0.000000e+00
   endloop
 endfacet
 facet normal -0.000000e+00  0.000000e+00 -1.000000e+00
   outer loop
     vertex  1.279670e+02 -1.039706e+02  0.000000e+00
     vertex  1.279500e+02 -1.041000e+02  0.000000e+00
     vertex  1.263930e+02 -1.039706e+02  0.000000e+00
   endloop
 endfacet
 facet normal -0.000000e+00  0.000000e+00 -1.000000e+00
   outer loop
     vertex  1.280170e+02 -1.038500e+02  0.000000e+00
     vertex  1.263930e+02 -1.039706e+02  0.000000e+00
     vertex  1.263430e+02 -1.038500e+02  0.000000e+00
   endloop
 endfacet
 facet normal  0.000000e+00  0.000000e+00 -1.000000e+00
   outer loop
     vertex  1.280170e+02 -1.038500e+02  0.000000e+00
     vertex  1.279670e+02 -1.039706e+02  0.000000e+00
     vertex  1.263930e+02 -1.039706e+02  0.000000e+00
   endloop
 endfacet
 facet normal  0.000000e+00  0.000000e+00 -1.000000e+00
   outer loop
     vertex  1.241464e+02 -9.982855e+01  0.000000e+00
     vertex  1.232406e+02 -1.036170e+02  0.000000e+00
     vertex  1.231200e+02 -1.036670e+02  0.000000e+00
   endloop
 endfacet
 facet normal  0.000000e+00  0.000000e+00 -1.000000e+00
   outer loop
     vertex  1.176464e+02 -9.332855e+01  0.000000e+00
     vertex  1.172250e+02 -9.881567e+01  0.000000e+00
     vertex  1.170075e+02 -9.898254e+01  0.000000e+00
   endloop
 endfacet
 facet normal  0.000000e+00  0.000000e+00 -1.000000e+00
   outer loop
     vertex  1.240670e+02 -9.972500e+01  0.000000e+00
     vertex  1.231200e+02 -1.036670e+02  0.000000e+00
     vertex  1.190000e+02 -1.022250e+02  0.000000e+00
   endloop
 endfacet
 facet normal  0.000000e+00  0.000000e+00 -1.000000e+00
   outer loop
     vertex  1.240670e+02 -9.972500e+01  0.000000e+00
     vertex  1.190000e+02 -1.022250e+02  0.000000e+00
     vertex  1.187642e+02 -9.999676e+01  0.000000e+00
   endloop
 endfacet
 facet normal  0.000000e+00 -0.000000e+00 -1.000000e+00
   outer loop
     vertex  1.240670e+02 -9.972500e+01  0.000000e+00
     vertex  1.241464e+02 -9.982855e+01  0.000000e+00
     vertex  1.231200e+02 -1.036670e+02  0.000000e+00
   endloop
 endfacet
 facet normal -0.000000e+00  0.000000e+00 -1.000000e+00
   outer loop
     vertex  1.242500e+02 -9.990801e+01  0.000000e+00
     vertex  1.232406e+02 -1.036170e+02  0.000000e+00
     vertex  1.241464e+02 -9.982855e+01  0.000000e+00
   endloop
 endfacet
 facet normal  0.000000e+00  0.000000e+00 -1.000000e+00
   outer loop
     vertex  1.242500e+02 -9.990801e+01  0.000000e+00
     vertex  1.233700e+02 -1.036000e+02  0.000000e+00
     vertex  1.232406e+02 -1.036170e+02  0.000000e+00
   endloop
 endfacet
 facet normal  0.000000e+00  0.000000e+00 -1.000000e+00
   outer loop
     vertex  1.175670e+02 -9.322500e+01  0.000000e+00
     vertex  1.170075e+02 -9.898254e+01  0.000000e+00
     vertex  1.168407e+02 -9.920000e+01  0.000000e+00
   endloop
 endfacet
 facet normal  0.000000e+00 -0.000000e+00 -1.000000e+00
   outer loop
     vertex  1.175670e+02 -9.322500e+01  0.000000e+00
     vertex  1.176464e+02 -9.332855e+01  0.000000e+00
     vertex  1.170075e+02 -9.898254e+01  0.000000e+00
   endloop
 endfacet
 facet normal  0.000000e+00  0.000000e+00 -1.000000e+00
   outer loop
     vertex  1.177500e+02 -9.340801e+01  0.000000e+00
     vertex  1.174782e+02 -9.871078e+01  0.000000e+00
     vertex  1.172250e+02 -9.881567e+01  0.000000e+00
   endloop
 endfacet
 facet normal -0.000000e+00  0.000000e+00 -1.000000e+00
   outer loop
     vertex  1.177500e+02 -9.340801e+01  0.000000e+00
     vertex  1.172250e+02 -9.881567e+01  0.000000e+00
     vertex  1.176464e+02 -9.332855e+01  0.000000e+00
   endloop
 endfacet
 facet normal  0.000000e+00  0.000000e+00 -1.000000e+00
   outer loop
     vertex  1.280964e+02 -1.037464e+02  0.000000e+00
     vertex  1.262636e+02 -1.037464e+02  0.000000e+00
     vertex  1.261600e+02 -1.036670e+02  0.000000e+00
   endloop
 endfacet
 facet normal -0.000000e+00  0.000000e+00 -1.000000e+00
   outer loop
     vertex  1.280964e+02 -1.037464e+02  0.000000e+00
     vertex  1.263430e+02 -1.038500e+02  0.000000e+00
     vertex  1.262636e+02 -1.037464e+02  0.000000e+00
   endloop
 endfacet
 facet normal  0.000000e+00  0.000000e+00 -1.000000e+00
   outer loop
     vertex  1.280964e+02 -1.037464e+02  0.000000e+00
     vertex  1.280170e+02 -1.038500e+02  0.000000e+00
     vertex  1.263430e+02 -1.038500e+02  0.000000e+00
   endloop
 endfacet
 facet normal -0.000000e+00  0.000000e+00 -1.000000e+00
   outer loop
     vertex  1.243706e+02 -9.995796e+01  0.000000e+00
     vertex  1.233700e+02 -1.036000e+02  0.000000e+00
     vertex  1.242500e+02 -9.990801e+01  0.000000e+00
   endloop
 endfacet
 facet normal  0.000000e+00  0.000000e+00 -1.000000e+00
   outer loop
     vertex  1.243706e+02 -9.995796e+01  0.000000e+00
     vertex  1.234994e+02 -1.036170e+02  0.000000e+00
     vertex  1.233700e+02 -1.036000e+02  0.000000e+00
   endloop
 endfacet
 facet normal  0.000000e+00 -0.000000e+00 -1.000000e+00
   outer loop
     vertex  1.240170e+02 -9.960441e+01  0.000000e+00
     vertex  1.240670e+02 -9.972500e+01  0.000000e+00
     vertex  1.187642e+02 -9.999676e+01  0.000000e+00
   endloop
 endfacet
 facet normal  0.000000e+00  0.000000e+00 -1.000000e+00
   outer loop
     vertex  1.240170e+02 -9.960441e+01  0.000000e+00
     vertex  1.187642e+02 -9.999676e+01  0.000000e+00
     vertex  1.188000e+02 -9.972500e+01  0.000000e+00
   endloop
 endfacet
 facet normal  0.000000e+00 -0.000000e+00 -1.000000e+00
   outer loop
     vertex  1.175170e+02 -9.310441e+01  0.000000e+00
     vertex  1.175670e+02 -9.322500e+01  0.000000e+00
     vertex  1.168407e+02 -9.920000e+01  0.000000e+00
   endloop
 endfacet
 facet normal  0.000000e+00  0.000000e+00 -1.000000e+00
   outer loop
     vertex  1.175170e+02 -9.310441e+01  0.000000e+00
     vertex  1.168407e+02 -9.920000e+01  0.000000e+00
     vertex  1.167358e+02 -9.945324e+01  0.000000e+00
   endloop
 endfacet
 facet normal  0.000000e+00  0.000000e+00 -1.000000e+00
   outer loop
     vertex  1.175170e+02 -9.310441e+01  0.000000e+00
     vertex  1.167358e+02 -9.945324e+01  0.000000e+00
     vertex  1.152500e+02 -1.022250e+02  0.000000e+00
   endloop
 endfacet
 facet normal  0.000000e+00  0.000000e+00 -1.000000e+00
   outer loop
     vertex  1.178706e+02 -9.345796e+01  0.000000e+00
     vertex  1.177500e+02 -9.867500e+01  0.000000e+00
     vertex  1.174782e+02 -9.871078e+01  0.000000e+00
   endloop
 endfacet
 facet normal -0.000000e+00  0.000000e+00 -1.000000e+00
   outer loop
     vertex  1.178706e+02 -9.345796e+01  0.000000e+00
     vertex  1.174782e+02 -9.871078e+01  0.000000e+00
     vertex  1.177500e+02 -9.340801e+01  0.000000e+00
   endloop
 endfacet
 facet normal -0.000000e+00  0.000000e+00 -1.000000e+00
   outer loop
     vertex  1.245000e+02 -9.997500e+01  0.000000e+00
     vertex  1.234994e+02 -1.036170e+02  0.000000e+00
     vertex  1.243706e+02 -9.995796e+01  0.000000e+00
   endloop
 endfacet
 facet normal  0.000000e+00 -0.000000e+00 -1.000000e+00
   outer loop
     vertex  1.245000e+02 -9.997500e+01  0.000000e+00
     vertex  1.256600e+02 -1.036670e+02  0.000000e+00
     vertex  1.236200e+02 -1.036670e+02  0.000000e+00
   endloop
 endfacet
 facet normal  0.000000e+00  0.000000e+00 -1.000000e+00
   outer loop
     vertex  1.245000e+02 -9.997500e+01  0.000000e+00
     vertex  1.236200e+02 -1.036670e+02  0.000000e+00
     vertex  1.234994e+02 -1.036170e+02  0.000000e+00
   endloop
 endfacet
 facet normal  0.000000e+00 -0.000000e+00 -1.000000e+00
   outer loop
     vertex  1.240000e+02 -9.947500e+01  0.000000e+00
     vertex  1.240170e+02 -9.960441e+01  0.000000e+00
     vertex  1.188000e+02 -9.972500e+01  0.000000e+00
   endloop
 endfacet
 facet normal -0.000000e+00  0.000000e+00 -1.000000e+00
   outer loop
     vertex  1.240000e+02 -9.947500e+01  0.000000e+00
     vertex  1.188000e+02 -9.972500e+01  0.000000e+00
     vertex  1.187642e+02 -9.945324e+01  0.000000e+00
   endloop
 endfacet
 facet normal  0.000000e+00 -0.000000e+00 -1.000000e+00
   outer loop
     vertex  1.180000e+02 -9.347500e+01  0.000000e+00
     vertex  1.180218e+02 -9.871078e+01  0.000000e+00
     vertex  1.177500e+02 -9.867500e+01  0.000000e+00
   endloop
 endfacet
 facet normal -0.000000e+00  0.000000e+00 -1.000000e+00
   outer loop
     vertex  1.180000e+02 -9.347500e+01  0.000000e+00
     vertex  1.177500e+02 -9.867500e+01  0.000000e+00
     vertex  1.178706e+02 -9.345796e+01  0.000000e+00
   endloop
 endfacet
 facet normal  0.000000e+00 -0.000000e+00 -1.000000e+00
   outer loop
     vertex  1.175000e+02 -9.297500e+01  0.000000e+00
     vertex  1.175170e+02 -9.310441e+01  0.000000e+00
     vertex  1.152500e+02 -1.022250e+02  0.000000e+00
   endloop
 endfacet
 facet normal -0.000000e+00  0.000000e+00 -1.000000e+00
   outer loop
     vertex  1.282000e+02 -1.036670e+02  0.000000e+00
     vertex  1.280964e+02 -1.037464e+02  0.000000e+00
     vertex  1.261600e+02 -1.036670e+02  0.000000e+00
   endloop
 endfacet
 facet normal  0.000000e+00 -0.000000e+00 -1.000000e+00
   outer loop
     vertex  1.246294e+02 -9.995796e+01  0.000000e+00
     vertex  1.256600e+02 -1.036670e+02  0.000000e+00
     vertex  1.245000e+02 -9.997500e+01  0.000000e+00
   endloop
 endfacet
 facet normal  0.000000e+00  0.000000e+00 -1.000000e+00
   outer loop
     vertex  1.246294e+02 -9.995796e+01  0.000000e+00
     vertex  1.257806e+02 -1.036170e+02  0.000000e+00
     vertex  1.256600e+02 -1.036670e+02  0.000000e+00
   endloop
 endfacet
 facet normal  0.000000e+00  0.000000e+00 -1.000000e+00
   outer loop
     vertex  1.240170e+02 -9.934559e+01  0.000000e+00
     vertex  1.240000e+02 -9.947500e+01  0.000000e+00
     vertex  1.187642e+02 -9.945324e+01  0.000000e+00
   endloop
 endfacet
 facet normal -0.000000e+00  0.000000e+00 -1.000000e+00
   outer loop
     vertex  1.240170e+02 -9.934559e+01  0.000000e+00
     vertex  1.187642e+02 -9.945324e+01  0.000000e+00
     vertex  1.186593e+02 -9.920000e+01  0.000000e+00
   endloop
 endfacet
 facet normal  0.000000e+00  0.000000e+00 -1.000000e+00
   outer loop
     vertex  1.181294e+02 -9.345796e+01  0.000000e+00
     vertex  1.180218e+02 -9.871078e+01  0.000000e+00
     vertex  1.180000e+02 -9.347500e+01  0.000000e+00
   endloop
 endfacet
 facet normal  0.000000e+00 -0.000000e+00 -1.000000e+00
   outer loop
     vertex  1.181294e+02 -9.345796e+01  0.000000e+00
     vertex  1.182750e+02 -9.881567e+01  0.000000e+00
     vertex  1.180218e+02 -9.871078e+01  0.000000e+00
   endloop
 endfacet
 facet normal  0.000000e+00 -0.000000e+00 -1.000000e+00
   outer loop
     vertex  1.247500e+02 -9.990801e+01  0.000000e+00
     vertex  1.257806e+02 -1.036170e+02  0.000000e+00
     vertex  1.246294e+02 -9.995796e+01  0.000000e+00
   endloop
 endfacet
 facet normal  0.000000e+00  0.000000e+00 -1.000000e+00
   outer loop
     vertex  1.247500e+02 -9.990801e+01  0.000000e+00
     vertex  1.259100e+02 -1.036000e+02  0.000000e+00
     vertex  1.257806e+02 -1.036170e+02  0.000000e+00
   endloop
 endfacet
 facet normal -0.000000e+00  0.000000e+00 -1.000000e+00
   outer loop
     vertex  1.240670e+02 -9.922500e+01  0.000000e+00
     vertex  1.240170e+02 -9.934559e+01  0.000000e+00
     vertex  1.186593e+02 -9.920000e+01  0.000000e+00
   endloop
 endfacet
 facet normal  0.000000e+00 -0.000000e+00 -1.000000e+00
   outer loop
     vertex  1.182500e+02 -9.340801e+01  0.000000e+00
     vertex  1.182750e+02 -9.881567e+01  0.000000e+00
     vertex  1.181294e+02 -9.345796e+01  0.000000e+00
   endloop
 endfacet
 facet normal  0.000000e+00 -0.000000e+00 -1.000000e+00
   outer loop
     vertex  1.248536e+02 -9.982855e+01  0.000000e+00
     vertex  1.259100e+02 -1.036000e+02  0.000000e+00
     vertex  1.247500e+02 -9.990801e+01  0.000000e+00
   endloop
 endfacet
 facet normal  0.000000e+00  0.000000e+00 -1.000000e+00
   outer loop
     vertex  1.248536e+02 -9.982855e+01  0.000000e+00
     vertex  1.260394e+02 -1.036170e+02  0.000000e+00
     vertex  1.259100e+02 -1.036000e+02  0.000000e+00
   endloop
 endfacet
 facet normal  0.000000e+00  0.000000e+00 -1.000000e+00
   outer loop
     vertex  1.249330e+02 -9.972500e+01  0.000000e+00
     vertex  1.282000e+02 -1.036670e+02  0.000000e+00
     vertex  1.261600e+02 -1.036670e+02  0.000000e+00
   endloop
 endfacet
 facet normal  0.000000e+00 -0.000000e+00 -1.000000e+00
   outer loop
     vertex  1.249330e+02 -9.972500e+01  0.000000e+00
     vertex  1.260394e+02 -1.036170e+02  0.000000e+00
     vertex  1.248536e+02 -9.982855e+01  0.000000e+00
   endloop
 endfacet
 facet normal  0.000000e+00  0.000000e+00 -1.000000e+00
   outer loop
     vertex  1.249330e+02 -9.972500e+01  0.000000e+00
     vertex  1.261600e+02 -1.036670e+02  0.000000e+00
     vertex  1.260394e+02 -1.036170e+02  0.000000e+00
   endloop
 endfacet
 facet normal  0.000000e+00  0.000000e+00 -1.000000e+00
   outer loop
     vertex  1.249330e+02 -9.972500e+01  0.000000e+00
     vertex  1.283206e+02 -1.036170e+02  0.000000e+00
     vertex  1.282000e+02 -1.036670e+02  0.000000e+00
   endloop
 endfacet
 facet normal  0.000000e+00 -0.000000e+00 -1.000000e+00
   outer loop
     vertex  1.249830e+02 -9.960441e+01  0.000000e+00
     vertex  1.283206e+02 -1.036170e+02  0.000000e+00
     vertex  1.249330e+02 -9.972500e+01  0.000000e+00
   endloop
 endfacet
 facet normal  0.000000e+00  0.000000e+00 -1.000000e+00
   outer loop
     vertex  1.249830e+02 -9.960441e+01  0.000000e+00
     vertex  1.284500e+02 -1.036000e+02  0.000000e+00
     vertex  1.283206e+02 -1.036170e+02  0.000000e+00
   endloop
 endfacet
 facet normal  0.000000e+00 -0.000000e+00 -1.000000e+00
   outer loop
     vertex  1.250000e+02 -9.947500e+01  0.000000e+00
     vertex  1.284500e+02 -1.036000e+02  0.000000e+00
     vertex  1.249830e+02 -9.960441e+01  0.000000e+00
   endloop
 endfacet
 facet normal  0.000000e+00  0.000000e+00 -1.000000e+00
   outer loop
     vertex  1.307400e+02 -1.045330e+02  0.000000e+00
     vertex  1.288036e+02 -1.044536e+02  0.000000e+00
     vertex  1.306364e+02 -1.044536e+02  0.000000e+00
   endloop
 endfacet
 facet normal  0.000000e+00  0.000000e+00 -1.000000e+00
   outer loop
     vertex  1.307400e+02 -1.045330e+02  0.000000e+00
     vertex  1.287000e+02 -1.045330e+02  0.000000e+00
     vertex  1.288036e+02 -1.044536e+02  0.000000e+00
   endloop
 endfacet
 facet normal -0.000000e+00  0.000000e+00 -1.000000e+00
   outer loop
     vertex  1.307400e+02 -1.045330e+02  0.000000e+00
     vertex  1.285794e+02 -1.045830e+02  0.000000e+00
     vertex  1.287000e+02 -1.045330e+02  0.000000e+00
   endloop
 endfacet
 facet normal  0.000000e+00 -0.000000e+00 -1.000000e+00
   outer loop
     vertex  1.305570e+02 -1.043500e+02  0.000000e+00
     vertex  1.306364e+02 -1.044536e+02  0.000000e+00
     vertex  1.288036e+02 -1.044536e+02  0.000000e+00
   endloop
 endfacet
 facet normal -0.000000e+00  0.000000e+00 -1.000000e+00
   outer loop
     vertex  1.305570e+02 -1.043500e+02  0.000000e+00
     vertex  1.288036e+02 -1.044536e+02  0.000000e+00
     vertex  1.288830e+02 -1.043500e+02  0.000000e+00
   endloop
 endfacet
 facet normal  0.000000e+00  0.000000e+00 -1.000000e+00
   outer loop
     vertex  1.308606e+02 -1.045830e+02  0.000000e+00
     vertex  1.285794e+02 -1.045830e+02  0.000000e+00
     vertex  1.307400e+02 -1.045330e+02  0.000000e+00
   endloop
 endfacet
 facet normal -0.000000e+00  0.000000e+00 -1.000000e+00
   outer loop
     vertex  1.305070e+02 -1.042294e+02  0.000000e+00
     vertex  1.288830e+02 -1.043500e+02  0.000000e+00
     vertex  1.289330e+02 -1.042294e+02  0.000000e+00
   endloop
 endfacet
 facet normal  0.000000e+00 -0.000000e+00 -1.000000e+00
   outer loop
     vertex  1.305070e+02 -1.042294e+02  0.000000e+00
     vertex  1.305570e+02 -1.043500e+02  0.000000e+00
     vertex  1.288830e+02 -1.043500e+02  0.000000e+00
   endloop
 endfacet
 facet normal  0.000000e+00  0.000000e+00 -1.000000e+00
   outer loop
     vertex  1.309900e+02 -1.046000e+02  0.000000e+00
     vertex  1.284500e+02 -1.046000e+02  0.000000e+00
     vertex  1.285794e+02 -1.045830e+02  0.000000e+00
   endloop
 endfacet
 facet normal  0.000000e+00  0.000000e+00 -1.000000e+00
   outer loop
     vertex  1.309900e+02 -1.046000e+02  0.000000e+00
     vertex  1.285794e+02 -1.045830e+02  0.000000e+00
     vertex  1.308606e+02 -1.045830e+02  0.000000e+00
   endloop
 endfacet
 facet normal -0.000000e+00  0.000000e+00 -1.000000e+00
   outer loop
     vertex  1.304900e+02 -1.041000e+02  0.000000e+00
     vertex  1.289330e+02 -1.042294e+02  0.000000e+00
     vertex  1.289500e+02 -1.041000e+02  0.000000e+00
   endloop
 endfacet
 facet normal  0.000000e+00 -0.000000e+00 -1.000000e+00
   outer loop
     vertex  1.304900e+02 -1.041000e+02  0.000000e+00
     vertex  1.305070e+02 -1.042294e+02  0.000000e+00
     vertex  1.289330e+02 -1.042294e+02  0.000000e+00
   endloop
 endfacet
 facet normal -0.000000e+00  0.000000e+00 -1.000000e+00
   outer loop
     vertex  1.305070e+02 -1.039706e+02  0.000000e+00
     vertex  1.289500e+02 -1.041000e+02  0.000000e+00
     vertex  1.289330e+02 -1.039706e+02  0.000000e+00
   endloop
 endfacet
 facet normal  0.000000e+00  0.000000e+00 -1.000000e+00
   outer loop
     vertex  1.305070e+02 -1.039706e+02  0.000000e+00
     vertex  1.304900e+02 -1.041000e+02  0.000000e+00
     vertex  1.289500e+02 -1.041000e+02  0.000000e+00
   endloop
 endfacet
 facet normal  0.000000e+00  0.000000e+00 -1.000000e+00
   outer loop
     vertex  1.305070e+02 -1.039706e+02  0.000000e+00
     vertex  1.289330e+02 -1.039706e+02  0.000000e+00
     vertex  1.288830e+02 -1.038500e+02  0.000000e+00
   endloop
 endfacet
 facet normal -0.000000e+00  0.000000e+00 -1.000000e+00
   outer loop
     vertex  1.305570e+02 -1.038500e+02  0.000000e+00
     vertex  1.305070e+02 -1.039706e+02  0.000000e+00
     vertex  1.288830e+02 -1.038500e+02  0.000000e+00
   endloop
 endfacet
 facet normal  0.000000e+00  0.000000e+00 -1.000000e+00
   outer loop
     vertex  1.306364e+02 -1.037464e+02  0.000000e+00
     vertex  1.305570e+02 -1.038500e+02  0.000000e+00
     vertex  1.288830e+02 -1.038500e+02  0.000000e+00
   endloop
 endfacet
 facet normal -0.000000e+00  0.000000e+00 -1.000000e+00
   outer loop
     vertex  1.306364e+02 -1.037464e+02  0.000000e+00
     vertex  1.288830e+02 -1.038500e+02  0.000000e+00
     vertex  1.288036e+02 -1.037464e+02  0.000000e+00
   endloop
 endfacet
 facet normal  0.000000e+00  0.000000e+00 -1.000000e+00
   outer loop
     vertex  1.307400e+02 -1.036670e+02  0.000000e+00
     vertex  1.306364e+02 -1.037464e+02  0.000000e+00
     vertex  1.288036e+02 -1.037464e+02  0.000000e+00
   endloop
 endfacet
 facet normal -0.000000e+00  0.000000e+00 -1.000000e+00
   outer loop
     vertex  1.307400e+02 -1.036670e+02  0.000000e+00
     vertex  1.287000e+02 -1.036670e+02  0.000000e+00
     vertex  1.285794e+02 -1.036170e+02  0.000000e+00
   endloop
 endfacet
 facet normal  0.000000e+00  0.000000e+00 -1.000000e+00
   outer loop
     vertex  1.307400e+02 -1.036670e+02  0.000000e+00
     vertex  1.288036e+02 -1.037464e+02  0.000000e+00
     vertex  1.287000e+02 -1.036670e+02  0.000000e+00
   endloop
 endfacet
 facet normal -0.000000e+00  0.000000e+00 -1.000000e+00
   outer loop
     vertex  1.308606e+02 -1.036170e+02  0.000000e+00
     vertex  1.307400e+02 -1.036670e+02  0.000000e+00
     vertex  1.285794e+02 -1.036170e+02  0.000000e+00
   endloop
 endfacet
 facet normal -0.000000e+00  0.000000e+00 -1.000000e+00
   outer loop
     vertex  1.331764e+02 -1.044536e+02  0.000000e+00
     vertex  1.312400e+02 -1.045330e+02  0.000000e+00
     vertex  1.313436e+02 -1.044536e+02  0.000000e+00
   endloop
 endfacet
 facet normal  0.000000e+00  0.000000e+00 -1.000000e+00
   outer loop
     vertex  1.332800e+02 -1.045330e+02  0.000000e+00
     vertex  1.312400e+02 -1.045330e+02  0.000000e+00
     vertex  1.331764e+02 -1.044536e+02  0.000000e+00
   endloop
 endfacet
 facet normal -0.000000e+00  0.000000e+00 -1.000000e+00
   outer loop
     vertex  1.330970e+02 -1.043500e+02  0.000000e+00
     vertex  1.313436e+02 -1.044536e+02  0.000000e+00
     vertex  1.314230e+02 -1.043500e+02  0.000000e+00
   endloop
 endfacet
 facet normal  0.000000e+00 -0.000000e+00 -1.000000e+00
   outer loop
     vertex  1.330970e+02 -1.043500e+02  0.000000e+00
     vertex  1.331764e+02 -1.044536e+02  0.000000e+00
     vertex  1.313436e+02 -1.044536e+02  0.000000e+00
   endloop
 endfacet
 facet normal  0.000000e+00  0.000000e+00 -1.000000e+00
   outer loop
     vertex  1.334006e+02 -1.045830e+02  0.000000e+00
     vertex  1.311194e+02 -1.045830e+02  0.000000e+00
     vertex  1.312400e+02 -1.045330e+02  0.000000e+00
   endloop
 endfacet
 facet normal  0.000000e+00  0.000000e+00 -1.000000e+00
   outer loop
     vertex  1.334006e+02 -1.045830e+02  0.000000e+00
     vertex  1.312400e+02 -1.045330e+02  0.000000e+00
     vertex  1.332800e+02 -1.045330e+02  0.000000e+00
   endloop
 endfacet
 facet normal  0.000000e+00  0.000000e+00 -1.000000e+00
   outer loop
     vertex  1.330470e+02 -1.042294e+02  0.000000e+00
     vertex  1.314730e+02 -1.042294e+02  0.000000e+00
     vertex  1.314900e+02 -1.041000e+02  0.000000e+00
   endloop
 endfacet
 facet normal -0.000000e+00  0.000000e+00 -1.000000e+00
   outer loop
     vertex  1.330470e+02 -1.042294e+02  0.000000e+00
     vertex  1.314230e+02 -1.043500e+02  0.000000e+00
     vertex  1.314730e+02 -1.042294e+02  0.000000e+00
   endloop
 endfacet
 facet normal  0.000000e+00 -0.000000e+00 -1.000000e+00
   outer loop
     vertex  1.330470e+02 -1.042294e+02  0.000000e+00
     vertex  1.330970e+02 -1.043500e+02  0.000000e+00
     vertex  1.314230e+02 -1.043500e+02  0.000000e+00
   endloop
 endfacet
 facet normal  0.000000e+00 -0.000000e+00 -1.000000e+00
   outer loop
     vertex  1.241464e+02 -9.532855e+01  0.000000e+00
     vertex  1.242500e+02 -9.904199e+01  0.000000e+00
     vertex  1.241464e+02 -9.912145e+01  0.000000e+00
   endloop
 endfacet
 facet normal -0.000000e+00  0.000000e+00 -1.000000e+00
   outer loop
     vertex  1.221464e+02 -9.332855e+01  0.000000e+00
     vertex  1.182500e+02 -9.340801e+01  0.000000e+00
     vertex  1.183536e+02 -9.332855e+01  0.000000e+00
   endloop
 endfacet
 facet normal  0.000000e+00 -0.000000e+00 -1.000000e+00
   outer loop
     vertex  1.242500e+02 -9.540801e+01  0.000000e+00
     vertex  1.243706e+02 -9.899204e+01  0.000000e+00
     vertex  1.242500e+02 -9.904199e+01  0.000000e+00
   endloop
 endfacet
 facet normal -0.000000e+00  0.000000e+00 -1.000000e+00
   outer loop
     vertex  1.242500e+02 -9.540801e+01  0.000000e+00
     vertex  1.242500e+02 -9.904199e+01  0.000000e+00
     vertex  1.241464e+02 -9.532855e+01  0.000000e+00
   endloop
 endfacet
 facet normal  0.000000e+00 -0.000000e+00 -1.000000e+00
   outer loop
     vertex  1.240670e+02 -9.522500e+01  0.000000e+00
     vertex  1.241464e+02 -9.912145e+01  0.000000e+00
     vertex  1.240670e+02 -9.922500e+01  0.000000e+00
   endloop
 endfacet
 facet normal  0.000000e+00  0.000000e+00 -1.000000e+00
   outer loop
     vertex  1.240670e+02 -9.522500e+01  0.000000e+00
     vertex  1.186593e+02 -9.920000e+01  0.000000e+00
     vertex  1.184925e+02 -9.898254e+01  0.000000e+00
   endloop
 endfacet
 facet normal  0.000000e+00  0.000000e+00 -1.000000e+00
   outer loop
     vertex  1.240670e+02 -9.522500e+01  0.000000e+00
     vertex  1.240670e+02 -9.922500e+01  0.000000e+00
     vertex  1.186593e+02 -9.920000e+01  0.000000e+00
   endloop
 endfacet
 facet normal  0.000000e+00  0.000000e+00 -1.000000e+00
   outer loop
     vertex  1.240670e+02 -9.522500e+01  0.000000e+00
     vertex  1.241464e+02 -9.532855e+01  0.000000e+00
     vertex  1.241464e+02 -9.912145e+01  0.000000e+00
   endloop
 endfacet
 facet normal  0.000000e+00  0.000000e+00 -1.000000e+00
   outer loop
     vertex  1.222500e+02 -9.340801e+01  0.000000e+00
     vertex  1.184925e+02 -9.898254e+01  0.000000e+00
     vertex  1.182750e+02 -9.881567e+01  0.000000e+00
   endloop
 endfacet
 facet normal -0.000000e+00  0.000000e+00 -1.000000e+00
   outer loop
     vertex  1.222500e+02 -9.340801e+01  0.000000e+00
     vertex  1.182750e+02 -9.881567e+01  0.000000e+00
     vertex  1.182500e+02 -9.340801e+01  0.000000e+00
   endloop
 endfacet
 facet normal  0.000000e+00  0.000000e+00 -1.000000e+00
   outer loop
     vertex  1.222500e+02 -9.340801e+01  0.000000e+00
     vertex  1.182500e+02 -9.340801e+01  0.000000e+00
     vertex  1.221464e+02 -9.332855e+01  0.000000e+00
   endloop
 endfacet
 facet normal  0.000000e+00 -0.000000e+00 -1.000000e+00
   outer loop
     vertex  1.222500e+02 -9.340801e+01  0.000000e+00
     vertex  1.240670e+02 -9.522500e+01  0.000000e+00
     vertex  1.184925e+02 -9.898254e+01  0.000000e+00
   endloop
 endfacet
 facet normal -0.000000e+00  0.000000e+00 -1.000000e+00
   outer loop
     vertex  1.220670e+02 -9.322500e+01  0.000000e+00
     vertex  1.183536e+02 -9.332855e+01  0.000000e+00
     vertex  1.184330e+02 -9.322500e+01  0.000000e+00
   endloop
 endfacet
 facet normal  0.000000e+00 -0.000000e+00 -1.000000e+00
   outer loop
     vertex  1.220670e+02 -9.322500e+01  0.000000e+00
     vertex  1.221464e+02 -9.332855e+01  0.000000e+00
     vertex  1.183536e+02 -9.332855e+01  0.000000e+00
   endloop
 endfacet
 facet normal  0.000000e+00 -0.000000e+00 -1.000000e+00
   outer loop
     vertex  1.243706e+02 -9.545796e+01  0.000000e+00
     vertex  1.245000e+02 -9.897500e+01  0.000000e+00
     vertex  1.243706e+02 -9.899204e+01  0.000000e+00
   endloop
 endfacet
 facet normal -0.000000e+00  0.000000e+00 -1.000000e+00
   outer loop
     vertex  1.243706e+02 -9.545796e+01  0.000000e+00
     vertex  1.243706e+02 -9.899204e+01  0.000000e+00
     vertex  1.242500e+02 -9.540801e+01  0.000000e+00
   endloop
 endfacet
 facet normal  0.000000e+00  0.000000e+00 -1.000000e+00
   outer loop
     vertex  1.223706e+02 -9.345796e+01  0.000000e+00
     vertex  1.240170e+02 -9.510441e+01  0.000000e+00
     vertex  1.240670e+02 -9.522500e+01  0.000000e+00
   endloop
 endfacet
 facet normal -0.000000e+00 -0.000000e+00 -1.000000e+00
   outer loop
     vertex  1.223706e+02 -9.345796e+01  0.000000e+00
     vertex  1.240670e+02 -9.522500e+01  0.000000e+00
     vertex  1.222500e+02 -9.340801e+01  0.000000e+00
   endloop
 endfacet
 facet normal -0.000000e+00  0.000000e+00 -1.000000e+00
   outer loop
     vertex  1.220170e+02 -9.310441e+01  0.000000e+00
     vertex  1.184330e+02 -9.322500e+01  0.000000e+00
     vertex  1.184830e+02 -9.310441e+01  0.000000e+00
   endloop
 endfacet
 facet normal  0.000000e+00 -0.000000e+00 -1.000000e+00
   outer loop
     vertex  1.220170e+02 -9.310441e+01  0.000000e+00
     vertex  1.220670e+02 -9.322500e+01  0.000000e+00
     vertex  1.184330e+02 -9.322500e+01  0.000000e+00
   endloop
 endfacet
 facet normal -0.000000e+00 -0.000000e+00 -1.000000e+00
   outer loop
     vertex  1.330300e+02 -1.041000e+02  0.000000e+00
     vertex  1.330470e+02 -1.042294e+02  0.000000e+00
     vertex  1.314900e+02 -1.041000e+02  0.000000e+00
   endloop
 endfacet
 facet normal  0.000000e+00 -0.000000e+00 -1.000000e+00
   outer loop
     vertex  1.245000e+02 -9.547500e+01  0.000000e+00
     vertex  1.246294e+02 -9.899204e+01  0.000000e+00
     vertex  1.245000e+02 -9.897500e+01  0.000000e+00
   endloop
 endfacet
 facet normal -0.000000e+00  0.000000e+00 -1.000000e+00
   outer loop
     vertex  1.245000e+02 -9.547500e+01  0.000000e+00
     vertex  1.245000e+02 -9.897500e+01  0.000000e+00
     vertex  1.243706e+02 -9.545796e+01  0.000000e+00
   endloop
 endfacet
 facet normal  0.000000e+00  0.000000e+00 -1.000000e+00
   outer loop
     vertex  1.225000e+02 -9.347500e+01  0.000000e+00
     vertex  1.240000e+02 -9.497500e+01  0.000000e+00
     vertex  1.240170e+02 -9.510441e+01  0.000000e+00
   endloop
 endfacet
 facet normal -0.000000e+00 -0.000000e+00 -1.000000e+00
   outer loop
     vertex  1.225000e+02 -9.347500e+01  0.000000e+00
     vertex  1.240170e+02 -9.510441e+01  0.000000e+00
     vertex  1.223706e+02 -9.345796e+01  0.000000e+00
   endloop
 endfacet
 facet normal  0.000000e+00 -0.000000e+00 -1.000000e+00
   outer loop
     vertex  1.220000e+02 -9.297500e+01  0.000000e+00
     vertex  1.220170e+02 -9.310441e+01  0.000000e+00
     vertex  1.184830e+02 -9.310441e+01  0.000000e+00
   endloop
 endfacet
 facet normal -0.000000e+00  0.000000e+00 -1.000000e+00
   outer loop
     vertex  1.220000e+02 -9.297500e+01  0.000000e+00
     vertex  1.184830e+02 -9.310441e+01  0.000000e+00
     vertex  1.185000e+02 -9.297500e+01  0.000000e+00
   endloop
 endfacet
 facet normal -0.000000e+00  0.000000e+00 -1.000000e+00
   outer loop
     vertex  1.330470e+02 -1.039706e+02  0.000000e+00
     vertex  1.314900e+02 -1.041000e+02  0.000000e+00
     vertex  1.314730e+02 -1.039706e+02  0.000000e+00
   endloop
 endfacet
 facet normal  0.000000e+00  0.000000e+00 -1.000000e+00
   outer loop
     vertex  1.330470e+02 -1.039706e+02  0.000000e+00
     vertex  1.330300e+02 -1.041000e+02  0.000000e+00
     vertex  1.314900e+02 -1.041000e+02  0.000000e+00
   endloop
 endfacet
 facet normal  0.000000e+00 -0.000000e+00 -1.000000e+00
   outer loop
     vertex  1.246294e+02 -9.545796e+01  0.000000e+00
     vertex  1.247500e+02 -9.904199e+01  0.000000e+00
     vertex  1.246294e+02 -9.899204e+01  0.000000e+00
   endloop
 endfacet
 facet normal  0.000000e+00  0.000000e+00 -1.000000e+00
   outer loop
     vertex  1.246294e+02 -9.545796e+01  0.000000e+00
     vertex  1.246294e+02 -9.899204e+01  0.000000e+00
     vertex  1.245000e+02 -9.547500e+01  0.000000e+00
   endloop
 endfacet
 facet normal -0.000000e+00  0.000000e+00 -1.000000e+00
   outer loop
     vertex  1.220170e+02 -9.284559e+01  0.000000e+00
     vertex  1.185000e+02 -9.297500e+01  0.000000e+00
     vertex  1.184830e+02 -9.284559e+01  0.000000e+00
   endloop
 endfacet
 facet normal  0.000000e+00  0.000000e+00 -1.000000e+00
   outer loop
     vertex  1.220170e+02 -9.284559e+01  0.000000e+00
     vertex  1.220000e+02 -9.297500e+01  0.000000e+00
     vertex  1.185000e+02 -9.297500e+01  0.000000e+00
   endloop
 endfacet
 facet normal  0.000000e+00 -0.000000e+00 -1.000000e+00
   outer loop
     vertex  1.226294e+02 -9.345796e+01  0.000000e+00
     vertex  1.240000e+02 -9.497500e+01  0.000000e+00
     vertex  1.225000e+02 -9.347500e+01  0.000000e+00
   endloop
 endfacet
 facet normal  0.000000e+00  0.000000e+00 -1.000000e+00
   outer loop
     vertex  1.226294e+02 -9.345796e+01  0.000000e+00
     vertex  1.240170e+02 -9.484559e+01  0.000000e+00
     vertex  1.240000e+02 -9.497500e+01  0.000000e+00
   endloop
 endfacet
 facet normal -0.000000e+00  0.000000e+00 -1.000000e+00
   outer loop
     vertex  1.330970e+02 -1.038500e+02  0.000000e+00
     vertex  1.314730e+02 -1.039706e+02  0.000000e+00
     vertex  1.314230e+02 -1.038500e+02  0.000000e+00
   endloop
 endfacet
 facet normal  0.000000e+00  0.000000e+00 -1.000000e+00
   outer loop
     vertex  1.330970e+02 -1.038500e+02  0.000000e+00
     vertex  1.330470e+02 -1.039706e+02  0.000000e+00
     vertex  1.314730e+02 -1.039706e+02  0.000000e+00
   endloop
 endfacet
 facet normal  0.000000e+00 -0.000000e+00 -1.000000e+00
   outer loop
     vertex  1.247500e+02 -9.540801e+01  0.000000e+00
     vertex  1.248536e+02 -9.912145e+01  0.000000e+00
     vertex  1.247500e+02 -9.904199e+01  0.000000e+00
   endloop
 endfacet
 facet normal  0.000000e+00  0.000000e+00 -1.000000e+00
   outer loop
     vertex  1.247500e+02 -9.540801e+01  0.000000e+00
     vertex  1.247500e+02 -9.904199e+01  0.000000e+00
     vertex  1.246294e+02 -9.545796e+01  0.000000e+00
   endloop
 endfacet
 facet normal  0.000000e+00  0.000000e+00 -1.000000e+00
   outer loop
     vertex  1.220670e+02 -9.272500e+01  0.000000e+00
     vertex  1.220170e+02 -9.284559e+01  0.000000e+00
     vertex  1.184830e+02 -9.284559e+01  0.000000e+00
   endloop
 endfacet
 facet normal -0.000000e+00  0.000000e+00 -1.000000e+00
   outer loop
     vertex  1.220670e+02 -9.272500e+01  0.000000e+00
     vertex  1.184830e+02 -9.284559e+01  0.000000e+00
     vertex  1.184330e+02 -9.272500e+01  0.000000e+00
   endloop
 endfacet
 facet normal  0.000000e+00 -0.000000e+00 -1.000000e+00
   outer loop
     vertex  1.227500e+02 -9.340801e+01  0.000000e+00
     vertex  1.240170e+02 -9.484559e+01  0.000000e+00
     vertex  1.226294e+02 -9.345796e+01  0.000000e+00
   endloop
 endfacet
 facet normal  0.000000e+00  0.000000e+00 -1.000000e+00
   outer loop
     vertex  1.227500e+02 -9.340801e+01  0.000000e+00
     vertex  1.240670e+02 -9.472500e+01  0.000000e+00
     vertex  1.240170e+02 -9.484559e+01  0.000000e+00
   endloop
 endfacet
 facet normal  0.000000e+00  0.000000e+00 -1.000000e+00
   outer loop
     vertex  1.353000e+02 -1.058750e+02  0.000000e+00
     vertex  1.309900e+02 -1.046000e+02  0.000000e+00
     vertex  1.311194e+02 -1.045830e+02  0.000000e+00
   endloop
 endfacet
 facet normal  0.000000e+00  0.000000e+00 -1.000000e+00
   outer loop
     vertex  1.353000e+02 -1.058750e+02  0.000000e+00
     vertex  1.334006e+02 -1.045830e+02  0.000000e+00
     vertex  1.335300e+02 -1.046000e+02  0.000000e+00
   endloop
 endfacet
 facet normal  0.000000e+00  0.000000e+00 -1.000000e+00
   outer loop
     vertex  1.353000e+02 -1.058750e+02  0.000000e+00
     vertex  1.336594e+02 -1.045830e+02  0.000000e+00
     vertex  1.337800e+02 -1.045330e+02  0.000000e+00
   endloop
 endfacet
 facet normal  0.000000e+00  0.000000e+00 -1.000000e+00
   outer loop
     vertex  1.353000e+02 -1.058750e+02  0.000000e+00
     vertex  1.335300e+02 -1.046000e+02  0.000000e+00
     vertex  1.336594e+02 -1.045830e+02  0.000000e+00
   endloop
 endfacet
 facet normal  0.000000e+00  0.000000e+00 -1.000000e+00
   outer loop
     vertex  1.353000e+02 -1.058750e+02  0.000000e+00
     vertex  1.311194e+02 -1.045830e+02  0.000000e+00
     vertex  1.334006e+02 -1.045830e+02  0.000000e+00
   endloop
 endfacet
 facet normal  0.000000e+00  0.000000e+00 -1.000000e+00
   outer loop
     vertex  1.353000e+02 -1.058750e+02  0.000000e+00
     vertex  1.284500e+02 -1.046000e+02  0.000000e+00
     vertex  1.309900e+02 -1.046000e+02  0.000000e+00
   endloop
 endfacet
 facet normal  0.000000e+00  0.000000e+00 -1.000000e+00
   outer loop
     vertex  1.353000e+02 -1.058750e+02  0.000000e+00
     vertex  1.216000e+02 -1.058750e+02  0.000000e+00
     vertex  1.284500e+02 -1.046000e+02  0.000000e+00
   endloop
 endfacet
 facet normal  0.000000e+00  0.000000e+00 -1.000000e+00
   outer loop
     vertex  1.331764e+02 -1.037464e+02  0.000000e+00
     vertex  1.313436e+02 -1.037464e+02  0.000000e+00
     vertex  1.312400e+02 -1.036670e+02  0.000000e+00
   endloop
 endfacet
 facet normal -0.000000e+00  0.000000e+00 -1.000000e+00
   outer loop
     vertex  1.331764e+02 -1.037464e+02  0.000000e+00
     vertex  1.314230e+02 -1.038500e+02  0.000000e+00
     vertex  1.313436e+02 -1.037464e+02  0.000000e+00
   endloop
 endfacet
 facet normal  0.000000e+00  0.000000e+00 -1.000000e+00
   outer loop
     vertex  1.331764e+02 -1.037464e+02  0.000000e+00
     vertex  1.330970e+02 -1.038500e+02  0.000000e+00
     vertex  1.314230e+02 -1.038500e+02  0.000000e+00
   endloop
 endfacet
 facet normal  0.000000e+00 -0.000000e+00 -1.000000e+00
   outer loop
     vertex  1.338836e+02 -1.044536e+02  0.000000e+00
     vertex  1.353000e+02 -1.058750e+02  0.000000e+00
     vertex  1.337800e+02 -1.045330e+02  0.000000e+00
   endloop
 endfacet
 facet normal  0.000000e+00 -0.000000e+00 -1.000000e+00
   outer loop
     vertex  1.248536e+02 -9.532855e+01  0.000000e+00
     vertex  1.249330e+02 -9.922500e+01  0.000000e+00
     vertex  1.248536e+02 -9.912145e+01  0.000000e+00
   endloop
 endfacet
 facet normal  0.000000e+00  0.000000e+00 -1.000000e+00
   outer loop
     vertex  1.248536e+02 -9.532855e+01  0.000000e+00
     vertex  1.248536e+02 -9.912145e+01  0.000000e+00
     vertex  1.247500e+02 -9.540801e+01  0.000000e+00
   endloop
 endfacet
 facet normal  0.000000e+00  0.000000e+00 -1.000000e+00
   outer loop
     vertex  1.221464e+02 -9.262145e+01  0.000000e+00
     vertex  1.220670e+02 -9.272500e+01  0.000000e+00
     vertex  1.184330e+02 -9.272500e+01  0.000000e+00
   endloop
 endfacet
 facet normal -0.000000e+00  0.000000e+00 -1.000000e+00
   outer loop
     vertex  1.221464e+02 -9.262145e+01  0.000000e+00
     vertex  1.184330e+02 -9.272500e+01  0.000000e+00
     vertex  1.183536e+02 -9.262144e+01  0.000000e+00
   endloop
 endfacet
 facet normal  0.000000e+00 -0.000000e+00 -1.000000e+00
   outer loop
     vertex  1.228536e+02 -9.332855e+01  0.000000e+00
     vertex  1.240670e+02 -9.472500e+01  0.000000e+00
     vertex  1.227500e+02 -9.340801e+01  0.000000e+00
   endloop
 endfacet
 facet normal  0.000000e+00  0.000000e+00 -1.000000e+00
   outer loop
     vertex  1.228536e+02 -9.332855e+01  0.000000e+00
     vertex  1.241464e+02 -9.462145e+01  0.000000e+00
     vertex  1.240670e+02 -9.472500e+01  0.000000e+00
   endloop
 endfacet
 facet normal  0.000000e+00 -0.000000e+00 -1.000000e+00
   outer loop
     vertex  1.339630e+02 -1.043500e+02  0.000000e+00
     vertex  1.353000e+02 -1.058750e+02  0.000000e+00
     vertex  1.338836e+02 -1.044536e+02  0.000000e+00
   endloop
 endfacet
 facet normal -0.000000e+00  0.000000e+00 -1.000000e+00
   outer loop
     vertex  1.332800e+02 -1.036670e+02  0.000000e+00
     vertex  1.331764e+02 -1.037464e+02  0.000000e+00
     vertex  1.312400e+02 -1.036670e+02  0.000000e+00
   endloop
 endfacet
 facet normal  0.000000e+00  0.000000e+00 -1.000000e+00
   outer loop
     vertex  1.249330e+02 -9.522500e+01  0.000000e+00
     vertex  1.249330e+02 -9.922500e+01  0.000000e+00
     vertex  1.248536e+02 -9.532855e+01  0.000000e+00
   endloop
 endfacet
 facet normal -0.000000e+00  0.000000e+00 -1.000000e+00
   outer loop
     vertex  1.222500e+02 -9.254199e+01  0.000000e+00
     vertex  1.183536e+02 -9.262144e+01  0.000000e+00
     vertex  1.182500e+02 -9.254198e+01  0.000000e+00
   endloop
 endfacet
 facet normal  0.000000e+00  0.000000e+00 -1.000000e+00
   outer loop
     vertex  1.222500e+02 -9.254199e+01  0.000000e+00
     vertex  1.221464e+02 -9.262145e+01  0.000000e+00
     vertex  1.183536e+02 -9.262144e+01  0.000000e+00
   endloop
 endfacet
 facet normal  0.000000e+00 -0.000000e+00 -1.000000e+00
   outer loop
     vertex  1.229330e+02 -9.322500e+01  0.000000e+00
     vertex  1.241464e+02 -9.462145e+01  0.000000e+00
     vertex  1.228536e+02 -9.332855e+01  0.000000e+00
   endloop
 endfacet
 facet normal  0.000000e+00  0.000000e+00 -1.000000e+00
   outer loop
     vertex  1.229330e+02 -9.322500e+01  0.000000e+00
     vertex  1.242500e+02 -9.454199e+01  0.000000e+00
     vertex  1.241464e+02 -9.462145e+01  0.000000e+00
   endloop
 endfacet
 facet normal  0.000000e+00 -0.000000e+00 -1.000000e+00
   outer loop
     vertex  1.340130e+02 -1.042294e+02  0.000000e+00
     vertex  1.353000e+02 -1.058750e+02  0.000000e+00
     vertex  1.339630e+02 -1.043500e+02  0.000000e+00
   endloop
 endfacet
 facet normal -0.000000e+00  0.000000e+00 -1.000000e+00
   outer loop
     vertex  1.243706e+02 -9.449204e+01  0.000000e+00
     vertex  1.242500e+02 -9.454199e+01  0.000000e+00
     vertex  1.229330e+02 -9.322500e+01  0.000000e+00
   endloop
 endfacet
 facet normal  0.000000e+00 -0.000000e+00 -1.000000e+00
   outer loop
     vertex  1.229830e+02 -9.310441e+01  0.000000e+00
     vertex  1.243706e+02 -9.449204e+01  0.000000e+00
     vertex  1.229330e+02 -9.322500e+01  0.000000e+00
   endloop
 endfacet
 facet normal  0.000000e+00 -0.000000e+00 -1.000000e+00
   outer loop
     vertex  1.340300e+02 -1.041000e+02  0.000000e+00
     vertex  1.353000e+02 -1.058750e+02  0.000000e+00
     vertex  1.340130e+02 -1.042294e+02  0.000000e+00
   endloop
 endfacet
 facet normal  0.000000e+00 -0.000000e+00 -1.000000e+00
   outer loop
     vertex  1.230000e+02 -9.297500e+01  0.000000e+00
     vertex  1.243706e+02 -9.449204e+01  0.000000e+00
     vertex  1.229830e+02 -9.310441e+01  0.000000e+00
   endloop
 endfacet
 facet normal  0.000000e+00  0.000000e+00 -1.000000e+00
   outer loop
     vertex  1.230000e+02 -9.297500e+01  0.000000e+00
     vertex  1.245000e+02 -9.447500e+01  0.000000e+00
     vertex  1.243706e+02 -9.449204e+01  0.000000e+00
   endloop
 endfacet
 facet normal  0.000000e+00  0.000000e+00 -1.000000e+00
   outer loop
     vertex  1.229830e+02 -9.284559e+01  0.000000e+00
     vertex  1.245000e+02 -9.447500e+01  0.000000e+00
     vertex  1.230000e+02 -9.297500e+01  0.000000e+00
   endloop
 endfacet
 facet normal  0.000000e+00  0.000000e+00 -1.000000e+00
   outer loop
     vertex  1.229830e+02 -9.284559e+01  0.000000e+00
     vertex  1.246294e+02 -9.449204e+01  0.000000e+00
     vertex  1.245000e+02 -9.447500e+01  0.000000e+00
   endloop
 endfacet
 facet normal  0.000000e+00  0.000000e+00 -1.000000e+00
   outer loop
     vertex  1.326464e+02 -9.982855e+01  0.000000e+00
     vertex  1.311194e+02 -1.036170e+02  0.000000e+00
     vertex  1.309900e+02 -1.036000e+02  0.000000e+00
   endloop
 endfacet
 facet normal  0.000000e+00 -0.000000e+00 -1.000000e+00
   outer loop
     vertex  1.176464e+02 -8.482855e+01  0.000000e+00
     vertex  1.176464e+02 -9.262144e+01  0.000000e+00
     vertex  1.175670e+02 -9.272500e+01  0.000000e+00
   endloop
 endfacet
 facet normal  0.000000e+00  0.000000e+00 -1.000000e+00
   outer loop
     vertex  1.327500e+02 -9.990801e+01  0.000000e+00
     vertex  1.312400e+02 -1.036670e+02  0.000000e+00
     vertex  1.311194e+02 -1.036170e+02  0.000000e+00
   endloop
 endfacet
 facet normal -0.000000e+00  0.000000e+00 -1.000000e+00
   outer loop
     vertex  1.327500e+02 -9.990801e+01  0.000000e+00
     vertex  1.311194e+02 -1.036170e+02  0.000000e+00
     vertex  1.326464e+02 -9.982855e+01  0.000000e+00
   endloop
 endfacet
 facet normal  0.000000e+00  0.000000e+00 -1.000000e+00
   outer loop
     vertex  1.325670e+02 -9.972500e+01  0.000000e+00
     vertex  1.309900e+02 -1.036000e+02  0.000000e+00
     vertex  1.308606e+02 -1.036170e+02  0.000000e+00
   endloop
 endfacet
 facet normal  0.000000e+00 -0.000000e+00 -1.000000e+00
   outer loop
     vertex  1.325670e+02 -9.972500e+01  0.000000e+00
     vertex  1.326464e+02 -9.982855e+01  0.000000e+00
     vertex  1.309900e+02 -1.036000e+02  0.000000e+00
   endloop
 endfacet
 facet normal  0.000000e+00  0.000000e+00 -1.000000e+00
   outer loop
     vertex  1.175670e+02 -8.472500e+01  0.000000e+00
     vertex  1.176464e+02 -8.482855e+01  0.000000e+00
     vertex  1.175670e+02 -9.272500e+01  0.000000e+00
   endloop
 endfacet
 facet normal  0.000000e+00 -0.000000e+00 -1.000000e+00
   outer loop
     vertex  1.175670e+02 -8.472500e+01  0.000000e+00
     vertex  1.175670e+02 -9.272500e+01  0.000000e+00
     vertex  1.175170e+02 -9.284559e+01  0.000000e+00
   endloop
 endfacet
 facet normal  0.000000e+00 -0.000000e+00 -1.000000e+00
   outer loop
     vertex  1.177500e+02 -8.490801e+01  0.000000e+00
     vertex  1.177500e+02 -9.254198e+01  0.000000e+00
     vertex  1.176464e+02 -9.262144e+01  0.000000e+00
   endloop
 endfacet
 facet normal -0.000000e+00  0.000000e+00 -1.000000e+00
   outer loop
     vertex  1.177500e+02 -8.490801e+01  0.000000e+00
     vertex  1.176464e+02 -9.262144e+01  0.000000e+00
     vertex  1.176464e+02 -8.482855e+01  0.000000e+00
   endloop
 endfacet
 facet normal  0.000000e+00  0.000000e+00 -1.000000e+00
   outer loop
     vertex  1.325170e+02 -9.960441e+01  0.000000e+00
     vertex  1.308606e+02 -1.036170e+02  0.000000e+00
     vertex  1.285794e+02 -1.036170e+02  0.000000e+00
   endloop
 endfacet
 facet normal  0.000000e+00 -0.000000e+00 -1.000000e+00
   outer loop
     vertex  1.325170e+02 -9.960441e+01  0.000000e+00
     vertex  1.325670e+02 -9.972500e+01  0.000000e+00
     vertex  1.308606e+02 -1.036170e+02  0.000000e+00
   endloop
 endfacet
 facet normal  0.000000e+00  0.000000e+00 -1.000000e+00
   outer loop
     vertex  1.325170e+02 -9.960441e+01  0.000000e+00
     vertex  1.285794e+02 -1.036170e+02  0.000000e+00
     vertex  1.284500e+02 -1.036000e+02  0.000000e+00
   endloop
 endfacet
 facet normal -0.000000e+00  0.000000e+00 -1.000000e+00
   outer loop
     vertex  1.328706e+02 -9.995796e+01  0.000000e+00
     vertex  1.312400e+02 -1.036670e+02  0.000000e+00
     vertex  1.327500e+02 -9.990801e+01  0.000000e+00
   endloop
 endfacet
 facet normal  0.000000e+00 -0.000000e+00 -1.000000e+00
   outer loop
     vertex  1.328706e+02 -9.995796e+01  0.000000e+00
     vertex  1.332800e+02 -1.036670e+02  0.000000e+00
     vertex  1.312400e+02 -1.036670e+02  0.000000e+00
   endloop
 endfacet
 facet normal  0.000000e+00  0.000000e+00 -1.000000e+00
   outer loop
     vertex  1.328706e+02 -9.995796e+01  0.000000e+00
     vertex  1.334006e+02 -1.036170e+02  0.000000e+00
     vertex  1.332800e+02 -1.036670e+02  0.000000e+00
   endloop
 endfacet
 facet normal  0.000000e+00 -0.000000e+00 -1.000000e+00
   outer loop
     vertex  1.178706e+02 -8.495796e+01  0.000000e+00
     vertex  1.178706e+02 -9.249203e+01  0.000000e+00
     vertex  1.177500e+02 -9.254198e+01  0.000000e+00
   endloop
 endfacet
 facet normal -0.000000e+00  0.000000e+00 -1.000000e+00
   outer loop
     vertex  1.178706e+02 -8.495796e+01  0.000000e+00
     vertex  1.177500e+02 -9.254198e+01  0.000000e+00
     vertex  1.177500e+02 -8.490801e+01  0.000000e+00
   endloop
 endfacet
 facet normal  0.000000e+00  0.000000e+00 -1.000000e+00
   outer loop
     vertex  1.175170e+02 -8.460441e+01  0.000000e+00
     vertex  1.175670e+02 -8.472500e+01  0.000000e+00
     vertex  1.175170e+02 -9.284559e+01  0.000000e+00
   endloop
 endfacet
 facet normal  0.000000e+00 -0.000000e+00 -1.000000e+00
   outer loop
     vertex  1.325000e+02 -9.947500e+01  0.000000e+00
     vertex  1.325170e+02 -9.960441e+01  0.000000e+00
     vertex  1.284500e+02 -1.036000e+02  0.000000e+00
   endloop
 endfacet
 facet normal -0.000000e+00  0.000000e+00 -1.000000e+00
   outer loop
     vertex  1.325000e+02 -9.947500e+01  0.000000e+00
     vertex  1.250000e+02 -9.947500e+01  0.000000e+00
     vertex  1.249830e+02 -9.934559e+01  0.000000e+00
   endloop
 endfacet
 facet normal  0.000000e+00  0.000000e+00 -1.000000e+00
   outer loop
     vertex  1.325000e+02 -9.947500e+01  0.000000e+00
     vertex  1.284500e+02 -1.036000e+02  0.000000e+00
     vertex  1.250000e+02 -9.947500e+01  0.000000e+00
   endloop
 endfacet
 facet normal -0.000000e+00 -0.000000e+00 -1.000000e+00
   outer loop
     vertex  1.330000e+02 -9.997500e+01  0.000000e+00
     vertex  1.334006e+02 -1.036170e+02  0.000000e+00
     vertex  1.328706e+02 -9.995796e+01  0.000000e+00
   endloop
 endfacet
 facet normal  0.000000e+00  0.000000e+00 -1.000000e+00
   outer loop
     vertex  1.330000e+02 -9.997500e+01  0.000000e+00
     vertex  1.335300e+02 -1.036000e+02  0.000000e+00
     vertex  1.334006e+02 -1.036170e+02  0.000000e+00
   endloop
 endfacet
 facet normal -0.000000e+00  0.000000e+00 -1.000000e+00
   outer loop
     vertex  1.180000e+02 -8.497500e+01  0.000000e+00
     vertex  1.178706e+02 -9.249203e+01  0.000000e+00
     vertex  1.178706e+02 -8.495796e+01  0.000000e+00
   endloop
 endfacet
 facet normal  0.000000e+00 -0.000000e+00 -1.000000e+00
   outer loop
     vertex  1.180000e+02 -8.497500e+01  0.000000e+00
     vertex  1.180000e+02 -9.247500e+01  0.000000e+00
     vertex  1.178706e+02 -9.249203e+01  0.000000e+00
   endloop
 endfacet
 facet normal -0.000000e+00  0.000000e+00 -1.000000e+00
   outer loop
     vertex  1.325170e+02 -9.934559e+01  0.000000e+00
     vertex  1.249830e+02 -9.934559e+01  0.000000e+00
     vertex  1.249330e+02 -9.922500e+01  0.000000e+00
   endloop
 endfacet
 facet normal  0.000000e+00  0.000000e+00 -1.000000e+00
   outer loop
     vertex  1.325170e+02 -9.934559e+01  0.000000e+00
     vertex  1.325000e+02 -9.947500e+01  0.000000e+00
     vertex  1.249830e+02 -9.934559e+01  0.000000e+00
   endloop
 endfacet
 facet normal  0.000000e+00  0.000000e+00 -1.000000e+00
   outer loop
     vertex  1.331294e+02 -9.995796e+01  0.000000e+00
     vertex  1.336594e+02 -1.036170e+02  0.000000e+00
     vertex  1.335300e+02 -1.036000e+02  0.000000e+00
   endloop
 endfacet
 facet normal  0.000000e+00 -0.000000e+00 -1.000000e+00
   outer loop
     vertex  1.331294e+02 -9.995796e+01  0.000000e+00
     vertex  1.335300e+02 -1.036000e+02  0.000000e+00
     vertex  1.330000e+02 -9.997500e+01  0.000000e+00
   endloop
 endfacet
 facet normal  0.000000e+00 -0.000000e+00 -1.000000e+00
   outer loop
     vertex  1.181294e+02 -8.495796e+01  0.000000e+00
     vertex  1.181294e+02 -9.249203e+01  0.000000e+00
     vertex  1.180000e+02 -9.247500e+01  0.000000e+00
   endloop
 endfacet
 facet normal  0.000000e+00  0.000000e+00 -1.000000e+00
   outer loop
     vertex  1.181294e+02 -8.495796e+01  0.000000e+00
     vertex  1.180000e+02 -9.247500e+01  0.000000e+00
     vertex  1.180000e+02 -8.497500e+01  0.000000e+00
   endloop
 endfacet
 facet normal  0.000000e+00 -0.000000e+00 -1.000000e+00
   outer loop
     vertex  1.332500e+02 -9.990801e+01  0.000000e+00
     vertex  1.336594e+02 -1.036170e+02  0.000000e+00
     vertex  1.331294e+02 -9.995796e+01  0.000000e+00
   endloop
 endfacet
 facet normal  0.000000e+00  0.000000e+00 -1.000000e+00
   outer loop
     vertex  1.332500e+02 -9.990801e+01  0.000000e+00
     vertex  1.337800e+02 -1.036670e+02  0.000000e+00
     vertex  1.336594e+02 -1.036170e+02  0.000000e+00
   endloop
 endfacet
 facet normal  0.000000e+00  0.000000e+00 -1.000000e+00
   outer loop
     vertex  1.325670e+02 -9.922500e+01  0.000000e+00
     vertex  1.325170e+02 -9.934559e+01  0.000000e+00
     vertex  1.249330e+02 -9.922500e+01  0.000000e+00
   endloop
 endfacet
 facet normal -0.000000e+00  0.000000e+00 -1.000000e+00
   outer loop
     vertex  1.325670e+02 -9.922500e+01  0.000000e+00
     vertex  1.249330e+02 -9.922500e+01  0.000000e+00
     vertex  1.249330e+02 -9.522500e+01  0.000000e+00
   endloop
 endfacet
 facet normal  0.000000e+00 -0.000000e+00 -1.000000e+00
   outer loop
     vertex  1.182500e+02 -8.490801e+01  0.000000e+00
     vertex  1.182500e+02 -9.254198e+01  0.000000e+00
     vertex  1.181294e+02 -9.249203e+01  0.000000e+00
   endloop
 endfacet
 facet normal  0.000000e+00  0.000000e+00 -1.000000e+00
   outer loop
     vertex  1.182500e+02 -8.490801e+01  0.000000e+00
     vertex  1.181294e+02 -9.249203e+01  0.000000e+00
     vertex  1.181294e+02 -8.495796e+01  0.000000e+00
   endloop
 endfacet
 facet normal  0.000000e+00 -0.000000e+00 -1.000000e+00
   outer loop
     vertex  1.333536e+02 -9.982855e+01  0.000000e+00
     vertex  1.337800e+02 -1.036670e+02  0.000000e+00
     vertex  1.332500e+02 -9.990801e+01  0.000000e+00
   endloop
 endfacet
 facet normal -0.000000e+00  0.000000e+00 -1.000000e+00
   outer loop
     vertex  1.379023e+02 -1.022267e+02  0.000000e+00
     vertex  1.337800e+02 -1.036670e+02  0.000000e+00
     vertex  1.333536e+02 -9.982855e+01  0.000000e+00
   endloop
 endfacet
 facet normal  0.000000e+00  0.000000e+00 -1.000000e+00
   outer loop
     vertex  1.379023e+02 -1.022267e+02  0.000000e+00
     vertex  1.338836e+02 -1.037464e+02  0.000000e+00
     vertex  1.337800e+02 -1.036670e+02  0.000000e+00
   endloop
 endfacet
 facet normal  0.000000e+00  0.000000e+00 -1.000000e+00
   outer loop
     vertex  1.379023e+02 -1.022267e+02  0.000000e+00
     vertex  1.339630e+02 -1.038500e+02  0.000000e+00
     vertex  1.338836e+02 -1.037464e+02  0.000000e+00
   endloop
 endfacet
 facet normal  0.000000e+00  0.000000e+00 -1.000000e+00
   outer loop
     vertex  1.379023e+02 -1.022267e+02  0.000000e+00
     vertex  1.340130e+02 -1.039706e+02  0.000000e+00
     vertex  1.339630e+02 -1.038500e+02  0.000000e+00
   endloop
 endfacet
 facet normal  0.000000e+00  0.000000e+00 -1.000000e+00
   outer loop
     vertex  1.379023e+02 -1.022267e+02  0.000000e+00
     vertex  1.340300e+02 -1.041000e+02  0.000000e+00
     vertex  1.340130e+02 -1.039706e+02  0.000000e+00
   endloop
 endfacet
 facet normal  0.000000e+00  0.000000e+00 -1.000000e+00
   outer loop
     vertex  1.379023e+02 -1.022267e+02  0.000000e+00
     vertex  1.334330e+02 -9.972500e+01  0.000000e+00
     vertex  1.334830e+02 -9.960441e+01  0.000000e+00
   endloop
 endfacet
 facet normal  0.000000e+00  0.000000e+00 -1.000000e+00
   outer loop
     vertex  1.379023e+02 -1.022267e+02  0.000000e+00
     vertex  1.333536e+02 -9.982855e+01  0.000000e+00
     vertex  1.334330e+02 -9.972500e+01  0.000000e+00
   endloop
 endfacet
 facet normal  0.000000e+00  0.000000e+00 -1.000000e+00
   outer loop
     vertex  1.379023e+02 -1.022267e+02  0.000000e+00
     vertex  1.353000e+02 -1.058750e+02  0.000000e+00
     vertex  1.340300e+02 -1.041000e+02  0.000000e+00
   endloop
 endfacet
 facet normal  0.000000e+00  0.000000e+00 -1.000000e+00
   outer loop
     vertex  1.152500e+02 -7.920000e+01  0.000000e+00
     vertex  1.175170e+02 -8.460441e+01  0.000000e+00
     vertex  1.175170e+02 -9.284559e+01  0.000000e+00
   endloop
 endfacet
 facet normal  0.000000e+00  0.000000e+00 -1.000000e+00
   outer loop
     vertex  1.152500e+02 -7.920000e+01  0.000000e+00
     vertex  1.175000e+02 -9.297500e+01  0.000000e+00
     vertex  1.152500e+02 -1.022250e+02  0.000000e+00
   endloop
 endfacet
 facet normal  0.000000e+00  0.000000e+00 -1.000000e+00
   outer loop
     vertex  1.152500e+02 -7.920000e+01  0.000000e+00
     vertex  1.175170e+02 -9.284559e+01  0.000000e+00
     vertex  1.175000e+02 -9.297500e+01  0.000000e+00
   endloop
 endfacet
 facet normal  0.000000e+00  0.000000e+00 -1.000000e+00
   outer loop
     vertex  1.152500e+02 -7.920000e+01  0.000000e+00
     vertex  1.175000e+02 -8.447500e+01  0.000000e+00
     vertex  1.175170e+02 -8.460441e+01  0.000000e+00
   endloop
 endfacet
 facet normal  0.000000e+00  0.000000e+00 -1.000000e+00
   outer loop
     vertex  1.152500e+02 -7.920000e+01  0.000000e+00
     vertex  1.175170e+02 -8.434559e+01  0.000000e+00
     vertex  1.175000e+02 -8.447500e+01  0.000000e+00
   endloop
 endfacet
 facet normal  0.000000e+00  0.000000e+00 -1.000000e+00
   outer loop
     vertex  1.152500e+02 -7.920000e+01  0.000000e+00
     vertex  1.175670e+02 -8.422500e+01  0.000000e+00
     vertex  1.175170e+02 -8.434559e+01  0.000000e+00
   endloop
 endfacet
 facet normal  0.000000e+00  0.000000e+00 -1.000000e+00
   outer loop
     vertex  1.152500e+02 -7.920000e+01  0.000000e+00
     vertex  1.176464e+02 -8.412145e+01  0.000000e+00
     vertex  1.175670e+02 -8.422500e+01  0.000000e+00
   endloop
 endfacet
 facet normal  0.000000e+00  0.000000e+00 -1.000000e+00
   outer loop
     vertex  1.152500e+02 -7.920000e+01  0.000000e+00
     vertex  1.177500e+02 -8.404199e+01  0.000000e+00
     vertex  1.176464e+02 -8.412145e+01  0.000000e+00
   endloop
 endfacet
 facet normal  0.000000e+00  0.000000e+00 -1.000000e+00
   outer loop
     vertex  1.152500e+02 -7.920000e+01  0.000000e+00
     vertex  1.178706e+02 -8.399204e+01  0.000000e+00
     vertex  1.177500e+02 -8.404199e+01  0.000000e+00
   endloop
 endfacet
 facet normal  0.000000e+00  0.000000e+00 -1.000000e+00
   outer loop
     vertex  1.271590e+02 -9.031599e+01  0.000000e+00
     vertex  1.246294e+02 -9.449204e+01  0.000000e+00
     vertex  1.229830e+02 -9.284559e+01  0.000000e+00
   endloop
 endfacet
 facet normal  0.000000e+00  0.000000e+00 -1.000000e+00
   outer loop
     vertex  1.271590e+02 -9.031599e+01  0.000000e+00
     vertex  1.229830e+02 -9.284559e+01  0.000000e+00
     vertex  1.229330e+02 -9.272500e+01  0.000000e+00
   endloop
 endfacet
 facet normal  0.000000e+00  0.000000e+00 -1.000000e+00
   outer loop
     vertex  1.271590e+02 -9.031599e+01  0.000000e+00
     vertex  1.247500e+02 -9.454199e+01  0.000000e+00
     vertex  1.246294e+02 -9.449204e+01  0.000000e+00
   endloop
 endfacet
 facet normal -0.000000e+00  0.000000e+00 -1.000000e+00
   outer loop
     vertex  1.276250e+02 -9.067356e+01  0.000000e+00
     vertex  1.247500e+02 -9.454199e+01  0.000000e+00
     vertex  1.271590e+02 -9.031599e+01  0.000000e+00
   endloop
 endfacet
 facet normal  0.000000e+00  0.000000e+00 -1.000000e+00
   outer loop
     vertex  1.276250e+02 -9.067356e+01  0.000000e+00
     vertex  1.248536e+02 -9.462145e+01  0.000000e+00
     vertex  1.247500e+02 -9.454199e+01  0.000000e+00
   endloop
 endfacet
 facet normal  0.000000e+00  0.000000e+00 -1.000000e+00
   outer loop
     vertex  1.276250e+02 -9.067356e+01  0.000000e+00
     vertex  1.249330e+02 -9.472500e+01  0.000000e+00
     vertex  1.248536e+02 -9.462145e+01  0.000000e+00
   endloop
 endfacet
 facet normal  0.000000e+00  0.000000e+00 -1.000000e+00
   outer loop
     vertex  1.268014e+02 -8.985000e+01  0.000000e+00
     vertex  1.228536e+02 -9.262145e+01  0.000000e+00
     vertex  1.227500e+02 -9.254199e+01  0.000000e+00
   endloop
 endfacet
 facet normal  0.000000e+00  0.000000e+00 -1.000000e+00
   outer loop
     vertex  1.268014e+02 -8.985000e+01  0.000000e+00
     vertex  1.229330e+02 -9.272500e+01  0.000000e+00
     vertex  1.228536e+02 -9.262145e+01  0.000000e+00
   endloop
 endfacet
 facet normal  0.000000e+00 -0.000000e+00 -1.000000e+00
   outer loop
     vertex  1.268014e+02 -8.985000e+01  0.000000e+00
     vertex  1.271590e+02 -9.031599e+01  0.000000e+00
     vertex  1.229330e+02 -9.272500e+01  0.000000e+00
   endloop
 endfacet
 facet normal  0.000000e+00  0.000000e+00 -1.000000e+00
   outer loop
     vertex  1.265767e+02 -8.930734e+01  0.000000e+00
     vertex  1.227500e+02 -9.254199e+01  0.000000e+00
     vertex  1.226294e+02 -9.249204e+01  0.000000e+00
   endloop
 endfacet
 facet normal  0.000000e+00 -0.000000e+00 -1.000000e+00
   outer loop
     vertex  1.265767e+02 -8.930734e+01  0.000000e+00
     vertex  1.268014e+02 -8.985000e+01  0.000000e+00
     vertex  1.227500e+02 -9.254199e+01  0.000000e+00
   endloop
 endfacet
 facet normal -0.000000e+00  0.000000e+00 -1.000000e+00
   outer loop
     vertex  1.281677e+02 -9.089833e+01  0.000000e+00
     vertex  1.249330e+02 -9.472500e+01  0.000000e+00
     vertex  1.276250e+02 -9.067356e+01  0.000000e+00
   endloop
 endfacet
 facet normal  0.000000e+00  0.000000e+00 -1.000000e+00
   outer loop
     vertex  1.281677e+02 -9.089833e+01  0.000000e+00
     vertex  1.249830e+02 -9.484559e+01  0.000000e+00
     vertex  1.249330e+02 -9.472500e+01  0.000000e+00
   endloop
 endfacet
 facet normal -0.000000e+00  0.000000e+00 -1.000000e+00
   outer loop
     vertex  1.221464e+02 -8.482856e+01  0.000000e+00
     vertex  1.182500e+02 -8.490801e+01  0.000000e+00
     vertex  1.183536e+02 -8.482855e+01  0.000000e+00
   endloop
 endfacet
 facet normal  0.000000e+00 -0.000000e+00 -1.000000e+00
   outer loop
     vertex  1.326464e+02 -9.532855e+01  0.000000e+00
     vertex  1.327500e+02 -9.904199e+01  0.000000e+00
     vertex  1.326464e+02 -9.912145e+01  0.000000e+00
   endloop
 endfacet
 facet normal  0.000000e+00 -0.000000e+00 -1.000000e+00
   outer loop
     vertex  1.220670e+02 -8.472500e+01  0.000000e+00
     vertex  1.221464e+02 -8.482856e+01  0.000000e+00
     vertex  1.183536e+02 -8.482855e+01  0.000000e+00
   endloop
 endfacet
 facet normal -0.000000e+00  0.000000e+00 -1.000000e+00
   outer loop
     vertex  1.220670e+02 -8.472500e+01  0.000000e+00
     vertex  1.183536e+02 -8.482855e+01  0.000000e+00
     vertex  1.184330e+02 -8.472500e+01  0.000000e+00
   endloop
 endfacet
 facet normal  0.000000e+00 -0.000000e+00 -1.000000e+00
   outer loop
     vertex  1.222500e+02 -8.490802e+01  0.000000e+00
     vertex  1.222500e+02 -9.254199e+01  0.000000e+00
     vertex  1.182500e+02 -9.254198e+01  0.000000e+00
   endloop
 endfacet
 facet normal -0.000000e+00  0.000000e+00 -1.000000e+00
   outer loop
     vertex  1.222500e+02 -8.490802e+01  0.000000e+00
     vertex  1.182500e+02 -9.254198e+01  0.000000e+00
     vertex  1.182500e+02 -8.490801e+01  0.000000e+00
   endloop
 endfacet
 facet normal  0.000000e+00  0.000000e+00 -1.000000e+00
   outer loop
     vertex  1.222500e+02 -8.490802e+01  0.000000e+00
     vertex  1.182500e+02 -8.490801e+01  0.000000e+00
     vertex  1.221464e+02 -8.482856e+01  0.000000e+00
   endloop
 endfacet
 facet normal -0.000000e+00  0.000000e+00 -1.000000e+00
   outer loop
     vertex  1.327500e+02 -9.540801e+01  0.000000e+00
     vertex  1.327500e+02 -9.904199e+01  0.000000e+00
     vertex  1.326464e+02 -9.532855e+01  0.000000e+00
   endloop
 endfacet
 facet normal  0.000000e+00 -0.000000e+00 -1.000000e+00
   outer loop
     vertex  1.327500e+02 -9.540801e+01  0.000000e+00
     vertex  1.328706e+02 -9.899204e+01  0.000000e+00
     vertex  1.327500e+02 -9.904199e+01  0.000000e+00
   endloop
 endfacet
 facet normal  0.000000e+00  0.000000e+00 -1.000000e+00
   outer loop
     vertex  1.325670e+02 -9.522500e+01  0.000000e+00
     vertex  1.326464e+02 -9.532855e+01  0.000000e+00
     vertex  1.326464e+02 -9.912145e+01  0.000000e+00
   endloop
 endfacet
 facet normal  0.000000e+00  0.000000e+00 -1.000000e+00
   outer loop
     vertex  1.325670e+02 -9.522500e+01  0.000000e+00
     vertex  1.325670e+02 -9.922500e+01  0.000000e+00
     vertex  1.249330e+02 -9.522500e+01  0.000000e+00
   endloop
 endfacet
 facet normal  0.000000e+00 -0.000000e+00 -1.000000e+00
   outer loop
     vertex  1.325670e+02 -9.522500e+01  0.000000e+00
     vertex  1.326464e+02 -9.912145e+01  0.000000e+00
     vertex  1.325670e+02 -9.922500e+01  0.000000e+00
   endloop
 endfacet
 facet normal -0.000000e+00  0.000000e+00 -1.000000e+00
   outer loop
     vertex  1.325670e+02 -9.522500e+01  0.000000e+00
     vertex  1.249330e+02 -9.522500e+01  0.000000e+00
     vertex  1.249830e+02 -9.510441e+01  0.000000e+00
   endloop
 endfacet
 facet normal -0.000000e+00  0.000000e+00 -1.000000e+00
   outer loop
     vertex  1.223706e+02 -8.495797e+01  0.000000e+00
     vertex  1.222500e+02 -9.254199e+01  0.000000e+00
     vertex  1.222500e+02 -8.490802e+01  0.000000e+00
   endloop
 endfacet
 facet normal  0.000000e+00 -0.000000e+00 -1.000000e+00
   outer loop
     vertex  1.223706e+02 -8.495797e+01  0.000000e+00
     vertex  1.223706e+02 -9.249204e+01  0.000000e+00
     vertex  1.222500e+02 -9.254199e+01  0.000000e+00
   endloop
 endfacet
 facet normal  0.000000e+00 -0.000000e+00 -1.000000e+00
   outer loop
     vertex  1.220170e+02 -8.460441e+01  0.000000e+00
     vertex  1.220670e+02 -8.472500e+01  0.000000e+00
     vertex  1.184330e+02 -8.472500e+01  0.000000e+00
   endloop
 endfacet
 facet normal -0.000000e+00  0.000000e+00 -1.000000e+00
   outer loop
     vertex  1.220170e+02 -8.460441e+01  0.000000e+00
     vertex  1.184330e+02 -8.472500e+01  0.000000e+00
     vertex  1.184830e+02 -8.460441e+01  0.000000e+00
   endloop
 endfacet
 facet normal  0.000000e+00 -0.000000e+00 -1.000000e+00
   outer loop
     vertex  1.328706e+02 -9.545796e+01  0.000000e+00
     vertex  1.330000e+02 -9.897500e+01  0.000000e+00
     vertex  1.328706e+02 -9.899204e+01  0.000000e+00
   endloop
 endfacet
 facet normal -0.000000e+00  0.000000e+00 -1.000000e+00
   outer loop
     vertex  1.328706e+02 -9.545796e+01  0.000000e+00
     vertex  1.328706e+02 -9.899204e+01  0.000000e+00
     vertex  1.327500e+02 -9.540801e+01  0.000000e+00
   endloop
 endfacet
 facet normal  0.000000e+00 -0.000000e+00 -1.000000e+00
   outer loop
     vertex  1.325170e+02 -9.510441e+01  0.000000e+00
     vertex  1.325670e+02 -9.522500e+01  0.000000e+00
     vertex  1.249830e+02 -9.510441e+01  0.000000e+00
   endloop
 endfacet
 facet normal -0.000000e+00  0.000000e+00 -1.000000e+00
   outer loop
     vertex  1.325170e+02 -9.510441e+01  0.000000e+00
     vertex  1.249830e+02 -9.510441e+01  0.000000e+00
     vertex  1.250000e+02 -9.497500e+01  0.000000e+00
   endloop
 endfacet
 facet normal -0.000000e+00  0.000000e+00 -1.000000e+00
   outer loop
     vertex  1.225000e+02 -8.497500e+01  0.000000e+00
     vertex  1.223706e+02 -9.249204e+01  0.000000e+00
     vertex  1.223706e+02 -8.495797e+01  0.000000e+00
   endloop
 endfacet
 facet normal  0.000000e+00 -0.000000e+00 -1.000000e+00
   outer loop
     vertex  1.225000e+02 -8.497500e+01  0.000000e+00
     vertex  1.225000e+02 -9.247500e+01  0.000000e+00
     vertex  1.223706e+02 -9.249204e+01  0.000000e+00
   endloop
 endfacet
 facet normal  0.000000e+00 -0.000000e+00 -1.000000e+00
   outer loop
     vertex  1.220000e+02 -8.447500e+01  0.000000e+00
     vertex  1.220170e+02 -8.460441e+01  0.000000e+00
     vertex  1.184830e+02 -8.460441e+01  0.000000e+00
   endloop
 endfacet
 facet normal -0.000000e+00  0.000000e+00 -1.000000e+00
   outer loop
     vertex  1.220000e+02 -8.447500e+01  0.000000e+00
     vertex  1.184830e+02 -8.460441e+01  0.000000e+00
     vertex  1.185000e+02 -8.447500e+01  0.000000e+00
   endloop
 endfacet
 facet normal -0.000000e+00  0.000000e+00 -1.000000e+00
   outer loop
     vertex  1.330000e+02 -9.547500e+01  0.000000e+00
     vertex  1.330000e+02 -9.897500e+01  0.000000e+00
     vertex  1.328706e+02 -9.545796e+01  0.000000e+00
   endloop
 endfacet
 facet normal  0.000000e+00 -0.000000e+00 -1.000000e+00
   outer loop
     vertex  1.330000e+02 -9.547500e+01  0.000000e+00
     vertex  1.331294e+02 -9.899204e+01  0.000000e+00
     vertex  1.330000e+02 -9.897500e+01  0.000000e+00
   endloop
 endfacet
 facet normal  0.000000e+00 -0.000000e+00 -1.000000e+00
   outer loop
     vertex  1.325000e+02 -9.497500e+01  0.000000e+00
     vertex  1.325170e+02 -9.510441e+01  0.000000e+00
     vertex  1.250000e+02 -9.497500e+01  0.000000e+00
   endloop
 endfacet
 facet normal  0.000000e+00  0.000000e+00 -1.000000e+00
   outer loop
     vertex  1.220170e+02 -8.434559e+01  0.000000e+00
     vertex  1.220000e+02 -8.447500e+01  0.000000e+00
     vertex  1.185000e+02 -8.447500e+01  0.000000e+00
   endloop
 endfacet
 facet normal -0.000000e+00  0.000000e+00 -1.000000e+00
   outer loop
     vertex  1.220170e+02 -8.434559e+01  0.000000e+00
     vertex  1.185000e+02 -8.447500e+01  0.000000e+00
     vertex  1.184830e+02 -8.434559e+01  0.000000e+00
   endloop
 endfacet
 facet normal  0.000000e+00 -0.000000e+00 -1.000000e+00
   outer loop
     vertex  1.331294e+02 -9.545796e+01  0.000000e+00
     vertex  1.332500e+02 -9.904199e+01  0.000000e+00
     vertex  1.331294e+02 -9.899204e+01  0.000000e+00
   endloop
 endfacet
 facet normal  0.000000e+00  0.000000e+00 -1.000000e+00
   outer loop
     vertex  1.331294e+02 -9.545796e+01  0.000000e+00
     vertex  1.331294e+02 -9.899204e+01  0.000000e+00
     vertex  1.330000e+02 -9.547500e+01  0.000000e+00
   endloop
 endfacet
 facet normal  0.000000e+00  0.000000e+00 -1.000000e+00
   outer loop
     vertex  1.287500e+02 -9.097500e+01  0.000000e+00
     vertex  1.325170e+02 -9.484559e+01  0.000000e+00
     vertex  1.325000e+02 -9.497500e+01  0.000000e+00
   endloop
 endfacet
 facet normal -0.000000e+00  0.000000e+00 -1.000000e+00
   outer loop
     vertex  1.287500e+02 -9.097500e+01  0.000000e+00
     vertex  1.249830e+02 -9.484559e+01  0.000000e+00
     vertex  1.281677e+02 -9.089833e+01  0.000000e+00
   endloop
 endfacet
 facet normal  0.000000e+00 -0.000000e+00 -1.000000e+00
   outer loop
     vertex  1.287500e+02 -9.097500e+01  0.000000e+00
     vertex  1.325000e+02 -9.497500e+01  0.000000e+00
     vertex  1.250000e+02 -9.497500e+01  0.000000e+00
   endloop
 endfacet
 facet normal  0.000000e+00  0.000000e+00 -1.000000e+00
   outer loop
     vertex  1.287500e+02 -9.097500e+01  0.000000e+00
     vertex  1.250000e+02 -9.497500e+01  0.000000e+00
     vertex  1.249830e+02 -9.484559e+01  0.000000e+00
   endloop
 endfacet
 facet normal  0.000000e+00  0.000000e+00 -1.000000e+00
   outer loop
     vertex  1.265000e+02 -8.872500e+01  0.000000e+00
     vertex  1.225000e+02 -8.497500e+01  0.000000e+00
     vertex  1.226294e+02 -8.495797e+01  0.000000e+00
   endloop
 endfacet
 facet normal -0.000000e+00  0.000000e+00 -1.000000e+00
   outer loop
     vertex  1.265000e+02 -8.872500e+01  0.000000e+00
     vertex  1.225000e+02 -9.247500e+01  0.000000e+00
     vertex  1.225000e+02 -8.497500e+01  0.000000e+00
   endloop
 endfacet
 facet normal  0.000000e+00  0.000000e+00 -1.000000e+00
   outer loop
     vertex  1.265000e+02 -8.872500e+01  0.000000e+00
     vertex  1.226294e+02 -9.249204e+01  0.000000e+00
     vertex  1.225000e+02 -9.247500e+01  0.000000e+00
   endloop
 endfacet
 facet normal  0.000000e+00 -0.000000e+00 -1.000000e+00
   outer loop
     vertex  1.265000e+02 -8.872500e+01  0.000000e+00
     vertex  1.265767e+02 -8.930734e+01  0.000000e+00
     vertex  1.226294e+02 -9.249204e+01  0.000000e+00
   endloop
 endfacet
 facet normal  0.000000e+00  0.000000e+00 -1.000000e+00
   outer loop
     vertex  1.220670e+02 -8.422500e+01  0.000000e+00
     vertex  1.220170e+02 -8.434559e+01  0.000000e+00
     vertex  1.184830e+02 -8.434559e+01  0.000000e+00
   endloop
 endfacet
 facet normal -0.000000e+00  0.000000e+00 -1.000000e+00
   outer loop
     vertex  1.220670e+02 -8.422500e+01  0.000000e+00
     vertex  1.184830e+02 -8.434559e+01  0.000000e+00
     vertex  1.184330e+02 -8.422500e+01  0.000000e+00
   endloop
 endfacet
 facet normal  0.000000e+00  0.000000e+00 -1.000000e+00
   outer loop
     vertex  1.332500e+02 -9.540801e+01  0.000000e+00
     vertex  1.332500e+02 -9.904199e+01  0.000000e+00
     vertex  1.331294e+02 -9.545796e+01  0.000000e+00
   endloop
 endfacet
 facet normal  0.000000e+00 -0.000000e+00 -1.000000e+00
   outer loop
     vertex  1.332500e+02 -9.540801e+01  0.000000e+00
     vertex  1.333536e+02 -9.912145e+01  0.000000e+00
     vertex  1.332500e+02 -9.904199e+01  0.000000e+00
   endloop
 endfacet
 facet normal  0.000000e+00  0.000000e+00 -1.000000e+00
   outer loop
     vertex  1.221464e+02 -8.412145e+01  0.000000e+00
     vertex  1.220670e+02 -8.422500e+01  0.000000e+00
     vertex  1.184330e+02 -8.422500e+01  0.000000e+00
   endloop
 endfacet
 facet normal -0.000000e+00  0.000000e+00 -1.000000e+00
   outer loop
     vertex  1.221464e+02 -8.412145e+01  0.000000e+00
     vertex  1.184330e+02 -8.422500e+01  0.000000e+00
     vertex  1.183536e+02 -8.412145e+01  0.000000e+00
   endloop
 endfacet
 facet normal  0.000000e+00  0.000000e+00 -1.000000e+00
   outer loop
     vertex  1.333536e+02 -9.532855e+01  0.000000e+00
     vertex  1.333536e+02 -9.912145e+01  0.000000e+00
     vertex  1.332500e+02 -9.540801e+01  0.000000e+00
   endloop
 endfacet
 facet normal  0.000000e+00 -0.000000e+00 -1.000000e+00
   outer loop
     vertex  1.333536e+02 -9.532855e+01  0.000000e+00
     vertex  1.334330e+02 -9.922500e+01  0.000000e+00
     vertex  1.333536e+02 -9.912145e+01  0.000000e+00
   endloop
 endfacet
 facet normal  0.000000e+00  0.000000e+00 -1.000000e+00
   outer loop
     vertex  1.222500e+02 -8.404199e+01  0.000000e+00
     vertex  1.221464e+02 -8.412145e+01  0.000000e+00
     vertex  1.183536e+02 -8.412145e+01  0.000000e+00
   endloop
 endfacet
 facet normal -0.000000e+00  0.000000e+00 -1.000000e+00
   outer loop
     vertex  1.222500e+02 -8.404199e+01  0.000000e+00
     vertex  1.183536e+02 -8.412145e+01  0.000000e+00
     vertex  1.182500e+02 -8.404199e+01  0.000000e+00
   endloop
 endfacet
 facet normal  0.000000e+00  0.000000e+00 -1.000000e+00
   outer loop
     vertex  1.334330e+02 -9.522500e+01  0.000000e+00
     vertex  1.334330e+02 -9.922500e+01  0.000000e+00
     vertex  1.333536e+02 -9.532855e+01  0.000000e+00
   endloop
 endfacet
 facet normal  0.000000e+00  0.000000e+00 -1.000000e+00
   outer loop
     vertex  1.265767e+02 -8.814266e+01  0.000000e+00
     vertex  1.226294e+02 -8.495797e+01  0.000000e+00
     vertex  1.227500e+02 -8.490802e+01  0.000000e+00
   endloop
 endfacet
 facet normal -0.000000e+00  0.000000e+00 -1.000000e+00
   outer loop
     vertex  1.265767e+02 -8.814266e+01  0.000000e+00
     vertex  1.265000e+02 -8.872500e+01  0.000000e+00
     vertex  1.226294e+02 -8.495797e+01  0.000000e+00
   endloop
 endfacet
 facet normal  0.000000e+00  0.000000e+00 -1.000000e+00
   outer loop
     vertex  1.293323e+02 -9.089833e+01  0.000000e+00
     vertex  1.325670e+02 -9.472500e+01  0.000000e+00
     vertex  1.325170e+02 -9.484559e+01  0.000000e+00
   endloop
 endfacet
 facet normal  0.000000e+00 -0.000000e+00 -1.000000e+00
   outer loop
     vertex  1.293323e+02 -9.089833e+01  0.000000e+00
     vertex  1.325170e+02 -9.484559e+01  0.000000e+00
     vertex  1.287500e+02 -9.097500e+01  0.000000e+00
   endloop
 endfacet
 facet normal  0.000000e+00 -0.000000e+00 -1.000000e+00
   outer loop
     vertex  1.388407e+02 -1.002500e+02  0.000000e+00
     vertex  1.390075e+02 -1.004675e+02  0.000000e+00
     vertex  1.379023e+02 -1.022267e+02  0.000000e+00
   endloop
 endfacet
 facet normal -0.000000e+00  0.000000e+00 -1.000000e+00
   outer loop
     vertex  1.392250e+02 -1.006343e+02  0.000000e+00
     vertex  1.379023e+02 -1.022267e+02  0.000000e+00
     vertex  1.390075e+02 -1.004675e+02  0.000000e+00
   endloop
 endfacet
 facet normal  0.000000e+00 -0.000000e+00 -1.000000e+00
   outer loop
     vertex  1.168407e+02 -7.825000e+01  0.000000e+00
     vertex  1.170075e+02 -7.846746e+01  0.000000e+00
     vertex  1.152500e+02 -7.920000e+01  0.000000e+00
   endloop
 endfacet
 facet normal -0.000000e+00  0.000000e+00 -1.000000e+00
   outer loop
     vertex  1.172250e+02 -7.863433e+01  0.000000e+00
     vertex  1.152500e+02 -7.920000e+01  0.000000e+00
     vertex  1.170075e+02 -7.846746e+01  0.000000e+00
   endloop
 endfacet
 facet normal -0.000000e+00  0.000000e+00 -1.000000e+00
   outer loop
     vertex  1.394782e+02 -1.007392e+02  0.000000e+00
     vertex  1.379023e+02 -1.022267e+02  0.000000e+00
     vertex  1.392250e+02 -1.006343e+02  0.000000e+00
   endloop
 endfacet
 facet normal  0.000000e+00 -0.000000e+00 -1.000000e+00
   outer loop
     vertex  1.387358e+02 -9.999676e+01  0.000000e+00
     vertex  1.388407e+02 -1.002500e+02  0.000000e+00
     vertex  1.379023e+02 -1.022267e+02  0.000000e+00
   endloop
 endfacet
 facet normal -0.000000e+00  0.000000e+00 -1.000000e+00
   outer loop
     vertex  1.387358e+02 -9.999676e+01  0.000000e+00
     vertex  1.379023e+02 -1.022267e+02  0.000000e+00
     vertex  1.334830e+02 -9.960441e+01  0.000000e+00
   endloop
 endfacet
 facet normal -0.000000e+00  0.000000e+00 -1.000000e+00
   outer loop
     vertex  1.174782e+02 -7.873922e+01  0.000000e+00
     vertex  1.152500e+02 -7.920000e+01  0.000000e+00
     vertex  1.172250e+02 -7.863433e+01  0.000000e+00
   endloop
 endfacet
 facet normal  0.000000e+00 -0.000000e+00 -1.000000e+00
   outer loop
     vertex  1.174782e+02 -7.873922e+01  0.000000e+00
     vertex  1.178706e+02 -8.399204e+01  0.000000e+00
     vertex  1.152500e+02 -7.920000e+01  0.000000e+00
   endloop
 endfacet
 facet normal  0.000000e+00 -0.000000e+00 -1.000000e+00
   outer loop
     vertex  1.167358e+02 -7.799676e+01  0.000000e+00
     vertex  1.168407e+02 -7.825000e+01  0.000000e+00
     vertex  1.152500e+02 -7.920000e+01  0.000000e+00
   endloop
 endfacet
 facet normal -0.000000e+00  0.000000e+00 -1.000000e+00
   outer loop
     vertex  1.397500e+02 -1.007750e+02  0.000000e+00
     vertex  1.379023e+02 -1.022267e+02  0.000000e+00
     vertex  1.394782e+02 -1.007392e+02  0.000000e+00
   endloop
 endfacet
 facet normal -0.000000e+00 -0.000000e+00 -1.000000e+00
   outer loop
     vertex  1.387000e+02 -9.972500e+01  0.000000e+00
     vertex  1.387358e+02 -9.999676e+01  0.000000e+00
     vertex  1.334830e+02 -9.960441e+01  0.000000e+00
   endloop
 endfacet
 facet normal  0.000000e+00  0.000000e+00 -1.000000e+00
   outer loop
     vertex  1.387000e+02 -9.972500e+01  0.000000e+00
     vertex  1.334830e+02 -9.960441e+01  0.000000e+00
     vertex  1.335000e+02 -9.947500e+01  0.000000e+00
   endloop
 endfacet
 facet normal -0.000000e+00 -0.000000e+00 -1.000000e+00
   outer loop
     vertex  1.177500e+02 -7.877500e+01  0.000000e+00
     vertex  1.178706e+02 -8.399204e+01  0.000000e+00
     vertex  1.174782e+02 -7.873922e+01  0.000000e+00
   endloop
 endfacet
 facet normal  0.000000e+00  0.000000e+00 -1.000000e+00
   outer loop
     vertex  1.177500e+02 -7.877500e+01  0.000000e+00
     vertex  1.180000e+02 -8.397500e+01  0.000000e+00
     vertex  1.178706e+02 -8.399204e+01  0.000000e+00
   endloop
 endfacet
 facet normal  0.000000e+00 -0.000000e+00 -1.000000e+00
   outer loop
     vertex  1.167000e+02 -7.772500e+01  0.000000e+00
     vertex  1.167358e+02 -7.799676e+01  0.000000e+00
     vertex  1.152500e+02 -7.920000e+01  0.000000e+00
   endloop
 endfacet
 facet normal  0.000000e+00  0.000000e+00 -1.000000e+00
   outer loop
     vertex  1.298750e+02 -9.067356e+01  0.000000e+00
     vertex  1.326464e+02 -9.462145e+01  0.000000e+00
     vertex  1.325670e+02 -9.472500e+01  0.000000e+00
   endloop
 endfacet
 facet normal  0.000000e+00  0.000000e+00 -1.000000e+00
   outer loop
     vertex  1.298750e+02 -9.067356e+01  0.000000e+00
     vertex  1.327500e+02 -9.454199e+01  0.000000e+00
     vertex  1.326464e+02 -9.462145e+01  0.000000e+00
   endloop
 endfacet
 facet normal  0.000000e+00 -0.000000e+00 -1.000000e+00
   outer loop
     vertex  1.298750e+02 -9.067356e+01  0.000000e+00
     vertex  1.325670e+02 -9.472500e+01  0.000000e+00
     vertex  1.293323e+02 -9.089833e+01  0.000000e+00
   endloop
 endfacet
 facet normal  0.000000e+00  0.000000e+00 -1.000000e+00
   outer loop
     vertex  1.268014e+02 -8.760000e+01  0.000000e+00
     vertex  1.228536e+02 -8.482856e+01  0.000000e+00
     vertex  1.229330e+02 -8.472500e+01  0.000000e+00
   endloop
 endfacet
 facet normal  0.000000e+00  0.000000e+00 -1.000000e+00
   outer loop
     vertex  1.268014e+02 -8.760000e+01  0.000000e+00
     vertex  1.227500e+02 -8.490802e+01  0.000000e+00
     vertex  1.228536e+02 -8.482856e+01  0.000000e+00
   endloop
 endfacet
 facet normal -0.000000e+00  0.000000e+00 -1.000000e+00
   outer loop
     vertex  1.268014e+02 -8.760000e+01  0.000000e+00
     vertex  1.265767e+02 -8.814266e+01  0.000000e+00
     vertex  1.227500e+02 -8.490802e+01  0.000000e+00
   endloop
 endfacet
 facet normal  0.000000e+00  0.000000e+00 -1.000000e+00
   outer loop
     vertex  1.387358e+02 -9.945324e+01  0.000000e+00
     vertex  1.387000e+02 -9.972500e+01  0.000000e+00
     vertex  1.335000e+02 -9.947500e+01  0.000000e+00
   endloop
 endfacet
 facet normal -0.000000e+00  0.000000e+00 -1.000000e+00
   outer loop
     vertex  1.387358e+02 -9.945324e+01  0.000000e+00
     vertex  1.335000e+02 -9.947500e+01  0.000000e+00
     vertex  1.334830e+02 -9.934559e+01  0.000000e+00
   endloop
 endfacet
 facet normal  0.000000e+00  0.000000e+00 -1.000000e+00
   outer loop
     vertex  1.180218e+02 -7.873922e+01  0.000000e+00
     vertex  1.180000e+02 -8.397500e+01  0.000000e+00
     vertex  1.177500e+02 -7.877500e+01  0.000000e+00
   endloop
 endfacet
 facet normal  0.000000e+00 -0.000000e+00 -1.000000e+00
   outer loop
     vertex  1.180218e+02 -7.873922e+01  0.000000e+00
     vertex  1.181294e+02 -8.399204e+01  0.000000e+00
     vertex  1.180000e+02 -8.397500e+01  0.000000e+00
   endloop
 endfacet
 facet normal  0.000000e+00  0.000000e+00 -1.000000e+00
   outer loop
     vertex  1.167358e+02 -7.745324e+01  0.000000e+00
     vertex  1.167000e+02 -7.772500e+01  0.000000e+00
     vertex  1.152500e+02 -7.920000e+01  0.000000e+00
   endloop
 endfacet
 facet normal  0.000000e+00  0.000000e+00 -1.000000e+00
   outer loop
     vertex  1.388407e+02 -9.920000e+01  0.000000e+00
     vertex  1.387358e+02 -9.945324e+01  0.000000e+00
     vertex  1.334830e+02 -9.934559e+01  0.000000e+00
   endloop
 endfacet
 facet normal  0.000000e+00  0.000000e+00 -1.000000e+00
   outer loop
     vertex  1.388407e+02 -9.920000e+01  0.000000e+00
     vertex  1.334830e+02 -9.934559e+01  0.000000e+00
     vertex  1.334330e+02 -9.922500e+01  0.000000e+00
   endloop
 endfacet
 facet normal -0.000000e+00  0.000000e+00 -1.000000e+00
   outer loop
     vertex  1.388407e+02 -9.920000e+01  0.000000e+00
     vertex  1.334330e+02 -9.922500e+01  0.000000e+00
     vertex  1.334330e+02 -9.522500e+01  0.000000e+00
   endloop
 endfacet
 facet normal  0.000000e+00  0.000000e+00 -1.000000e+00
   outer loop
     vertex  1.182750e+02 -7.863433e+01  0.000000e+00
     vertex  1.181294e+02 -8.399204e+01  0.000000e+00
     vertex  1.180218e+02 -7.873922e+01  0.000000e+00
   endloop
 endfacet
 facet normal  0.000000e+00 -0.000000e+00 -1.000000e+00
   outer loop
     vertex  1.182750e+02 -7.863433e+01  0.000000e+00
     vertex  1.222500e+02 -8.404199e+01  0.000000e+00
     vertex  1.182500e+02 -8.404199e+01  0.000000e+00
   endloop
 endfacet
 facet normal  0.000000e+00  0.000000e+00 -1.000000e+00
   outer loop
     vertex  1.182750e+02 -7.863433e+01  0.000000e+00
     vertex  1.182500e+02 -8.404199e+01  0.000000e+00
     vertex  1.181294e+02 -8.399204e+01  0.000000e+00
   endloop
 endfacet
 facet normal -0.000000e+00  0.000000e+00 -1.000000e+00
   outer loop
     vertex  1.422500e+02 -1.022250e+02  0.000000e+00
     vertex  1.379023e+02 -1.022267e+02  0.000000e+00
     vertex  1.397500e+02 -1.007750e+02  0.000000e+00
   endloop
 endfacet
 facet normal  0.000000e+00  0.000000e+00 -1.000000e+00
   outer loop
     vertex  1.422500e+02 -1.022250e+02  0.000000e+00
     vertex  1.400218e+02 -1.007392e+02  0.000000e+00
     vertex  1.402750e+02 -1.006343e+02  0.000000e+00
   endloop
 endfacet
 facet normal  0.000000e+00  0.000000e+00 -1.000000e+00
   outer loop
     vertex  1.422500e+02 -1.022250e+02  0.000000e+00
     vertex  1.397500e+02 -1.007750e+02  0.000000e+00
     vertex  1.400218e+02 -1.007392e+02  0.000000e+00
   endloop
 endfacet
 facet normal  0.000000e+00 -0.000000e+00 -1.000000e+00
   outer loop
     vertex  1.404925e+02 -1.004675e+02  0.000000e+00
     vertex  1.422500e+02 -1.022250e+02  0.000000e+00
     vertex  1.402750e+02 -1.006343e+02  0.000000e+00
   endloop
 endfacet
 facet normal -0.000000e+00  0.000000e+00 -1.000000e+00
   outer loop
     vertex  1.390075e+02 -9.898254e+01  0.000000e+00
     vertex  1.388407e+02 -9.920000e+01  0.000000e+00
     vertex  1.334330e+02 -9.522500e+01  0.000000e+00
   endloop
 endfacet
 facet normal  0.000000e+00  0.000000e+00 -1.000000e+00
   outer loop
     vertex  1.271590e+02 -8.713401e+01  0.000000e+00
     vertex  1.229330e+02 -8.472500e+01  0.000000e+00
     vertex  1.229830e+02 -8.460441e+01  0.000000e+00
   endloop
 endfacet
 facet normal -0.000000e+00  0.000000e+00 -1.000000e+00
   outer loop
     vertex  1.271590e+02 -8.713401e+01  0.000000e+00
     vertex  1.268014e+02 -8.760000e+01  0.000000e+00
     vertex  1.229330e+02 -8.472500e+01  0.000000e+00
   endloop
 endfacet
 facet normal  0.000000e+00 -0.000000e+00 -1.000000e+00
   outer loop
     vertex  1.303410e+02 -9.031599e+01  0.000000e+00
     vertex  1.327500e+02 -9.454199e+01  0.000000e+00
     vertex  1.298750e+02 -9.067356e+01  0.000000e+00
   endloop
 endfacet
 facet normal  0.000000e+00  0.000000e+00 -1.000000e+00
   outer loop
     vertex  1.303410e+02 -9.031599e+01  0.000000e+00
     vertex  1.328706e+02 -9.449204e+01  0.000000e+00
     vertex  1.327500e+02 -9.454199e+01  0.000000e+00
   endloop
 endfacet
 facet normal  0.000000e+00 -0.000000e+00 -1.000000e+00
   outer loop
     vertex  1.184925e+02 -7.846746e+01  0.000000e+00
     vertex  1.222500e+02 -8.404199e+01  0.000000e+00
     vertex  1.182750e+02 -7.863433e+01  0.000000e+00
   endloop
 endfacet
 facet normal  0.000000e+00  0.000000e+00 -1.000000e+00
   outer loop
     vertex  1.152500e+02 -7.522500e+01  0.000000e+00
     vertex  1.168407e+02 -7.720000e+01  0.000000e+00
     vertex  1.167358e+02 -7.745324e+01  0.000000e+00
   endloop
 endfacet
 facet normal  0.000000e+00  0.000000e+00 -1.000000e+00
   outer loop
     vertex  1.152500e+02 -7.522500e+01  0.000000e+00
     vertex  1.170075e+02 -7.698254e+01  0.000000e+00
     vertex  1.168407e+02 -7.720000e+01  0.000000e+00
   endloop
 endfacet
 facet normal  0.000000e+00  0.000000e+00 -1.000000e+00
   outer loop
     vertex  1.152500e+02 -7.522500e+01  0.000000e+00
     vertex  1.167358e+02 -7.745324e+01  0.000000e+00
     vertex  1.152500e+02 -7.920000e+01  0.000000e+00
   endloop
 endfacet
 facet normal  0.000000e+00 -0.000000e+00 -1.000000e+00
   outer loop
     vertex  1.406593e+02 -1.002500e+02  0.000000e+00
     vertex  1.422500e+02 -1.022250e+02  0.000000e+00
     vertex  1.404925e+02 -1.004675e+02  0.000000e+00
   endloop
 endfacet
 facet normal  0.000000e+00 -0.000000e+00 -1.000000e+00
   outer loop
     vertex  1.407642e+02 -9.999676e+01  0.000000e+00
     vertex  1.422500e+02 -1.022250e+02  0.000000e+00
     vertex  1.406593e+02 -1.002500e+02  0.000000e+00
   endloop
 endfacet
 facet normal  0.000000e+00 -0.000000e+00 -1.000000e+00
   outer loop
     vertex  1.408000e+02 -9.972500e+01  0.000000e+00
     vertex  1.422500e+02 -1.022250e+02  0.000000e+00
     vertex  1.407642e+02 -9.999676e+01  0.000000e+00
   endloop
 endfacet
 facet normal  0.000000e+00  0.000000e+00 -1.000000e+00
   outer loop
     vertex  1.407642e+02 -9.945324e+01  0.000000e+00
     vertex  1.422500e+02 -1.022250e+02  0.000000e+00
     vertex  1.408000e+02 -9.972500e+01  0.000000e+00
   endloop
 endfacet
 facet normal  0.000000e+00  0.000000e+00 -1.000000e+00
   outer loop
     vertex  1.346464e+02 -9.332855e+01  0.000000e+00
     vertex  1.333536e+02 -9.462145e+01  0.000000e+00
     vertex  1.332500e+02 -9.454199e+01  0.000000e+00
   endloop
 endfacet
 facet normal  0.000000e+00  0.000000e+00 -1.000000e+00
   outer loop
     vertex  1.347500e+02 -9.340801e+01  0.000000e+00
     vertex  1.334330e+02 -9.472500e+01  0.000000e+00
     vertex  1.333536e+02 -9.462145e+01  0.000000e+00
   endloop
 endfacet
 facet normal -0.000000e+00  0.000000e+00 -1.000000e+00
   outer loop
     vertex  1.347500e+02 -9.340801e+01  0.000000e+00
     vertex  1.333536e+02 -9.462145e+01  0.000000e+00
     vertex  1.346464e+02 -9.332855e+01  0.000000e+00
   endloop
 endfacet
 facet normal  0.000000e+00 -0.000000e+00 -1.000000e+00
   outer loop
     vertex  1.345670e+02 -9.322499e+01  0.000000e+00
     vertex  1.346464e+02 -9.332855e+01  0.000000e+00
     vertex  1.332500e+02 -9.454199e+01  0.000000e+00
   endloop
 endfacet
 facet normal  0.000000e+00  0.000000e+00 -1.000000e+00
   outer loop
     vertex  1.345670e+02 -9.322499e+01  0.000000e+00
     vertex  1.332500e+02 -9.454199e+01  0.000000e+00
     vertex  1.331294e+02 -9.449204e+01  0.000000e+00
   endloop
 endfacet
 facet normal  0.000000e+00  0.000000e+00 -1.000000e+00
   outer loop
     vertex  1.241714e+02 -8.282856e+01  0.000000e+00
     vertex  1.229330e+02 -8.422500e+01  0.000000e+00
     vertex  1.228536e+02 -8.412145e+01  0.000000e+00
   endloop
 endfacet
 facet normal  0.000000e+00  0.000000e+00 -1.000000e+00
   outer loop
     vertex  1.242750e+02 -8.290802e+01  0.000000e+00
     vertex  1.229830e+02 -8.434559e+01  0.000000e+00
     vertex  1.229330e+02 -8.422500e+01  0.000000e+00
   endloop
 endfacet
 facet normal -0.000000e+00  0.000000e+00 -1.000000e+00
   outer loop
     vertex  1.242750e+02 -8.290802e+01  0.000000e+00
     vertex  1.229330e+02 -8.422500e+01  0.000000e+00
     vertex  1.241714e+02 -8.282856e+01  0.000000e+00
   endloop
 endfacet
 facet normal  0.000000e+00  0.000000e+00 -1.000000e+00
   outer loop
     vertex  1.240920e+02 -8.272500e+01  0.000000e+00
     vertex  1.228536e+02 -8.412145e+01  0.000000e+00
     vertex  1.227500e+02 -8.404199e+01  0.000000e+00
   endloop
 endfacet
 facet normal  0.000000e+00 -0.000000e+00 -1.000000e+00
   outer loop
     vertex  1.240920e+02 -8.272500e+01  0.000000e+00
     vertex  1.241714e+02 -8.282856e+01  0.000000e+00
     vertex  1.228536e+02 -8.412145e+01  0.000000e+00
   endloop
 endfacet
 facet normal  0.000000e+00  0.000000e+00 -1.000000e+00
   outer loop
     vertex  1.348706e+02 -9.345796e+01  0.000000e+00
     vertex  1.334830e+02 -9.484559e+01  0.000000e+00
     vertex  1.334330e+02 -9.472500e+01  0.000000e+00
   endloop
 endfacet
 facet normal -0.000000e+00  0.000000e+00 -1.000000e+00
   outer loop
     vertex  1.348706e+02 -9.345796e+01  0.000000e+00
     vertex  1.334330e+02 -9.472500e+01  0.000000e+00
     vertex  1.347500e+02 -9.340801e+01  0.000000e+00
   endloop
 endfacet
 facet normal  0.000000e+00  0.000000e+00 -1.000000e+00
   outer loop
     vertex  1.345170e+02 -9.310440e+01  0.000000e+00
     vertex  1.331294e+02 -9.449204e+01  0.000000e+00
     vertex  1.330000e+02 -9.447500e+01  0.000000e+00
   endloop
 endfacet
 facet normal  0.000000e+00 -0.000000e+00 -1.000000e+00
   outer loop
     vertex  1.345170e+02 -9.310440e+01  0.000000e+00
     vertex  1.345670e+02 -9.322499e+01  0.000000e+00
     vertex  1.331294e+02 -9.449204e+01  0.000000e+00
   endloop
 endfacet
 facet normal  0.000000e+00  0.000000e+00 -1.000000e+00
   outer loop
     vertex  1.243956e+02 -8.295797e+01  0.000000e+00
     vertex  1.230000e+02 -8.447500e+01  0.000000e+00
     vertex  1.229830e+02 -8.434559e+01  0.000000e+00
   endloop
 endfacet
 facet normal -0.000000e+00  0.000000e+00 -1.000000e+00
   outer loop
     vertex  1.243956e+02 -8.295797e+01  0.000000e+00
     vertex  1.229830e+02 -8.434559e+01  0.000000e+00
     vertex  1.242750e+02 -8.290802e+01  0.000000e+00
   endloop
 endfacet
 facet normal  0.000000e+00  0.000000e+00 -1.000000e+00
   outer loop
     vertex  1.240420e+02 -8.260441e+01  0.000000e+00
     vertex  1.227500e+02 -8.404199e+01  0.000000e+00
     vertex  1.226294e+02 -8.399204e+01  0.000000e+00
   endloop
 endfacet
 facet normal  0.000000e+00 -0.000000e+00 -1.000000e+00
   outer loop
     vertex  1.240420e+02 -8.260441e+01  0.000000e+00
     vertex  1.240920e+02 -8.272500e+01  0.000000e+00
     vertex  1.227500e+02 -8.404199e+01  0.000000e+00
   endloop
 endfacet
 facet normal  0.000000e+00  0.000000e+00 -1.000000e+00
   outer loop
     vertex  1.350000e+02 -9.347499e+01  0.000000e+00
     vertex  1.335000e+02 -9.497500e+01  0.000000e+00
     vertex  1.334830e+02 -9.484559e+01  0.000000e+00
   endloop
 endfacet
 facet normal -0.000000e+00  0.000000e+00 -1.000000e+00
   outer loop
     vertex  1.350000e+02 -9.347499e+01  0.000000e+00
     vertex  1.334830e+02 -9.484559e+01  0.000000e+00
     vertex  1.348706e+02 -9.345796e+01  0.000000e+00
   endloop
 endfacet
 facet normal  0.000000e+00  0.000000e+00 -1.000000e+00
   outer loop
     vertex  1.345000e+02 -9.297499e+01  0.000000e+00
     vertex  1.330000e+02 -9.447500e+01  0.000000e+00
     vertex  1.328706e+02 -9.449204e+01  0.000000e+00
   endloop
 endfacet
 facet normal  0.000000e+00 -0.000000e+00 -1.000000e+00
   outer loop
     vertex  1.345000e+02 -9.297499e+01  0.000000e+00
     vertex  1.345170e+02 -9.310440e+01  0.000000e+00
     vertex  1.330000e+02 -9.447500e+01  0.000000e+00
   endloop
 endfacet
 facet normal  0.000000e+00  0.000000e+00 -1.000000e+00
   outer loop
     vertex  1.245250e+02 -8.297500e+01  0.000000e+00
     vertex  1.229830e+02 -8.460441e+01  0.000000e+00
     vertex  1.230000e+02 -8.447500e+01  0.000000e+00
   endloop
 endfacet
 facet normal -0.000000e+00  0.000000e+00 -1.000000e+00
   outer loop
     vertex  1.245250e+02 -8.297500e+01  0.000000e+00
     vertex  1.230000e+02 -8.447500e+01  0.000000e+00
     vertex  1.243956e+02 -8.295797e+01  0.000000e+00
   endloop
 endfacet
 facet normal  0.000000e+00  0.000000e+00 -1.000000e+00
   outer loop
     vertex  1.240250e+02 -8.247500e+01  0.000000e+00
     vertex  1.226294e+02 -8.399204e+01  0.000000e+00
     vertex  1.225000e+02 -8.397500e+01  0.000000e+00
   endloop
 endfacet
 facet normal  0.000000e+00 -0.000000e+00 -1.000000e+00
   outer loop
     vertex  1.240250e+02 -8.247500e+01  0.000000e+00
     vertex  1.240420e+02 -8.260441e+01  0.000000e+00
     vertex  1.226294e+02 -8.399204e+01  0.000000e+00
   endloop
 endfacet
 facet normal -0.000000e+00  0.000000e+00 -1.000000e+00
   outer loop
     vertex  1.345170e+02 -9.284558e+01  0.000000e+00
     vertex  1.328706e+02 -9.449204e+01  0.000000e+00
     vertex  1.303410e+02 -9.031599e+01  0.000000e+00
   endloop
 endfacet
 facet normal  0.000000e+00  0.000000e+00 -1.000000e+00
   outer loop
     vertex  1.345170e+02 -9.284558e+01  0.000000e+00
     vertex  1.345000e+02 -9.297499e+01  0.000000e+00
     vertex  1.328706e+02 -9.449204e+01  0.000000e+00
   endloop
 endfacet
 facet normal  0.000000e+00  0.000000e+00 -1.000000e+00
   outer loop
     vertex  1.351294e+02 -9.345796e+01  0.000000e+00
     vertex  1.334830e+02 -9.510441e+01  0.000000e+00
     vertex  1.335000e+02 -9.497500e+01  0.000000e+00
   endloop
 endfacet
 facet normal  0.000000e+00  0.000000e+00 -1.000000e+00
   outer loop
     vertex  1.351294e+02 -9.345796e+01  0.000000e+00
     vertex  1.335000e+02 -9.497500e+01  0.000000e+00
     vertex  1.350000e+02 -9.347499e+01  0.000000e+00
   endloop
 endfacet
 facet normal  0.000000e+00  0.000000e+00 -1.000000e+00
   outer loop
     vertex  1.246544e+02 -8.295797e+01  0.000000e+00
     vertex  1.229830e+02 -8.460441e+01  0.000000e+00
     vertex  1.245250e+02 -8.297500e+01  0.000000e+00
   endloop
 endfacet
 facet normal  0.000000e+00 -0.000000e+00 -1.000000e+00
   outer loop
     vertex  1.246544e+02 -8.295797e+01  0.000000e+00
     vertex  1.271590e+02 -8.713401e+01  0.000000e+00
     vertex  1.229830e+02 -8.460441e+01  0.000000e+00
   endloop
 endfacet
 facet normal  0.000000e+00  0.000000e+00 -1.000000e+00
   outer loop
     vertex  1.240420e+02 -8.234559e+01  0.000000e+00
     vertex  1.225000e+02 -8.397500e+01  0.000000e+00
     vertex  1.223706e+02 -8.399204e+01  0.000000e+00
   endloop
 endfacet
 facet normal  0.000000e+00  0.000000e+00 -1.000000e+00
   outer loop
     vertex  1.240420e+02 -8.234559e+01  0.000000e+00
     vertex  1.240250e+02 -8.247500e+01  0.000000e+00
     vertex  1.225000e+02 -8.397500e+01  0.000000e+00
   endloop
 endfacet
 facet normal  0.000000e+00  0.000000e+00 -1.000000e+00
   outer loop
     vertex  1.352500e+02 -9.340801e+01  0.000000e+00
     vertex  1.334330e+02 -9.522500e+01  0.000000e+00
     vertex  1.334830e+02 -9.510441e+01  0.000000e+00
   endloop
 endfacet
 facet normal  0.000000e+00  0.000000e+00 -1.000000e+00
   outer loop
     vertex  1.352500e+02 -9.340801e+01  0.000000e+00
     vertex  1.334830e+02 -9.510441e+01  0.000000e+00
     vertex  1.351294e+02 -9.345796e+01  0.000000e+00
   endloop
 endfacet
 facet normal  0.000000e+00  0.000000e+00 -1.000000e+00
   outer loop
     vertex  1.352500e+02 -9.340801e+01  0.000000e+00
     vertex  1.392250e+02 -9.881567e+01  0.000000e+00
     vertex  1.390075e+02 -9.898254e+01  0.000000e+00
   endloop
 endfacet
 facet normal  0.000000e+00 -0.000000e+00 -1.000000e+00
   outer loop
     vertex  1.352500e+02 -9.340801e+01  0.000000e+00
     vertex  1.390075e+02 -9.898254e+01  0.000000e+00
     vertex  1.334330e+02 -9.522500e+01  0.000000e+00
   endloop
 endfacet
 facet normal  0.000000e+00  0.000000e+00 -1.000000e+00
   outer loop
     vertex  1.345670e+02 -9.272499e+01  0.000000e+00
     vertex  1.303410e+02 -9.031599e+01  0.000000e+00
     vertex  1.306986e+02 -8.985000e+01  0.000000e+00
   endloop
 endfacet
 facet normal -0.000000e+00  0.000000e+00 -1.000000e+00
   outer loop
     vertex  1.345670e+02 -9.272499e+01  0.000000e+00
     vertex  1.345170e+02 -9.284558e+01  0.000000e+00
     vertex  1.303410e+02 -9.031599e+01  0.000000e+00
   endloop
 endfacet
 facet normal  0.000000e+00  0.000000e+00 -1.000000e+00
   outer loop
     vertex  1.247750e+02 -8.290802e+01  0.000000e+00
     vertex  1.276250e+02 -8.677644e+01  0.000000e+00
     vertex  1.271590e+02 -8.713401e+01  0.000000e+00
   endloop
 endfacet
 facet normal  0.000000e+00 -0.000000e+00 -1.000000e+00
   outer loop
     vertex  1.247750e+02 -8.290802e+01  0.000000e+00
     vertex  1.271590e+02 -8.713401e+01  0.000000e+00
     vertex  1.246544e+02 -8.295797e+01  0.000000e+00
   endloop
 endfacet
 facet normal  0.000000e+00  0.000000e+00 -1.000000e+00
   outer loop
     vertex  1.240920e+02 -8.222500e+01  0.000000e+00
     vertex  1.223706e+02 -8.399204e+01  0.000000e+00
     vertex  1.222500e+02 -8.404199e+01  0.000000e+00
   endloop
 endfacet
 facet normal  0.000000e+00  0.000000e+00 -1.000000e+00
   outer loop
     vertex  1.240920e+02 -8.222500e+01  0.000000e+00
     vertex  1.240420e+02 -8.234559e+01  0.000000e+00
     vertex  1.223706e+02 -8.399204e+01  0.000000e+00
   endloop
 endfacet
 facet normal  0.000000e+00  0.000000e+00 -1.000000e+00
   outer loop
     vertex  1.240920e+02 -8.222500e+01  0.000000e+00
     vertex  1.184925e+02 -7.846746e+01  0.000000e+00
     vertex  1.186593e+02 -7.825000e+01  0.000000e+00
   endloop
 endfacet
 facet normal -0.000000e+00  0.000000e+00 -1.000000e+00
   outer loop
     vertex  1.240920e+02 -8.222500e+01  0.000000e+00
     vertex  1.222500e+02 -8.404199e+01  0.000000e+00
     vertex  1.184925e+02 -7.846746e+01  0.000000e+00
   endloop
 endfacet
 facet normal -0.000000e+00  0.000000e+00 -1.000000e+00
   outer loop
     vertex  1.346464e+02 -9.262144e+01  0.000000e+00
     vertex  1.345670e+02 -9.272499e+01  0.000000e+00
     vertex  1.306986e+02 -8.985000e+01  0.000000e+00
   endloop
 endfacet
 facet normal  0.000000e+00  0.000000e+00 -1.000000e+00
   outer loop
     vertex  1.248786e+02 -8.282856e+01  0.000000e+00
     vertex  1.281677e+02 -8.655167e+01  0.000000e+00
     vertex  1.276250e+02 -8.677644e+01  0.000000e+00
   endloop
 endfacet
 facet normal  0.000000e+00 -0.000000e+00 -1.000000e+00
   outer loop
     vertex  1.248786e+02 -8.282856e+01  0.000000e+00
     vertex  1.276250e+02 -8.677644e+01  0.000000e+00
     vertex  1.247750e+02 -8.290802e+01  0.000000e+00
   endloop
 endfacet
 facet normal  0.000000e+00  0.000000e+00 -1.000000e+00
   outer loop
     vertex  1.172750e+02 -7.522500e+01  0.000000e+00
     vertex  1.172250e+02 -7.681567e+01  0.000000e+00
     vertex  1.170075e+02 -7.698254e+01  0.000000e+00
   endloop
 endfacet
 facet normal  0.000000e+00 -0.000000e+00 -1.000000e+00
   outer loop
     vertex  1.172750e+02 -7.522500e+01  0.000000e+00
     vertex  1.174782e+02 -7.671078e+01  0.000000e+00
     vertex  1.172250e+02 -7.681567e+01  0.000000e+00
   endloop
 endfacet
 facet normal  0.000000e+00  0.000000e+00 -1.000000e+00
   outer loop
     vertex  1.172750e+02 -7.522500e+01  0.000000e+00
     vertex  1.177500e+02 -7.667500e+01  0.000000e+00
     vertex  1.174782e+02 -7.671078e+01  0.000000e+00
   endloop
 endfacet
 facet normal  0.000000e+00  0.000000e+00 -1.000000e+00
   outer loop
     vertex  1.172750e+02 -7.522500e+01  0.000000e+00
     vertex  1.180218e+02 -7.671078e+01  0.000000e+00
     vertex  1.177500e+02 -7.667500e+01  0.000000e+00
   endloop
 endfacet
 facet normal  0.000000e+00  0.000000e+00 -1.000000e+00
   outer loop
     vertex  1.172750e+02 -7.522500e+01  0.000000e+00
     vertex  1.182750e+02 -7.681567e+01  0.000000e+00
     vertex  1.180218e+02 -7.671078e+01  0.000000e+00
   endloop
 endfacet
 facet normal  0.000000e+00  0.000000e+00 -1.000000e+00
   outer loop
     vertex  1.172750e+02 -7.522500e+01  0.000000e+00
     vertex  1.184925e+02 -7.698254e+01  0.000000e+00
     vertex  1.182750e+02 -7.681567e+01  0.000000e+00
   endloop
 endfacet
 facet normal -0.000000e+00  0.000000e+00 -1.000000e+00
   outer loop
     vertex  1.172750e+02 -7.522500e+01  0.000000e+00
     vertex  1.170075e+02 -7.698254e+01  0.000000e+00
     vertex  1.152500e+02 -7.522500e+01  0.000000e+00
   endloop
 endfacet
 facet normal  0.000000e+00  0.000000e+00 -1.000000e+00
   outer loop
     vertex  1.347500e+02 -9.254198e+01  0.000000e+00
     vertex  1.306986e+02 -8.985000e+01  0.000000e+00
     vertex  1.309233e+02 -8.930734e+01  0.000000e+00
   endloop
 endfacet
 facet normal -0.000000e+00  0.000000e+00 -1.000000e+00
   outer loop
     vertex  1.347500e+02 -9.254198e+01  0.000000e+00
     vertex  1.346464e+02 -9.262144e+01  0.000000e+00
     vertex  1.306986e+02 -8.985000e+01  0.000000e+00
   endloop
 endfacet
 facet normal  0.000000e+00 -0.000000e+00 -1.000000e+00
   outer loop
     vertex  1.249580e+02 -8.272500e+01  0.000000e+00
     vertex  1.281677e+02 -8.655167e+01  0.000000e+00
     vertex  1.248786e+02 -8.282856e+01  0.000000e+00
   endloop
 endfacet
 facet normal  0.000000e+00  0.000000e+00 -1.000000e+00
   outer loop
     vertex  1.348706e+02 -9.249203e+01  0.000000e+00
     vertex  1.309233e+02 -8.930734e+01  0.000000e+00
     vertex  1.310000e+02 -8.872500e+01  0.000000e+00
   endloop
 endfacet
 facet normal -0.000000e+00  0.000000e+00 -1.000000e+00
   outer loop
     vertex  1.348706e+02 -9.249203e+01  0.000000e+00
     vertex  1.347500e+02 -9.254198e+01  0.000000e+00
     vertex  1.309233e+02 -8.930734e+01  0.000000e+00
   endloop
 endfacet
 facet normal  0.000000e+00  0.000000e+00 -1.000000e+00
   outer loop
     vertex  1.250080e+02 -8.260441e+01  0.000000e+00
     vertex  1.287500e+02 -8.647500e+01  0.000000e+00
     vertex  1.281677e+02 -8.655167e+01  0.000000e+00
   endloop
 endfacet
 facet normal  0.000000e+00 -0.000000e+00 -1.000000e+00
   outer loop
     vertex  1.250080e+02 -8.260441e+01  0.000000e+00
     vertex  1.281677e+02 -8.655167e+01  0.000000e+00
     vertex  1.249580e+02 -8.272500e+01  0.000000e+00
   endloop
 endfacet
 facet normal -0.000000e+00  0.000000e+00 -1.000000e+00
   outer loop
     vertex  1.350000e+02 -9.247499e+01  0.000000e+00
     vertex  1.348706e+02 -9.249203e+01  0.000000e+00
     vertex  1.310000e+02 -8.872500e+01  0.000000e+00
   endloop
 endfacet
 facet normal  0.000000e+00 -0.000000e+00 -1.000000e+00
   outer loop
     vertex  1.250250e+02 -8.247500e+01  0.000000e+00
     vertex  1.287500e+02 -8.647500e+01  0.000000e+00
     vertex  1.250080e+02 -8.260441e+01  0.000000e+00
   endloop
 endfacet
 facet normal -0.000000e+00  0.000000e+00 -1.000000e+00
   outer loop
     vertex  1.391464e+02 -9.332856e+01  0.000000e+00
     vertex  1.352500e+02 -9.340801e+01  0.000000e+00
     vertex  1.353536e+02 -9.332855e+01  0.000000e+00
   endloop
 endfacet
 facet normal  0.000000e+00  0.000000e+00 -1.000000e+00
   outer loop
     vertex  1.392500e+02 -9.340802e+01  0.000000e+00
     vertex  1.352500e+02 -9.340801e+01  0.000000e+00
     vertex  1.391464e+02 -9.332856e+01  0.000000e+00
   endloop
 endfacet
 facet normal -0.000000e+00  0.000000e+00 -1.000000e+00
   outer loop
     vertex  1.392500e+02 -9.340802e+01  0.000000e+00
     vertex  1.392250e+02 -9.881567e+01  0.000000e+00
     vertex  1.352500e+02 -9.340801e+01  0.000000e+00
   endloop
 endfacet
 facet normal -0.000000e+00  0.000000e+00 -1.000000e+00
   outer loop
     vertex  1.390670e+02 -9.322500e+01  0.000000e+00
     vertex  1.353536e+02 -9.332855e+01  0.000000e+00
     vertex  1.354330e+02 -9.322499e+01  0.000000e+00
   endloop
 endfacet
 facet normal  0.000000e+00 -0.000000e+00 -1.000000e+00
   outer loop
     vertex  1.390670e+02 -9.322500e+01  0.000000e+00
     vertex  1.391464e+02 -9.332856e+01  0.000000e+00
     vertex  1.353536e+02 -9.332855e+01  0.000000e+00
   endloop
 endfacet
 facet normal  0.000000e+00 -0.000000e+00 -1.000000e+00
   outer loop
     vertex  1.241715e+02 -7.832856e+01  0.000000e+00
     vertex  1.242750e+02 -8.204199e+01  0.000000e+00
     vertex  1.241714e+02 -8.212145e+01  0.000000e+00
   endloop
 endfacet
 facet normal -0.000000e+00  0.000000e+00 -1.000000e+00
   outer loop
     vertex  1.242750e+02 -7.840801e+01  0.000000e+00
     vertex  1.242750e+02 -8.204199e+01  0.000000e+00
     vertex  1.241715e+02 -7.832856e+01  0.000000e+00
   endloop
 endfacet
 facet normal  0.000000e+00 -0.000000e+00 -1.000000e+00
   outer loop
     vertex  1.242750e+02 -7.840801e+01  0.000000e+00
     vertex  1.243956e+02 -8.199204e+01  0.000000e+00
     vertex  1.242750e+02 -8.204199e+01  0.000000e+00
   endloop
 endfacet
 facet normal  0.000000e+00  0.000000e+00 -1.000000e+00
   outer loop
     vertex  1.240920e+02 -7.822500e+01  0.000000e+00
     vertex  1.241715e+02 -7.832856e+01  0.000000e+00
     vertex  1.241714e+02 -8.212145e+01  0.000000e+00
   endloop
 endfacet
 facet normal  0.000000e+00 -0.000000e+00 -1.000000e+00
   outer loop
     vertex  1.240920e+02 -7.822500e+01  0.000000e+00
     vertex  1.241714e+02 -8.212145e+01  0.000000e+00
     vertex  1.240920e+02 -8.222500e+01  0.000000e+00
   endloop
 endfacet
 facet normal  0.000000e+00  0.000000e+00 -1.000000e+00
   outer loop
     vertex  1.240920e+02 -7.822500e+01  0.000000e+00
     vertex  1.240920e+02 -8.222500e+01  0.000000e+00
     vertex  1.186593e+02 -7.825000e+01  0.000000e+00
   endloop
 endfacet
 facet normal -0.000000e+00  0.000000e+00 -1.000000e+00
   outer loop
     vertex  1.393706e+02 -9.345797e+01  0.000000e+00
     vertex  1.392250e+02 -9.881567e+01  0.000000e+00
     vertex  1.392500e+02 -9.340802e+01  0.000000e+00
   endloop
 endfacet
 facet normal  0.000000e+00 -0.000000e+00 -1.000000e+00
   outer loop
     vertex  1.393706e+02 -9.345797e+01  0.000000e+00
     vertex  1.394782e+02 -9.871078e+01  0.000000e+00
     vertex  1.392250e+02 -9.881567e+01  0.000000e+00
   endloop
 endfacet
 facet normal -0.000000e+00  0.000000e+00 -1.000000e+00
   outer loop
     vertex  1.390170e+02 -9.310441e+01  0.000000e+00
     vertex  1.354330e+02 -9.322499e+01  0.000000e+00
     vertex  1.354830e+02 -9.310440e+01  0.000000e+00
   endloop
 endfacet
 facet normal  0.000000e+00 -0.000000e+00 -1.000000e+00
   outer loop
     vertex  1.390170e+02 -9.310441e+01  0.000000e+00
     vertex  1.390670e+02 -9.322500e+01  0.000000e+00
     vertex  1.354330e+02 -9.322499e+01  0.000000e+00
   endloop
 endfacet
 facet normal -0.000000e+00  0.000000e+00 -1.000000e+00
   outer loop
     vertex  1.243956e+02 -7.845796e+01  0.000000e+00
     vertex  1.243956e+02 -8.199204e+01  0.000000e+00
     vertex  1.242750e+02 -7.840801e+01  0.000000e+00
   endloop
 endfacet
 facet normal  0.000000e+00 -0.000000e+00 -1.000000e+00
   outer loop
     vertex  1.243956e+02 -7.845796e+01  0.000000e+00
     vertex  1.245250e+02 -8.197500e+01  0.000000e+00
     vertex  1.243956e+02 -8.199204e+01  0.000000e+00
   endloop
 endfacet
 facet normal -0.000000e+00  0.000000e+00 -1.000000e+00
   outer loop
     vertex  1.240420e+02 -7.810441e+01  0.000000e+00
     vertex  1.186593e+02 -7.825000e+01  0.000000e+00
     vertex  1.187642e+02 -7.799676e+01  0.000000e+00
   endloop
 endfacet
 facet normal  0.000000e+00 -0.000000e+00 -1.000000e+00
   outer loop
     vertex  1.240420e+02 -7.810441e+01  0.000000e+00
     vertex  1.240920e+02 -7.822500e+01  0.000000e+00
     vertex  1.186593e+02 -7.825000e+01  0.000000e+00
   endloop
 endfacet
 facet normal -0.000000e+00  0.000000e+00 -1.000000e+00
   outer loop
     vertex  1.395000e+02 -9.347500e+01  0.000000e+00
     vertex  1.394782e+02 -9.871078e+01  0.000000e+00
     vertex  1.393706e+02 -9.345797e+01  0.000000e+00
   endloop
 endfacet
 facet normal  0.000000e+00 -0.000000e+00 -1.000000e+00
   outer loop
     vertex  1.395000e+02 -9.347500e+01  0.000000e+00
     vertex  1.397500e+02 -9.867500e+01  0.000000e+00
     vertex  1.394782e+02 -9.871078e+01  0.000000e+00
   endloop
 endfacet
 facet normal  0.000000e+00 -0.000000e+00 -1.000000e+00
   outer loop
     vertex  1.390000e+02 -9.297500e+01  0.000000e+00
     vertex  1.390170e+02 -9.310441e+01  0.000000e+00
     vertex  1.354830e+02 -9.310440e+01  0.000000e+00
   endloop
 endfacet
 facet normal -0.000000e+00  0.000000e+00 -1.000000e+00
   outer loop
     vertex  1.390000e+02 -9.297500e+01  0.000000e+00
     vertex  1.354830e+02 -9.310440e+01  0.000000e+00
     vertex  1.355000e+02 -9.297499e+01  0.000000e+00
   endloop
 endfacet
 facet normal -0.000000e+00  0.000000e+00 -1.000000e+00
   outer loop
     vertex  1.245250e+02 -7.847500e+01  0.000000e+00
     vertex  1.245250e+02 -8.197500e+01  0.000000e+00
     vertex  1.243956e+02 -7.845796e+01  0.000000e+00
   endloop
 endfacet
 facet normal  0.000000e+00 -0.000000e+00 -1.000000e+00
   outer loop
     vertex  1.245250e+02 -7.847500e+01  0.000000e+00
     vertex  1.246544e+02 -8.199204e+01  0.000000e+00
     vertex  1.245250e+02 -8.197500e+01  0.000000e+00
   endloop
 endfacet
 facet normal  0.000000e+00 -0.000000e+00 -1.000000e+00
   outer loop
     vertex  1.240250e+02 -7.797500e+01  0.000000e+00
     vertex  1.240420e+02 -7.810441e+01  0.000000e+00
     vertex  1.187642e+02 -7.799676e+01  0.000000e+00
   endloop
 endfacet
 facet normal -0.000000e+00  0.000000e+00 -1.000000e+00
   outer loop
     vertex  1.240250e+02 -7.797500e+01  0.000000e+00
     vertex  1.187642e+02 -7.799676e+01  0.000000e+00
     vertex  1.188000e+02 -7.772500e+01  0.000000e+00
   endloop
 endfacet
 facet normal -0.000000e+00  0.000000e+00 -1.000000e+00
   outer loop
     vertex  1.390170e+02 -9.284559e+01  0.000000e+00
     vertex  1.355000e+02 -9.297499e+01  0.000000e+00
     vertex  1.354830e+02 -9.284558e+01  0.000000e+00
   endloop
 endfacet
 facet normal  0.000000e+00  0.000000e+00 -1.000000e+00
   outer loop
     vertex  1.390170e+02 -9.284559e+01  0.000000e+00
     vertex  1.390000e+02 -9.297500e+01  0.000000e+00
     vertex  1.355000e+02 -9.297499e+01  0.000000e+00
   endloop
 endfacet
 facet normal  0.000000e+00 -0.000000e+00 -1.000000e+00
   outer loop
     vertex  1.396294e+02 -9.345797e+01  0.000000e+00
     vertex  1.397500e+02 -9.867500e+01  0.000000e+00
     vertex  1.395000e+02 -9.347500e+01  0.000000e+00
   endloop
 endfacet
 facet normal  0.000000e+00  0.000000e+00 -1.000000e+00
   outer loop
     vertex  1.396294e+02 -9.345797e+01  0.000000e+00
     vertex  1.400218e+02 -9.871078e+01  0.000000e+00
     vertex  1.397500e+02 -9.867500e+01  0.000000e+00
   endloop
 endfacet
 facet normal  0.000000e+00  0.000000e+00 -1.000000e+00
   outer loop
     vertex  1.246544e+02 -7.845796e+01  0.000000e+00
     vertex  1.246544e+02 -8.199204e+01  0.000000e+00
     vertex  1.245250e+02 -7.847500e+01  0.000000e+00
   endloop
 endfacet
 facet normal  0.000000e+00 -0.000000e+00 -1.000000e+00
   outer loop
     vertex  1.246544e+02 -7.845796e+01  0.000000e+00
     vertex  1.247750e+02 -8.204199e+01  0.000000e+00
     vertex  1.246544e+02 -8.199204e+01  0.000000e+00
   endloop
 endfacet
 facet normal  0.000000e+00  0.000000e+00 -1.000000e+00
   outer loop
     vertex  1.240420e+02 -7.784559e+01  0.000000e+00
     vertex  1.188000e+02 -7.772500e+01  0.000000e+00
     vertex  1.187642e+02 -7.745324e+01  0.000000e+00
   endloop
 endfacet
 facet normal -0.000000e+00  0.000000e+00 -1.000000e+00
   outer loop
     vertex  1.240420e+02 -7.784559e+01  0.000000e+00
     vertex  1.240250e+02 -7.797500e+01  0.000000e+00
     vertex  1.188000e+02 -7.772500e+01  0.000000e+00
   endloop
 endfacet
 facet normal  0.000000e+00 -0.000000e+00 -1.000000e+00
   outer loop
     vertex  1.397500e+02 -9.340802e+01  0.000000e+00
     vertex  1.400218e+02 -9.871078e+01  0.000000e+00
     vertex  1.396294e+02 -9.345797e+01  0.000000e+00
   endloop
 endfacet
 facet normal  0.000000e+00  0.000000e+00 -1.000000e+00
   outer loop
     vertex  1.397500e+02 -9.340802e+01  0.000000e+00
     vertex  1.402750e+02 -9.881567e+01  0.000000e+00
     vertex  1.400218e+02 -9.871078e+01  0.000000e+00
   endloop
 endfacet
 facet normal -0.000000e+00  0.000000e+00 -1.000000e+00
   outer loop
     vertex  1.390670e+02 -9.272500e+01  0.000000e+00
     vertex  1.354830e+02 -9.284558e+01  0.000000e+00
     vertex  1.354330e+02 -9.272499e+01  0.000000e+00
   endloop
 endfacet
 facet normal  0.000000e+00  0.000000e+00 -1.000000e+00
   outer loop
     vertex  1.390670e+02 -9.272500e+01  0.000000e+00
     vertex  1.390170e+02 -9.284559e+01  0.000000e+00
     vertex  1.354830e+02 -9.284558e+01  0.000000e+00
   endloop
 endfacet
 facet normal  0.000000e+00 -0.000000e+00 -1.000000e+00
   outer loop
     vertex  1.247750e+02 -7.840801e+01  0.000000e+00
     vertex  1.248786e+02 -8.212145e+01  0.000000e+00
     vertex  1.247750e+02 -8.204199e+01  0.000000e+00
   endloop
 endfacet
 facet normal  0.000000e+00  0.000000e+00 -1.000000e+00
   outer loop
     vertex  1.247750e+02 -7.840801e+01  0.000000e+00
     vertex  1.247750e+02 -8.204199e+01  0.000000e+00
     vertex  1.246544e+02 -7.845796e+01  0.000000e+00
   endloop
 endfacet
 facet normal -0.000000e+00  0.000000e+00 -1.000000e+00
   outer loop
     vertex  1.240920e+02 -7.772500e+01  0.000000e+00
     vertex  1.240420e+02 -7.784559e+01  0.000000e+00
     vertex  1.187642e+02 -7.745324e+01  0.000000e+00
   endloop
 endfacet
 facet normal  0.000000e+00  0.000000e+00 -1.000000e+00
   outer loop
     vertex  1.240920e+02 -7.772500e+01  0.000000e+00
     vertex  1.187642e+02 -7.745324e+01  0.000000e+00
     vertex  1.186593e+02 -7.720000e+01  0.000000e+00
   endloop
 endfacet
 facet normal -0.000000e+00  0.000000e+00 -1.000000e+00
   outer loop
     vertex  1.391464e+02 -9.262145e+01  0.000000e+00
     vertex  1.354330e+02 -9.272499e+01  0.000000e+00
     vertex  1.353536e+02 -9.262144e+01  0.000000e+00
   endloop
 endfacet
 facet normal  0.000000e+00  0.000000e+00 -1.000000e+00
   outer loop
     vertex  1.391464e+02 -9.262145e+01  0.000000e+00
     vertex  1.390670e+02 -9.272500e+01  0.000000e+00
     vertex  1.354330e+02 -9.272499e+01  0.000000e+00
   endloop
 endfacet
 facet normal  0.000000e+00  0.000000e+00 -1.000000e+00
   outer loop
     vertex  1.398536e+02 -9.332856e+01  0.000000e+00
     vertex  1.404925e+02 -9.898254e+01  0.000000e+00
     vertex  1.402750e+02 -9.881567e+01  0.000000e+00
   endloop
 endfacet
 facet normal  0.000000e+00 -0.000000e+00 -1.000000e+00
   outer loop
     vertex  1.398536e+02 -9.332856e+01  0.000000e+00
     vertex  1.402750e+02 -9.881567e+01  0.000000e+00
     vertex  1.397500e+02 -9.340802e+01  0.000000e+00
   endloop
 endfacet
 facet normal  0.000000e+00  0.000000e+00 -1.000000e+00
   outer loop
     vertex  1.248786e+02 -7.832856e+01  0.000000e+00
     vertex  1.248786e+02 -8.212145e+01  0.000000e+00
     vertex  1.247750e+02 -7.840801e+01  0.000000e+00
   endloop
 endfacet
 facet normal  0.000000e+00 -0.000000e+00 -1.000000e+00
   outer loop
     vertex  1.248786e+02 -7.832856e+01  0.000000e+00
     vertex  1.249580e+02 -8.222500e+01  0.000000e+00
     vertex  1.248786e+02 -8.212145e+01  0.000000e+00
   endloop
 endfacet
 facet normal  0.000000e+00  0.000000e+00 -1.000000e+00
   outer loop
     vertex  1.241715e+02 -7.762145e+01  0.000000e+00
     vertex  1.186593e+02 -7.720000e+01  0.000000e+00
     vertex  1.184925e+02 -7.698254e+01  0.000000e+00
   endloop
 endfacet
 facet normal -0.000000e+00  0.000000e+00 -1.000000e+00
   outer loop
     vertex  1.241715e+02 -7.762145e+01  0.000000e+00
     vertex  1.240920e+02 -7.772500e+01  0.000000e+00
     vertex  1.186593e+02 -7.720000e+01  0.000000e+00
   endloop
 endfacet
 facet normal  0.000000e+00 -0.000000e+00 -1.000000e+00
   outer loop
     vertex  1.399330e+02 -9.322500e+01  0.000000e+00
     vertex  1.404925e+02 -9.898254e+01  0.000000e+00
     vertex  1.398536e+02 -9.332856e+01  0.000000e+00
   endloop
 endfacet
 facet normal  0.000000e+00  0.000000e+00 -1.000000e+00
   outer loop
     vertex  1.399330e+02 -9.322500e+01  0.000000e+00
     vertex  1.406593e+02 -9.920000e+01  0.000000e+00
     vertex  1.404925e+02 -9.898254e+01  0.000000e+00
   endloop
 endfacet
 facet normal -0.000000e+00  0.000000e+00 -1.000000e+00
   outer loop
     vertex  1.392500e+02 -9.254199e+01  0.000000e+00
     vertex  1.353536e+02 -9.262144e+01  0.000000e+00
     vertex  1.352500e+02 -9.254198e+01  0.000000e+00
   endloop
 endfacet
 facet normal  0.000000e+00  0.000000e+00 -1.000000e+00
   outer loop
     vertex  1.392500e+02 -9.254199e+01  0.000000e+00
     vertex  1.391464e+02 -9.262145e+01  0.000000e+00
     vertex  1.353536e+02 -9.262144e+01  0.000000e+00
   endloop
 endfacet
 facet normal  0.000000e+00  0.000000e+00 -1.000000e+00
   outer loop
     vertex  1.249580e+02 -7.822500e+01  0.000000e+00
     vertex  1.249580e+02 -8.222500e+01  0.000000e+00
     vertex  1.248786e+02 -7.832856e+01  0.000000e+00
   endloop
 endfacet
 facet normal  0.000000e+00  0.000000e+00 -1.000000e+00
   outer loop
     vertex  1.242750e+02 -7.754199e+01  0.000000e+00
     vertex  1.184925e+02 -7.698254e+01  0.000000e+00
     vertex  1.172750e+02 -7.522500e+01  0.000000e+00
   endloop
 endfacet
 facet normal -0.000000e+00  0.000000e+00 -1.000000e+00
   outer loop
     vertex  1.242750e+02 -7.754199e+01  0.000000e+00
     vertex  1.241715e+02 -7.762145e+01  0.000000e+00
     vertex  1.184925e+02 -7.698254e+01  0.000000e+00
   endloop
 endfacet
 facet normal  0.000000e+00 -0.000000e+00 -1.000000e+00
   outer loop
     vertex  1.399830e+02 -9.310441e+01  0.000000e+00
     vertex  1.406593e+02 -9.920000e+01  0.000000e+00
     vertex  1.399330e+02 -9.322500e+01  0.000000e+00
   endloop
 endfacet
 facet normal  0.000000e+00  0.000000e+00 -1.000000e+00
   outer loop
     vertex  1.399830e+02 -9.310441e+01  0.000000e+00
     vertex  1.422500e+02 -1.022250e+02  0.000000e+00
     vertex  1.407642e+02 -9.945324e+01  0.000000e+00
   endloop
 endfacet
 facet normal  0.000000e+00  0.000000e+00 -1.000000e+00
   outer loop
     vertex  1.399830e+02 -9.310441e+01  0.000000e+00
     vertex  1.407642e+02 -9.945324e+01  0.000000e+00
     vertex  1.406593e+02 -9.920000e+01  0.000000e+00
   endloop
 endfacet
 facet normal -0.000000e+00  0.000000e+00 -1.000000e+00
   outer loop
     vertex  1.243956e+02 -7.749204e+01  0.000000e+00
     vertex  1.242750e+02 -7.754199e+01  0.000000e+00
     vertex  1.172750e+02 -7.522500e+01  0.000000e+00
   endloop
 endfacet
 facet normal  0.000000e+00 -0.000000e+00 -1.000000e+00
   outer loop
     vertex  1.400000e+02 -9.297500e+01  0.000000e+00
     vertex  1.422500e+02 -1.022250e+02  0.000000e+00
     vertex  1.399830e+02 -9.310441e+01  0.000000e+00
   endloop
 endfacet
 facet normal -0.000000e+00  0.000000e+00 -1.000000e+00
   outer loop
     vertex  1.245250e+02 -7.747500e+01  0.000000e+00
     vertex  1.243956e+02 -7.749204e+01  0.000000e+00
     vertex  1.172750e+02 -7.522500e+01  0.000000e+00
   endloop
 endfacet
 facet normal  0.000000e+00  0.000000e+00 -1.000000e+00
   outer loop
     vertex  1.347500e+02 -8.490801e+01  0.000000e+00
     vertex  1.309233e+02 -8.814266e+01  0.000000e+00
     vertex  1.306986e+02 -8.760000e+01  0.000000e+00
   endloop
 endfacet
 facet normal -0.000000e+00  0.000000e+00 -1.000000e+00
   outer loop
     vertex  1.347500e+02 -8.490801e+01  0.000000e+00
     vertex  1.306986e+02 -8.760000e+01  0.000000e+00
     vertex  1.346464e+02 -8.482855e+01  0.000000e+00
   endloop
 endfacet
 facet normal  0.000000e+00  0.000000e+00 -1.000000e+00
   outer loop
     vertex  1.345670e+02 -8.472500e+01  0.000000e+00
     vertex  1.306986e+02 -8.760000e+01  0.000000e+00
     vertex  1.303410e+02 -8.713401e+01  0.000000e+00
   endloop
 endfacet
 facet normal  0.000000e+00 -0.000000e+00 -1.000000e+00
   outer loop
     vertex  1.345670e+02 -8.472500e+01  0.000000e+00
     vertex  1.346464e+02 -8.482855e+01  0.000000e+00
     vertex  1.306986e+02 -8.760000e+01  0.000000e+00
   endloop
 endfacet
 facet normal -0.000000e+00  0.000000e+00 -1.000000e+00
   outer loop
     vertex  1.327750e+02 -8.290801e+01  0.000000e+00
     vertex  1.298750e+02 -8.677644e+01  0.000000e+00
     vertex  1.326714e+02 -8.282855e+01  0.000000e+00
   endloop
 endfacet
 facet normal  0.000000e+00  0.000000e+00 -1.000000e+00
   outer loop
     vertex  1.327750e+02 -8.290801e+01  0.000000e+00
     vertex  1.303410e+02 -8.713401e+01  0.000000e+00
     vertex  1.298750e+02 -8.677644e+01  0.000000e+00
   endloop
 endfacet
 facet normal  0.000000e+00 -0.000000e+00 -1.000000e+00
   outer loop
     vertex  1.325920e+02 -8.272500e+01  0.000000e+00
     vertex  1.326714e+02 -8.282855e+01  0.000000e+00
     vertex  1.298750e+02 -8.677644e+01  0.000000e+00
   endloop
 endfacet
 facet normal  0.000000e+00  0.000000e+00 -1.000000e+00
   outer loop
     vertex  1.325920e+02 -8.272500e+01  0.000000e+00
     vertex  1.298750e+02 -8.677644e+01  0.000000e+00
     vertex  1.293323e+02 -8.655167e+01  0.000000e+00
   endloop
 endfacet
 facet normal  0.000000e+00  0.000000e+00 -1.000000e+00
   outer loop
     vertex  1.348706e+02 -8.495796e+01  0.000000e+00
     vertex  1.310000e+02 -8.872500e+01  0.000000e+00
     vertex  1.309233e+02 -8.814266e+01  0.000000e+00
   endloop
 endfacet
 facet normal -0.000000e+00  0.000000e+00 -1.000000e+00
   outer loop
     vertex  1.348706e+02 -8.495796e+01  0.000000e+00
     vertex  1.309233e+02 -8.814266e+01  0.000000e+00
     vertex  1.347500e+02 -8.490801e+01  0.000000e+00
   endloop
 endfacet
 facet normal  0.000000e+00 -0.000000e+00 -1.000000e+00
   outer loop
     vertex  1.345170e+02 -8.460441e+01  0.000000e+00
     vertex  1.345670e+02 -8.472500e+01  0.000000e+00
     vertex  1.303410e+02 -8.713401e+01  0.000000e+00
   endloop
 endfacet
 facet normal -0.000000e+00  0.000000e+00 -1.000000e+00
   outer loop
     vertex  1.328956e+02 -8.295796e+01  0.000000e+00
     vertex  1.303410e+02 -8.713401e+01  0.000000e+00
     vertex  1.327750e+02 -8.290801e+01  0.000000e+00
   endloop
 endfacet
 facet normal  0.000000e+00 -0.000000e+00 -1.000000e+00
   outer loop
     vertex  1.328956e+02 -8.295796e+01  0.000000e+00
     vertex  1.345170e+02 -8.460441e+01  0.000000e+00
     vertex  1.303410e+02 -8.713401e+01  0.000000e+00
   endloop
 endfacet
 facet normal  0.000000e+00  0.000000e+00 -1.000000e+00
   outer loop
     vertex  1.325420e+02 -8.260441e+01  0.000000e+00
     vertex  1.293323e+02 -8.655167e+01  0.000000e+00
     vertex  1.287500e+02 -8.647500e+01  0.000000e+00
   endloop
 endfacet
 facet normal  0.000000e+00 -0.000000e+00 -1.000000e+00
   outer loop
     vertex  1.325420e+02 -8.260441e+01  0.000000e+00
     vertex  1.325920e+02 -8.272500e+01  0.000000e+00
     vertex  1.293323e+02 -8.655167e+01  0.000000e+00
   endloop
 endfacet
 facet normal  0.000000e+00 -0.000000e+00 -1.000000e+00
   outer loop
     vertex  1.350000e+02 -8.497500e+01  0.000000e+00
     vertex  1.350000e+02 -9.247499e+01  0.000000e+00
     vertex  1.310000e+02 -8.872500e+01  0.000000e+00
   endloop
 endfacet
 facet normal -0.000000e+00  0.000000e+00 -1.000000e+00
   outer loop
     vertex  1.350000e+02 -8.497500e+01  0.000000e+00
     vertex  1.310000e+02 -8.872500e+01  0.000000e+00
     vertex  1.348706e+02 -8.495796e+01  0.000000e+00
   endloop
 endfacet
 facet normal -0.000000e+00 -0.000000e+00 -1.000000e+00
   outer loop
     vertex  1.345000e+02 -8.447500e+01  0.000000e+00
     vertex  1.345170e+02 -8.460441e+01  0.000000e+00
     vertex  1.328956e+02 -8.295796e+01  0.000000e+00
   endloop
 endfacet
 facet normal -0.000000e+00 -0.000000e+00 -1.000000e+00
   outer loop
     vertex  1.330250e+02 -8.297500e+01  0.000000e+00
     vertex  1.345000e+02 -8.447500e+01  0.000000e+00
     vertex  1.328956e+02 -8.295796e+01  0.000000e+00
   endloop
 endfacet
 facet normal  0.000000e+00 -0.000000e+00 -1.000000e+00
   outer loop
     vertex  1.325250e+02 -8.247500e+01  0.000000e+00
     vertex  1.325420e+02 -8.260441e+01  0.000000e+00
     vertex  1.287500e+02 -8.647500e+01  0.000000e+00
   endloop
 endfacet
 facet normal -0.000000e+00  0.000000e+00 -1.000000e+00
   outer loop
     vertex  1.325250e+02 -8.247500e+01  0.000000e+00
     vertex  1.250250e+02 -8.247500e+01  0.000000e+00
     vertex  1.250080e+02 -8.234559e+01  0.000000e+00
   endloop
 endfacet
 facet normal  0.000000e+00  0.000000e+00 -1.000000e+00
   outer loop
     vertex  1.325250e+02 -8.247500e+01  0.000000e+00
     vertex  1.287500e+02 -8.647500e+01  0.000000e+00
     vertex  1.250250e+02 -8.247500e+01  0.000000e+00
   endloop
 endfacet
 facet normal -0.000000e+00  0.000000e+00 -1.000000e+00
   outer loop
     vertex  1.345170e+02 -8.434559e+01  0.000000e+00
     vertex  1.345000e+02 -8.447500e+01  0.000000e+00
     vertex  1.330250e+02 -8.297500e+01  0.000000e+00
   endloop
 endfacet
 facet normal  0.000000e+00 -0.000000e+00 -1.000000e+00
   outer loop
     vertex  1.351294e+02 -8.495796e+01  0.000000e+00
     vertex  1.351294e+02 -9.249203e+01  0.000000e+00
     vertex  1.350000e+02 -9.247499e+01  0.000000e+00
   endloop
 endfacet
 facet normal  0.000000e+00  0.000000e+00 -1.000000e+00
   outer loop
     vertex  1.351294e+02 -8.495796e+01  0.000000e+00
     vertex  1.350000e+02 -9.247499e+01  0.000000e+00
     vertex  1.350000e+02 -8.497500e+01  0.000000e+00
   endloop
 endfacet
 facet normal  0.000000e+00  0.000000e+00 -1.000000e+00
   outer loop
     vertex  1.325420e+02 -8.234559e+01  0.000000e+00
     vertex  1.325250e+02 -8.247500e+01  0.000000e+00
     vertex  1.250080e+02 -8.234559e+01  0.000000e+00
   endloop
 endfacet
 facet normal -0.000000e+00  0.000000e+00 -1.000000e+00
   outer loop
     vertex  1.325420e+02 -8.234559e+01  0.000000e+00
     vertex  1.250080e+02 -8.234559e+01  0.000000e+00
     vertex  1.249580e+02 -8.222500e+01  0.000000e+00
   endloop
 endfacet
 facet normal  0.000000e+00 -0.000000e+00 -1.000000e+00
   outer loop
     vertex  1.331544e+02 -8.295796e+01  0.000000e+00
     vertex  1.345170e+02 -8.434559e+01  0.000000e+00
     vertex  1.330250e+02 -8.297500e+01  0.000000e+00
   endloop
 endfacet
 facet normal  0.000000e+00 -0.000000e+00 -1.000000e+00
   outer loop
     vertex  1.352500e+02 -8.490801e+01  0.000000e+00
     vertex  1.352500e+02 -9.254198e+01  0.000000e+00
     vertex  1.351294e+02 -9.249203e+01  0.000000e+00
   endloop
 endfacet
 facet normal  0.000000e+00  0.000000e+00 -1.000000e+00
   outer loop
     vertex  1.352500e+02 -8.490801e+01  0.000000e+00
     vertex  1.351294e+02 -9.249203e+01  0.000000e+00
     vertex  1.351294e+02 -8.495796e+01  0.000000e+00
   endloop
 endfacet
 facet normal -0.000000e+00  0.000000e+00 -1.000000e+00
   outer loop
     vertex  1.345670e+02 -8.422500e+01  0.000000e+00
     vertex  1.345170e+02 -8.434559e+01  0.000000e+00
     vertex  1.331544e+02 -8.295796e+01  0.000000e+00
   endloop
 endfacet
 facet normal  0.000000e+00 -0.000000e+00 -1.000000e+00
   outer loop
     vertex  1.332750e+02 -8.290801e+01  0.000000e+00
     vertex  1.345670e+02 -8.422500e+01  0.000000e+00
     vertex  1.331544e+02 -8.295796e+01  0.000000e+00
   endloop
 endfacet
 facet normal -0.000000e+00  0.000000e+00 -1.000000e+00
   outer loop
     vertex  1.325920e+02 -8.222500e+01  0.000000e+00
     vertex  1.249580e+02 -8.222500e+01  0.000000e+00
     vertex  1.249580e+02 -7.822500e+01  0.000000e+00
   endloop
 endfacet
 facet normal  0.000000e+00  0.000000e+00 -1.000000e+00
   outer loop
     vertex  1.325920e+02 -8.222500e+01  0.000000e+00
     vertex  1.325420e+02 -8.234559e+01  0.000000e+00
     vertex  1.249580e+02 -8.222500e+01  0.000000e+00
   endloop
 endfacet
 facet normal -0.000000e+00  0.000000e+00 -1.000000e+00
   outer loop
     vertex  1.346464e+02 -8.412144e+01  0.000000e+00
     vertex  1.345670e+02 -8.422500e+01  0.000000e+00
     vertex  1.332750e+02 -8.290801e+01  0.000000e+00
   endloop
 endfacet
 facet normal  0.000000e+00 -0.000000e+00 -1.000000e+00
   outer loop
     vertex  1.333785e+02 -8.282855e+01  0.000000e+00
     vertex  1.346464e+02 -8.412144e+01  0.000000e+00
     vertex  1.332750e+02 -8.290801e+01  0.000000e+00
   endloop
 endfacet
 facet normal -0.000000e+00  0.000000e+00 -1.000000e+00
   outer loop
     vertex  1.347500e+02 -8.404198e+01  0.000000e+00
     vertex  1.346464e+02 -8.412144e+01  0.000000e+00
     vertex  1.333785e+02 -8.282855e+01  0.000000e+00
   endloop
 endfacet
 facet normal  0.000000e+00 -0.000000e+00 -1.000000e+00
   outer loop
     vertex  1.334580e+02 -8.272500e+01  0.000000e+00
     vertex  1.347500e+02 -8.404198e+01  0.000000e+00
     vertex  1.333785e+02 -8.282855e+01  0.000000e+00
   endloop
 endfacet
 facet normal -0.000000e+00  0.000000e+00 -1.000000e+00
   outer loop
     vertex  1.348706e+02 -8.399203e+01  0.000000e+00
     vertex  1.347500e+02 -8.404198e+01  0.000000e+00
     vertex  1.334580e+02 -8.272500e+01  0.000000e+00
   endloop
 endfacet
 facet normal  0.000000e+00 -0.000000e+00 -1.000000e+00
   outer loop
     vertex  1.335080e+02 -8.260441e+01  0.000000e+00
     vertex  1.348706e+02 -8.399203e+01  0.000000e+00
     vertex  1.334580e+02 -8.272500e+01  0.000000e+00
   endloop
 endfacet
 facet normal -0.000000e+00  0.000000e+00 -1.000000e+00
   outer loop
     vertex  1.350000e+02 -8.397500e+01  0.000000e+00
     vertex  1.348706e+02 -8.399203e+01  0.000000e+00
     vertex  1.335080e+02 -8.260441e+01  0.000000e+00
   endloop
 endfacet
 facet normal  0.000000e+00 -0.000000e+00 -1.000000e+00
   outer loop
     vertex  1.335250e+02 -8.247500e+01  0.000000e+00
     vertex  1.350000e+02 -8.397500e+01  0.000000e+00
     vertex  1.335080e+02 -8.260441e+01  0.000000e+00
   endloop
 endfacet
 facet normal  0.000000e+00  0.000000e+00 -1.000000e+00
   outer loop
     vertex  1.351294e+02 -8.399203e+01  0.000000e+00
     vertex  1.350000e+02 -8.397500e+01  0.000000e+00
     vertex  1.335250e+02 -8.247500e+01  0.000000e+00
   endloop
 endfacet
 facet normal  0.000000e+00  0.000000e+00 -1.000000e+00
   outer loop
     vertex  1.335080e+02 -8.234559e+01  0.000000e+00
     vertex  1.351294e+02 -8.399203e+01  0.000000e+00
     vertex  1.335250e+02 -8.247500e+01  0.000000e+00
   endloop
 endfacet
 facet normal  0.000000e+00  0.000000e+00 -1.000000e+00
   outer loop
     vertex  1.352500e+02 -8.404198e+01  0.000000e+00
     vertex  1.351294e+02 -8.399203e+01  0.000000e+00
     vertex  1.335080e+02 -8.234559e+01  0.000000e+00
   endloop
 endfacet
 facet normal  0.000000e+00  0.000000e+00 -1.000000e+00
   outer loop
     vertex  1.334580e+02 -8.222500e+01  0.000000e+00
     vertex  1.352500e+02 -8.404198e+01  0.000000e+00
     vertex  1.335080e+02 -8.234559e+01  0.000000e+00
   endloop
 endfacet
 facet normal -0.000000e+00  0.000000e+00 -1.000000e+00
   outer loop
     vertex  1.391464e+02 -8.482856e+01  0.000000e+00
     vertex  1.352500e+02 -8.490801e+01  0.000000e+00
     vertex  1.353536e+02 -8.482855e+01  0.000000e+00
   endloop
 endfacet
 facet normal  0.000000e+00 -0.000000e+00 -1.000000e+00
   outer loop
     vertex  1.392500e+02 -8.490802e+01  0.000000e+00
     vertex  1.392500e+02 -9.254199e+01  0.000000e+00
     vertex  1.352500e+02 -9.254198e+01  0.000000e+00
   endloop
 endfacet
 facet normal  0.000000e+00  0.000000e+00 -1.000000e+00
   outer loop
     vertex  1.392500e+02 -8.490802e+01  0.000000e+00
     vertex  1.352500e+02 -8.490801e+01  0.000000e+00
     vertex  1.391464e+02 -8.482856e+01  0.000000e+00
   endloop
 endfacet
 facet normal -0.000000e+00  0.000000e+00 -1.000000e+00
   outer loop
     vertex  1.392500e+02 -8.490802e+01  0.000000e+00
     vertex  1.352500e+02 -9.254198e+01  0.000000e+00
     vertex  1.352500e+02 -8.490801e+01  0.000000e+00
   endloop
 endfacet
 facet normal  0.000000e+00 -0.000000e+00 -1.000000e+00
   outer loop
     vertex  1.390670e+02 -8.472501e+01  0.000000e+00
     vertex  1.391464e+02 -8.482856e+01  0.000000e+00
     vertex  1.353536e+02 -8.482855e+01  0.000000e+00
   endloop
 endfacet
 facet normal -0.000000e+00  0.000000e+00 -1.000000e+00
   outer loop
     vertex  1.390670e+02 -8.472501e+01  0.000000e+00
     vertex  1.353536e+02 -8.482855e+01  0.000000e+00
     vertex  1.354330e+02 -8.472500e+01  0.000000e+00
   endloop
 endfacet
 facet normal  0.000000e+00 -0.000000e+00 -1.000000e+00
   outer loop
     vertex  1.326714e+02 -7.832855e+01  0.000000e+00
     vertex  1.327750e+02 -8.204199e+01  0.000000e+00
     vertex  1.326714e+02 -8.212144e+01  0.000000e+00
   endloop
 endfacet
 facet normal  0.000000e+00 -0.000000e+00 -1.000000e+00
   outer loop
     vertex  1.327750e+02 -7.840801e+01  0.000000e+00
     vertex  1.328956e+02 -8.199204e+01  0.000000e+00
     vertex  1.327750e+02 -8.204199e+01  0.000000e+00
   endloop
 endfacet
 facet normal -0.000000e+00  0.000000e+00 -1.000000e+00
   outer loop
     vertex  1.327750e+02 -7.840801e+01  0.000000e+00
     vertex  1.327750e+02 -8.204199e+01  0.000000e+00
     vertex  1.326714e+02 -7.832855e+01  0.000000e+00
   endloop
 endfacet
 facet normal -0.000000e+00  0.000000e+00 -1.000000e+00
   outer loop
     vertex  1.325920e+02 -7.822500e+01  0.000000e+00
     vertex  1.249580e+02 -7.822500e+01  0.000000e+00
     vertex  1.250080e+02 -7.810441e+01  0.000000e+00
   endloop
 endfacet
 facet normal  0.000000e+00  0.000000e+00 -1.000000e+00
   outer loop
     vertex  1.325920e+02 -7.822500e+01  0.000000e+00
     vertex  1.325920e+02 -8.222500e+01  0.000000e+00
     vertex  1.249580e+02 -7.822500e+01  0.000000e+00
   endloop
 endfacet
 facet normal  0.000000e+00  0.000000e+00 -1.000000e+00
   outer loop
     vertex  1.325920e+02 -7.822500e+01  0.000000e+00
     vertex  1.326714e+02 -7.832855e+01  0.000000e+00
     vertex  1.326714e+02 -8.212144e+01  0.000000e+00
   endloop
 endfacet
 facet normal  0.000000e+00 -0.000000e+00 -1.000000e+00
   outer loop
     vertex  1.325920e+02 -7.822500e+01  0.000000e+00
     vertex  1.326714e+02 -8.212144e+01  0.000000e+00
     vertex  1.325920e+02 -8.222500e+01  0.000000e+00
   endloop
 endfacet
 facet normal -0.000000e+00  0.000000e+00 -1.000000e+00
   outer loop
     vertex  1.393706e+02 -8.495797e+01  0.000000e+00
     vertex  1.392500e+02 -9.254199e+01  0.000000e+00
     vertex  1.392500e+02 -8.490802e+01  0.000000e+00
   endloop
 endfacet
 facet normal  0.000000e+00 -0.000000e+00 -1.000000e+00
   outer loop
     vertex  1.393706e+02 -8.495797e+01  0.000000e+00
     vertex  1.393706e+02 -9.249204e+01  0.000000e+00
     vertex  1.392500e+02 -9.254199e+01  0.000000e+00
   endloop
 endfacet
 facet normal -0.000000e+00  0.000000e+00 -1.000000e+00
   outer loop
     vertex  1.390170e+02 -8.460442e+01  0.000000e+00
     vertex  1.354330e+02 -8.472500e+01  0.000000e+00
     vertex  1.354830e+02 -8.460441e+01  0.000000e+00
   endloop
 endfacet
 facet normal  0.000000e+00 -0.000000e+00 -1.000000e+00
   outer loop
     vertex  1.390170e+02 -8.460442e+01  0.000000e+00
     vertex  1.390670e+02 -8.472501e+01  0.000000e+00
     vertex  1.354330e+02 -8.472500e+01  0.000000e+00
   endloop
 endfacet
 facet normal -0.000000e+00  0.000000e+00 -1.000000e+00
   outer loop
     vertex  1.328956e+02 -7.845796e+01  0.000000e+00
     vertex  1.328956e+02 -8.199204e+01  0.000000e+00
     vertex  1.327750e+02 -7.840801e+01  0.000000e+00
   endloop
 endfacet
 facet normal  0.000000e+00 -0.000000e+00 -1.000000e+00
   outer loop
     vertex  1.328956e+02 -7.845796e+01  0.000000e+00
     vertex  1.330250e+02 -8.197500e+01  0.000000e+00
     vertex  1.328956e+02 -8.199204e+01  0.000000e+00
   endloop
 endfacet
 facet normal  0.000000e+00 -0.000000e+00 -1.000000e+00
   outer loop
     vertex  1.325420e+02 -7.810441e+01  0.000000e+00
     vertex  1.325920e+02 -7.822500e+01  0.000000e+00
     vertex  1.250080e+02 -7.810441e+01  0.000000e+00
   endloop
 endfacet
 facet normal -0.000000e+00  0.000000e+00 -1.000000e+00
   outer loop
     vertex  1.325420e+02 -7.810441e+01  0.000000e+00
     vertex  1.250080e+02 -7.810441e+01  0.000000e+00
     vertex  1.250250e+02 -7.797500e+01  0.000000e+00
   endloop
 endfacet
 facet normal  0.000000e+00 -0.000000e+00 -1.000000e+00
   outer loop
     vertex  1.395000e+02 -8.497501e+01  0.000000e+00
     vertex  1.395000e+02 -9.247500e+01  0.000000e+00
     vertex  1.393706e+02 -9.249204e+01  0.000000e+00
   endloop
 endfacet
 facet normal -0.000000e+00  0.000000e+00 -1.000000e+00
   outer loop
     vertex  1.395000e+02 -8.497501e+01  0.000000e+00
     vertex  1.393706e+02 -9.249204e+01  0.000000e+00
     vertex  1.393706e+02 -8.495797e+01  0.000000e+00
   endloop
 endfacet
 facet normal -0.000000e+00  0.000000e+00 -1.000000e+00
   outer loop
     vertex  1.390000e+02 -8.447501e+01  0.000000e+00
     vertex  1.354830e+02 -8.460441e+01  0.000000e+00
     vertex  1.355000e+02 -8.447500e+01  0.000000e+00
   endloop
 endfacet
 facet normal  0.000000e+00 -0.000000e+00 -1.000000e+00
   outer loop
     vertex  1.390000e+02 -8.447501e+01  0.000000e+00
     vertex  1.390170e+02 -8.460442e+01  0.000000e+00
     vertex  1.354830e+02 -8.460441e+01  0.000000e+00
   endloop
 endfacet
 facet normal -0.000000e+00  0.000000e+00 -1.000000e+00
   outer loop
     vertex  1.330250e+02 -7.847500e+01  0.000000e+00
     vertex  1.330250e+02 -8.197500e+01  0.000000e+00
     vertex  1.328956e+02 -7.845796e+01  0.000000e+00
   endloop
 endfacet
 facet normal  0.000000e+00 -0.000000e+00 -1.000000e+00
   outer loop
     vertex  1.330250e+02 -7.847500e+01  0.000000e+00
     vertex  1.331544e+02 -8.199204e+01  0.000000e+00
     vertex  1.330250e+02 -8.197500e+01  0.000000e+00
   endloop
 endfacet
 facet normal -0.000000e+00  0.000000e+00 -1.000000e+00
   outer loop
     vertex  1.325250e+02 -7.797500e+01  0.000000e+00
     vertex  1.250250e+02 -7.797500e+01  0.000000e+00
     vertex  1.250080e+02 -7.784559e+01  0.000000e+00
   endloop
 endfacet
 facet normal  0.000000e+00 -0.000000e+00 -1.000000e+00
   outer loop
     vertex  1.325250e+02 -7.797500e+01  0.000000e+00
     vertex  1.325420e+02 -7.810441e+01  0.000000e+00
     vertex  1.250250e+02 -7.797500e+01  0.000000e+00
   endloop
 endfacet
 facet normal  0.000000e+00  0.000000e+00 -1.000000e+00
   outer loop
     vertex  1.390170e+02 -8.434560e+01  0.000000e+00
     vertex  1.390000e+02 -8.447501e+01  0.000000e+00
     vertex  1.355000e+02 -8.447500e+01  0.000000e+00
   endloop
 endfacet
 facet normal -0.000000e+00  0.000000e+00 -1.000000e+00
   outer loop
     vertex  1.390170e+02 -8.434560e+01  0.000000e+00
     vertex  1.355000e+02 -8.447500e+01  0.000000e+00
     vertex  1.354830e+02 -8.434559e+01  0.000000e+00
   endloop
 endfacet
 facet normal  0.000000e+00 -0.000000e+00 -1.000000e+00
   outer loop
     vertex  1.396294e+02 -8.495797e+01  0.000000e+00
     vertex  1.396294e+02 -9.249204e+01  0.000000e+00
     vertex  1.395000e+02 -9.247500e+01  0.000000e+00
   endloop
 endfacet
 facet normal  0.000000e+00  0.000000e+00 -1.000000e+00
   outer loop
     vertex  1.396294e+02 -8.495797e+01  0.000000e+00
     vertex  1.395000e+02 -9.247500e+01  0.000000e+00
     vertex  1.395000e+02 -8.497501e+01  0.000000e+00
   endloop
 endfacet
 facet normal -0.000000e+00  0.000000e+00 -1.000000e+00
   outer loop
     vertex  1.325420e+02 -7.784559e+01  0.000000e+00
     vertex  1.250080e+02 -7.784559e+01  0.000000e+00
     vertex  1.249580e+02 -7.772500e+01  0.000000e+00
   endloop
 endfacet
 facet normal  0.000000e+00  0.000000e+00 -1.000000e+00
   outer loop
     vertex  1.325420e+02 -7.784559e+01  0.000000e+00
     vertex  1.325250e+02 -7.797500e+01  0.000000e+00
     vertex  1.250080e+02 -7.784559e+01  0.000000e+00
   endloop
 endfacet
 facet normal  0.000000e+00  0.000000e+00 -1.000000e+00
   outer loop
     vertex  1.331544e+02 -7.845796e+01  0.000000e+00
     vertex  1.331544e+02 -8.199204e+01  0.000000e+00
     vertex  1.330250e+02 -7.847500e+01  0.000000e+00
   endloop
 endfacet
 facet normal  0.000000e+00 -0.000000e+00 -1.000000e+00
   outer loop
     vertex  1.331544e+02 -7.845796e+01  0.000000e+00
     vertex  1.332750e+02 -8.204199e+01  0.000000e+00
     vertex  1.331544e+02 -8.199204e+01  0.000000e+00
   endloop
 endfacet
 facet normal  0.000000e+00 -0.000000e+00 -1.000000e+00
   outer loop
     vertex  1.397500e+02 -8.490802e+01  0.000000e+00
     vertex  1.397500e+02 -9.254199e+01  0.000000e+00
     vertex  1.396294e+02 -9.249204e+01  0.000000e+00
   endloop
 endfacet
 facet normal  0.000000e+00  0.000000e+00 -1.000000e+00
   outer loop
     vertex  1.397500e+02 -8.490802e+01  0.000000e+00
     vertex  1.396294e+02 -9.249204e+01  0.000000e+00
     vertex  1.396294e+02 -8.495797e+01  0.000000e+00
   endloop
 endfacet
 facet normal  0.000000e+00  0.000000e+00 -1.000000e+00
   outer loop
     vertex  1.390670e+02 -8.422501e+01  0.000000e+00
     vertex  1.390170e+02 -8.434560e+01  0.000000e+00
     vertex  1.354830e+02 -8.434559e+01  0.000000e+00
   endloop
 endfacet
 facet normal -0.000000e+00  0.000000e+00 -1.000000e+00
   outer loop
     vertex  1.390670e+02 -8.422501e+01  0.000000e+00
     vertex  1.354830e+02 -8.434559e+01  0.000000e+00
     vertex  1.354330e+02 -8.422500e+01  0.000000e+00
   endloop
 endfacet
 facet normal  0.000000e+00 -0.000000e+00 -1.000000e+00
   outer loop
     vertex  1.332750e+02 -7.840801e+01  0.000000e+00
     vertex  1.333785e+02 -8.212144e+01  0.000000e+00
     vertex  1.332750e+02 -8.204199e+01  0.000000e+00
   endloop
 endfacet
 facet normal  0.000000e+00  0.000000e+00 -1.000000e+00
   outer loop
     vertex  1.332750e+02 -7.840801e+01  0.000000e+00
     vertex  1.332750e+02 -8.204199e+01  0.000000e+00
     vertex  1.331544e+02 -7.845796e+01  0.000000e+00
   endloop
 endfacet
 facet normal -0.000000e+00  0.000000e+00 -1.000000e+00
   outer loop
     vertex  1.325920e+02 -7.772500e+01  0.000000e+00
     vertex  1.249580e+02 -7.772500e+01  0.000000e+00
     vertex  1.248786e+02 -7.762145e+01  0.000000e+00
   endloop
 endfacet
 facet normal  0.000000e+00  0.000000e+00 -1.000000e+00
   outer loop
     vertex  1.325920e+02 -7.772500e+01  0.000000e+00
     vertex  1.325420e+02 -7.784559e+01  0.000000e+00
     vertex  1.249580e+02 -7.772500e+01  0.000000e+00
   endloop
 endfacet
 facet normal  0.000000e+00 -0.000000e+00 -1.000000e+00
   outer loop
     vertex  1.398536e+02 -8.482856e+01  0.000000e+00
     vertex  1.398536e+02 -9.262145e+01  0.000000e+00
     vertex  1.397500e+02 -9.254199e+01  0.000000e+00
   endloop
 endfacet
 facet normal  0.000000e+00  0.000000e+00 -1.000000e+00
   outer loop
     vertex  1.398536e+02 -8.482856e+01  0.000000e+00
     vertex  1.397500e+02 -9.254199e+01  0.000000e+00
     vertex  1.397500e+02 -8.490802e+01  0.000000e+00
   endloop
 endfacet
 facet normal -0.000000e+00  0.000000e+00 -1.000000e+00
   outer loop
     vertex  1.391464e+02 -8.412145e+01  0.000000e+00
     vertex  1.354330e+02 -8.422500e+01  0.000000e+00
     vertex  1.353536e+02 -8.412144e+01  0.000000e+00
   endloop
 endfacet
 facet normal  0.000000e+00  0.000000e+00 -1.000000e+00
   outer loop
     vertex  1.391464e+02 -8.412145e+01  0.000000e+00
     vertex  1.390670e+02 -8.422501e+01  0.000000e+00
     vertex  1.354330e+02 -8.422500e+01  0.000000e+00
   endloop
 endfacet
 facet normal -0.000000e+00  0.000000e+00 -1.000000e+00
   outer loop
     vertex  1.326714e+02 -7.762144e+01  0.000000e+00
     vertex  1.248786e+02 -7.762145e+01  0.000000e+00
     vertex  1.247750e+02 -7.754199e+01  0.000000e+00
   endloop
 endfacet
 facet normal  0.000000e+00  0.000000e+00 -1.000000e+00
   outer loop
     vertex  1.326714e+02 -7.762144e+01  0.000000e+00
     vertex  1.325920e+02 -7.772500e+01  0.000000e+00
     vertex  1.248786e+02 -7.762145e+01  0.000000e+00
   endloop
 endfacet
 facet normal  0.000000e+00 -0.000000e+00 -1.000000e+00
   outer loop
     vertex  1.333786e+02 -7.832855e+01  0.000000e+00
     vertex  1.334580e+02 -8.222500e+01  0.000000e+00
     vertex  1.333785e+02 -8.212144e+01  0.000000e+00
   endloop
 endfacet
 facet normal  0.000000e+00  0.000000e+00 -1.000000e+00
   outer loop
     vertex  1.333786e+02 -7.832855e+01  0.000000e+00
     vertex  1.333785e+02 -8.212144e+01  0.000000e+00
     vertex  1.332750e+02 -7.840801e+01  0.000000e+00
   endloop
 endfacet
 facet normal  0.000000e+00 -0.000000e+00 -1.000000e+00
   outer loop
     vertex  1.399330e+02 -8.472501e+01  0.000000e+00
     vertex  1.399330e+02 -9.272500e+01  0.000000e+00
     vertex  1.398536e+02 -9.262145e+01  0.000000e+00
   endloop
 endfacet
 facet normal  0.000000e+00  0.000000e+00 -1.000000e+00
   outer loop
     vertex  1.399330e+02 -8.472501e+01  0.000000e+00
     vertex  1.398536e+02 -9.262145e+01  0.000000e+00
     vertex  1.398536e+02 -8.482856e+01  0.000000e+00
   endloop
 endfacet
 facet normal -0.000000e+00  0.000000e+00 -1.000000e+00
   outer loop
     vertex  1.392500e+02 -8.404199e+01  0.000000e+00
     vertex  1.353536e+02 -8.412144e+01  0.000000e+00
     vertex  1.352500e+02 -8.404198e+01  0.000000e+00
   endloop
 endfacet
 facet normal  0.000000e+00  0.000000e+00 -1.000000e+00
   outer loop
     vertex  1.392500e+02 -8.404199e+01  0.000000e+00
     vertex  1.391464e+02 -8.412145e+01  0.000000e+00
     vertex  1.353536e+02 -8.412144e+01  0.000000e+00
   endloop
 endfacet
 facet normal  0.000000e+00  0.000000e+00 -1.000000e+00
   outer loop
     vertex  1.334580e+02 -7.822500e+01  0.000000e+00
     vertex  1.334580e+02 -8.222500e+01  0.000000e+00
     vertex  1.333786e+02 -7.832855e+01  0.000000e+00
   endloop
 endfacet
 facet normal -0.000000e+00  0.000000e+00 -1.000000e+00
   outer loop
     vertex  1.327750e+02 -7.754198e+01  0.000000e+00
     vertex  1.247750e+02 -7.754199e+01  0.000000e+00
     vertex  1.246544e+02 -7.749204e+01  0.000000e+00
   endloop
 endfacet
 facet normal  0.000000e+00  0.000000e+00 -1.000000e+00
   outer loop
     vertex  1.327750e+02 -7.754198e+01  0.000000e+00
     vertex  1.326714e+02 -7.762144e+01  0.000000e+00
     vertex  1.247750e+02 -7.754199e+01  0.000000e+00
   endloop
 endfacet
 facet normal  0.000000e+00  0.000000e+00 -1.000000e+00
   outer loop
     vertex  1.328956e+02 -7.749203e+01  0.000000e+00
     vertex  1.327750e+02 -7.754198e+01  0.000000e+00
     vertex  1.246544e+02 -7.749204e+01  0.000000e+00
   endloop
 endfacet
 facet normal  0.000000e+00  0.000000e+00 -1.000000e+00
   outer loop
     vertex  1.390075e+02 -7.846746e+01  0.000000e+00
     vertex  1.352500e+02 -8.404198e+01  0.000000e+00
     vertex  1.334580e+02 -8.222500e+01  0.000000e+00
   endloop
 endfacet
 facet normal  0.000000e+00  0.000000e+00 -1.000000e+00
   outer loop
     vertex  1.388407e+02 -7.825000e+01  0.000000e+00
     vertex  1.334580e+02 -7.822500e+01  0.000000e+00
     vertex  1.335080e+02 -7.810441e+01  0.000000e+00
   endloop
 endfacet
 facet normal  0.000000e+00 -0.000000e+00 -1.000000e+00
   outer loop
     vertex  1.388407e+02 -7.825000e+01  0.000000e+00
     vertex  1.390075e+02 -7.846746e+01  0.000000e+00
     vertex  1.334580e+02 -8.222500e+01  0.000000e+00
   endloop
 endfacet
 facet normal -0.000000e+00  0.000000e+00 -1.000000e+00
   outer loop
     vertex  1.388407e+02 -7.825000e+01  0.000000e+00
     vertex  1.334580e+02 -8.222500e+01  0.000000e+00
     vertex  1.334580e+02 -7.822500e+01  0.000000e+00
   endloop
 endfacet
 facet normal -0.000000e+00  0.000000e+00 -1.000000e+00
   outer loop
     vertex  1.392250e+02 -7.863433e+01  0.000000e+00
     vertex  1.352500e+02 -8.404198e+01  0.000000e+00
     vertex  1.390075e+02 -7.846746e+01  0.000000e+00
   endloop
 endfacet
 facet normal  0.000000e+00  0.000000e+00 -1.000000e+00
   outer loop
     vertex  1.392250e+02 -7.863433e+01  0.000000e+00
     vertex  1.393706e+02 -8.399204e+01  0.000000e+00
     vertex  1.392500e+02 -8.404199e+01  0.000000e+00
   endloop
 endfacet
 facet normal  0.000000e+00 -0.000000e+00 -1.000000e+00
   outer loop
     vertex  1.392250e+02 -7.863433e+01  0.000000e+00
     vertex  1.392500e+02 -8.404199e+01  0.000000e+00
     vertex  1.352500e+02 -8.404198e+01  0.000000e+00
   endloop
 endfacet
 facet normal  0.000000e+00 -0.000000e+00 -1.000000e+00
   outer loop
     vertex  1.422500e+02 -8.157500e+01  0.000000e+00
     vertex  1.422500e+02 -1.022250e+02  0.000000e+00
     vertex  1.400000e+02 -9.297500e+01  0.000000e+00
   endloop
 endfacet
 facet normal  0.000000e+00  0.000000e+00 -1.000000e+00
   outer loop
     vertex  1.422500e+02 -8.157500e+01  0.000000e+00
     vertex  1.396294e+02 -8.399204e+01  0.000000e+00
     vertex  1.395000e+02 -8.397501e+01  0.000000e+00
   endloop
 endfacet
 facet normal  0.000000e+00  0.000000e+00 -1.000000e+00
   outer loop
     vertex  1.422500e+02 -8.157500e+01  0.000000e+00
     vertex  1.397500e+02 -8.404199e+01  0.000000e+00
     vertex  1.396294e+02 -8.399204e+01  0.000000e+00
   endloop
 endfacet
 facet normal  0.000000e+00  0.000000e+00 -1.000000e+00
   outer loop
     vertex  1.422500e+02 -8.157500e+01  0.000000e+00
     vertex  1.398536e+02 -8.412145e+01  0.000000e+00
     vertex  1.397500e+02 -8.404199e+01  0.000000e+00
   endloop
 endfacet
 facet normal  0.000000e+00  0.000000e+00 -1.000000e+00
   outer loop
     vertex  1.422500e+02 -8.157500e+01  0.000000e+00
     vertex  1.399330e+02 -8.422501e+01  0.000000e+00
     vertex  1.398536e+02 -8.412145e+01  0.000000e+00
   endloop
 endfacet
 facet normal  0.000000e+00  0.000000e+00 -1.000000e+00
   outer loop
     vertex  1.422500e+02 -8.157500e+01  0.000000e+00
     vertex  1.399830e+02 -8.434560e+01  0.000000e+00
     vertex  1.399330e+02 -8.422501e+01  0.000000e+00
   endloop
 endfacet
 facet normal  0.000000e+00  0.000000e+00 -1.000000e+00
   outer loop
     vertex  1.422500e+02 -8.157500e+01  0.000000e+00
     vertex  1.400000e+02 -8.447501e+01  0.000000e+00
     vertex  1.399830e+02 -8.434560e+01  0.000000e+00
   endloop
 endfacet
 facet normal  0.000000e+00  0.000000e+00 -1.000000e+00
   outer loop
     vertex  1.422500e+02 -8.157500e+01  0.000000e+00
     vertex  1.399830e+02 -8.460442e+01  0.000000e+00
     vertex  1.400000e+02 -8.447501e+01  0.000000e+00
   endloop
 endfacet
 facet normal  0.000000e+00  0.000000e+00 -1.000000e+00
   outer loop
     vertex  1.422500e+02 -8.157500e+01  0.000000e+00
     vertex  1.399330e+02 -8.472501e+01  0.000000e+00
     vertex  1.399830e+02 -8.460442e+01  0.000000e+00
   endloop
 endfacet
 facet normal  0.000000e+00  0.000000e+00 -1.000000e+00
   outer loop
     vertex  1.422500e+02 -8.157500e+01  0.000000e+00
     vertex  1.399830e+02 -9.284559e+01  0.000000e+00
     vertex  1.399330e+02 -9.272500e+01  0.000000e+00
   endloop
 endfacet
 facet normal  0.000000e+00  0.000000e+00 -1.000000e+00
   outer loop
     vertex  1.422500e+02 -8.157500e+01  0.000000e+00
     vertex  1.400000e+02 -9.297500e+01  0.000000e+00
     vertex  1.399830e+02 -9.284559e+01  0.000000e+00
   endloop
 endfacet
 facet normal  0.000000e+00  0.000000e+00 -1.000000e+00
   outer loop
     vertex  1.422500e+02 -8.157500e+01  0.000000e+00
     vertex  1.399330e+02 -9.272500e+01  0.000000e+00
     vertex  1.399330e+02 -8.472501e+01  0.000000e+00
   endloop
 endfacet
 facet normal -0.000000e+00  0.000000e+00 -1.000000e+00
   outer loop
     vertex  1.394782e+02 -7.873922e+01  0.000000e+00
     vertex  1.393706e+02 -8.399204e+01  0.000000e+00
     vertex  1.392250e+02 -7.863433e+01  0.000000e+00
   endloop
 endfacet
 facet normal  0.000000e+00 -0.000000e+00 -1.000000e+00
   outer loop
     vertex  1.394782e+02 -7.873922e+01  0.000000e+00
     vertex  1.395000e+02 -8.397501e+01  0.000000e+00
     vertex  1.393706e+02 -8.399204e+01  0.000000e+00
   endloop
 endfacet
 facet normal -0.000000e+00  0.000000e+00 -1.000000e+00
   outer loop
     vertex  1.387358e+02 -7.799676e+01  0.000000e+00
     vertex  1.335080e+02 -7.810441e+01  0.000000e+00
     vertex  1.335250e+02 -7.797500e+01  0.000000e+00
   endloop
 endfacet
 facet normal  0.000000e+00 -0.000000e+00 -1.000000e+00
   outer loop
     vertex  1.387358e+02 -7.799676e+01  0.000000e+00
     vertex  1.388407e+02 -7.825000e+01  0.000000e+00
     vertex  1.335080e+02 -7.810441e+01  0.000000e+00
   endloop
 endfacet
 facet normal -0.000000e+00  0.000000e+00 -1.000000e+00
   outer loop
     vertex  1.397500e+02 -7.877500e+01  0.000000e+00
     vertex  1.395000e+02 -8.397501e+01  0.000000e+00
     vertex  1.394782e+02 -7.873922e+01  0.000000e+00
   endloop
 endfacet
 facet normal  0.000000e+00 -0.000000e+00 -1.000000e+00
   outer loop
     vertex  1.397500e+02 -7.877500e+01  0.000000e+00
     vertex  1.422500e+02 -8.157500e+01  0.000000e+00
     vertex  1.395000e+02 -8.397501e+01  0.000000e+00
   endloop
 endfacet
 facet normal  0.000000e+00 -0.000000e+00 -1.000000e+00
   outer loop
     vertex  1.387000e+02 -7.772500e+01  0.000000e+00
     vertex  1.387358e+02 -7.799676e+01  0.000000e+00
     vertex  1.335250e+02 -7.797500e+01  0.000000e+00
   endloop
 endfacet
 facet normal  0.000000e+00  0.000000e+00 -1.000000e+00
   outer loop
     vertex  1.387000e+02 -7.772500e+01  0.000000e+00
     vertex  1.335250e+02 -7.797500e+01  0.000000e+00
     vertex  1.335080e+02 -7.784559e+01  0.000000e+00
   endloop
 endfacet
 facet normal  0.000000e+00  0.000000e+00 -1.000000e+00
   outer loop
     vertex  1.387358e+02 -7.745324e+01  0.000000e+00
     vertex  1.387000e+02 -7.772500e+01  0.000000e+00
     vertex  1.335080e+02 -7.784559e+01  0.000000e+00
   endloop
 endfacet
 facet normal  0.000000e+00  0.000000e+00 -1.000000e+00
   outer loop
     vertex  1.387358e+02 -7.745324e+01  0.000000e+00
     vertex  1.335080e+02 -7.784559e+01  0.000000e+00
     vertex  1.334580e+02 -7.772500e+01  0.000000e+00
   endloop
 endfacet
 facet normal  0.000000e+00 -0.000000e+00 -1.000000e+00
   outer loop
     vertex  1.400218e+02 -7.873922e+01  0.000000e+00
     vertex  1.422500e+02 -8.157500e+01  0.000000e+00
     vertex  1.397500e+02 -7.877500e+01  0.000000e+00
   endloop
 endfacet
 facet normal  0.000000e+00  0.000000e+00 -1.000000e+00
   outer loop
     vertex  1.388407e+02 -7.720000e+01  0.000000e+00
     vertex  1.387358e+02 -7.745324e+01  0.000000e+00
     vertex  1.334580e+02 -7.772500e+01  0.000000e+00
   endloop
 endfacet
 facet normal  0.000000e+00  0.000000e+00 -1.000000e+00
   outer loop
     vertex  1.388407e+02 -7.720000e+01  0.000000e+00
     vertex  1.334580e+02 -7.772500e+01  0.000000e+00
     vertex  1.333786e+02 -7.762144e+01  0.000000e+00
   endloop
 endfacet
 facet normal  0.000000e+00 -0.000000e+00 -1.000000e+00
   outer loop
     vertex  1.402750e+02 -7.863433e+01  0.000000e+00
     vertex  1.422500e+02 -8.157500e+01  0.000000e+00
     vertex  1.400218e+02 -7.873922e+01  0.000000e+00
   endloop
 endfacet
 facet normal  0.000000e+00 -0.000000e+00 -1.000000e+00
   outer loop
     vertex  1.404925e+02 -7.846746e+01  0.000000e+00
     vertex  1.422500e+02 -8.157500e+01  0.000000e+00
     vertex  1.402750e+02 -7.863433e+01  0.000000e+00
   endloop
 endfacet
 facet normal  0.000000e+00  0.000000e+00 -1.000000e+00
   outer loop
     vertex  1.390075e+02 -7.698254e+01  0.000000e+00
     vertex  1.388407e+02 -7.720000e+01  0.000000e+00
     vertex  1.333786e+02 -7.762144e+01  0.000000e+00
   endloop
 endfacet
 facet normal  0.000000e+00  0.000000e+00 -1.000000e+00
   outer loop
     vertex  1.390075e+02 -7.698254e+01  0.000000e+00
     vertex  1.333786e+02 -7.762144e+01  0.000000e+00
     vertex  1.332750e+02 -7.754198e+01  0.000000e+00
   endloop
 endfacet
 facet normal  0.000000e+00  0.000000e+00 -1.000000e+00
   outer loop
     vertex  1.392250e+02 -7.681567e+01  0.000000e+00
     vertex  1.390075e+02 -7.698254e+01  0.000000e+00
     vertex  1.332750e+02 -7.754198e+01  0.000000e+00
   endloop
 endfacet
 facet normal  0.000000e+00  0.000000e+00 -1.000000e+00
   outer loop
     vertex  1.392250e+02 -7.681567e+01  0.000000e+00
     vertex  1.332750e+02 -7.754198e+01  0.000000e+00
     vertex  1.331544e+02 -7.749203e+01  0.000000e+00
   endloop
 endfacet
 facet normal  0.000000e+00 -0.000000e+00 -1.000000e+00
   outer loop
     vertex  1.406593e+02 -7.825000e+01  0.000000e+00
     vertex  1.422500e+02 -8.157500e+01  0.000000e+00
     vertex  1.404925e+02 -7.846746e+01  0.000000e+00
   endloop
 endfacet
 facet normal  0.000000e+00  0.000000e+00 -1.000000e+00
   outer loop
     vertex  1.394782e+02 -7.671078e+01  0.000000e+00
     vertex  1.392250e+02 -7.681567e+01  0.000000e+00
     vertex  1.331544e+02 -7.749203e+01  0.000000e+00
   endloop
 endfacet
 facet normal  0.000000e+00  0.000000e+00 -1.000000e+00
   outer loop
     vertex  1.394782e+02 -7.671078e+01  0.000000e+00
     vertex  1.331544e+02 -7.749203e+01  0.000000e+00
     vertex  1.330250e+02 -7.747500e+01  0.000000e+00
   endloop
 endfacet
 facet normal  0.000000e+00 -0.000000e+00 -1.000000e+00
   outer loop
     vertex  1.407642e+02 -7.799676e+01  0.000000e+00
     vertex  1.422500e+02 -8.157500e+01  0.000000e+00
     vertex  1.406593e+02 -7.825000e+01  0.000000e+00
   endloop
 endfacet
 facet normal  0.000000e+00  0.000000e+00 -1.000000e+00
   outer loop
     vertex  1.422500e+02 -7.522500e+01  0.000000e+00
     vertex  1.397500e+02 -7.667500e+01  0.000000e+00
     vertex  1.394782e+02 -7.671078e+01  0.000000e+00
   endloop
 endfacet
 facet normal  0.000000e+00  0.000000e+00 -1.000000e+00
   outer loop
     vertex  1.422500e+02 -7.522500e+01  0.000000e+00
     vertex  1.400218e+02 -7.671078e+01  0.000000e+00
     vertex  1.397500e+02 -7.667500e+01  0.000000e+00
   endloop
 endfacet
 facet normal  0.000000e+00  0.000000e+00 -1.000000e+00
   outer loop
     vertex  1.422500e+02 -7.522500e+01  0.000000e+00
     vertex  1.402750e+02 -7.681567e+01  0.000000e+00
     vertex  1.400218e+02 -7.671078e+01  0.000000e+00
   endloop
 endfacet
 facet normal  0.000000e+00  0.000000e+00 -1.000000e+00
   outer loop
     vertex  1.422500e+02 -7.522500e+01  0.000000e+00
     vertex  1.404925e+02 -7.698254e+01  0.000000e+00
     vertex  1.402750e+02 -7.681567e+01  0.000000e+00
   endloop
 endfacet
 facet normal  0.000000e+00  0.000000e+00 -1.000000e+00
   outer loop
     vertex  1.422500e+02 -7.522500e+01  0.000000e+00
     vertex  1.406593e+02 -7.720000e+01  0.000000e+00
     vertex  1.404925e+02 -7.698254e+01  0.000000e+00
   endloop
 endfacet
 facet normal  0.000000e+00  0.000000e+00 -1.000000e+00
   outer loop
     vertex  1.422500e+02 -7.522500e+01  0.000000e+00
     vertex  1.407642e+02 -7.745324e+01  0.000000e+00
     vertex  1.406593e+02 -7.720000e+01  0.000000e+00
   endloop
 endfacet
 facet normal  0.000000e+00  0.000000e+00 -1.000000e+00
   outer loop
     vertex  1.422500e+02 -7.522500e+01  0.000000e+00
     vertex  1.408000e+02 -7.772500e+01  0.000000e+00
     vertex  1.407642e+02 -7.745324e+01  0.000000e+00
   endloop
 endfacet
 facet normal  0.000000e+00  0.000000e+00 -1.000000e+00
   outer loop
     vertex  1.422500e+02 -7.522500e+01  0.000000e+00
     vertex  1.407642e+02 -7.799676e+01  0.000000e+00
     vertex  1.408000e+02 -7.772500e+01  0.000000e+00
   endloop
 endfacet
 facet normal  0.000000e+00  0.000000e+00 -1.000000e+00
   outer loop
     vertex  1.422500e+02 -7.522500e+01  0.000000e+00
     vertex  1.394782e+02 -7.671078e+01  0.000000e+00
     vertex  1.330250e+02 -7.747500e+01  0.000000e+00
   endloop
 endfacet
 facet normal  0.000000e+00 -0.000000e+00 -1.000000e+00
   outer loop
     vertex  1.422500e+02 -7.522500e+01  0.000000e+00
     vertex  1.422500e+02 -8.157500e+01  0.000000e+00
     vertex  1.407642e+02 -7.799676e+01  0.000000e+00
   endloop
 endfacet
 facet normal -0.000000e+00  0.000000e+00 -1.000000e+00
   outer loop
     vertex  1.422500e+02 -7.522500e+01  0.000000e+00
     vertex  1.330250e+02 -7.747500e+01  0.000000e+00
     vertex  1.172750e+02 -7.522500e+01  0.000000e+00
   endloop
 endfacet
 facet normal -0.000000e+00  0.000000e+00 -1.000000e+00
   outer loop
     vertex  1.330250e+02 -7.747500e+01  0.000000e+00
     vertex  1.328956e+02 -7.749203e+01  0.000000e+00
     vertex  1.172750e+02 -7.522500e+01  0.000000e+00
   endloop
 endfacet
 facet normal -0.000000e+00  0.000000e+00 -1.000000e+00
   outer loop
     vertex  1.328956e+02 -7.749203e+01  0.000000e+00
     vertex  1.246544e+02 -7.749204e+01  0.000000e+00
     vertex  1.172750e+02 -7.522500e+01  0.000000e+00
   endloop
 endfacet
 facet normal  0.000000e+00  0.000000e+00 -1.000000e+00
   outer loop
     vertex  1.246544e+02 -7.749204e+01  0.000000e+00
     vertex  1.245250e+02 -7.747500e+01  0.000000e+00
     vertex  1.172750e+02 -7.522500e+01  0.000000e+00
   endloop
 endfacet
 facet normal  0.000000e+00  0.000000e+00  1.000000e+00
   outer loop
     vertex  1.172250e+02 -1.006343e+02  1.510000e+00
     vertex  1.170075e+02 -1.004675e+02  1.510000e+00
     vertex  1.152500e+02 -1.022250e+02  1.510000e+00
   endloop
 endfacet
 facet normal  0.000000e+00  0.000000e+00  1.000000e+00
   outer loop
     vertex  1.168407e+02 -1.002500e+02  1.510000e+00
     vertex  1.152500e+02 -1.022250e+02  1.510000e+00
     vertex  1.170075e+02 -1.004675e+02  1.510000e+00
   endloop
 endfacet
 facet normal  0.000000e+00  0.000000e+00  1.000000e+00
   outer loop
     vertex  1.174782e+02 -1.007392e+02  1.510000e+00
     vertex  1.172250e+02 -1.006343e+02  1.510000e+00
     vertex  1.152500e+02 -1.022250e+02  1.510000e+00
   endloop
 endfacet
 facet normal  0.000000e+00  0.000000e+00  1.000000e+00
   outer loop
     vertex  1.167358e+02 -9.999676e+01  1.510000e+00
     vertex  1.152500e+02 -1.022250e+02  1.510000e+00
     vertex  1.168407e+02 -1.002500e+02  1.510000e+00
   endloop
 endfacet
 facet normal  0.000000e+00  0.000000e+00  1.000000e+00
   outer loop
     vertex  1.190000e+02 -1.022250e+02  1.510000e+00
     vertex  1.174782e+02 -1.007392e+02  1.510000e+00
     vertex  1.152500e+02 -1.022250e+02  1.510000e+00
   endloop
 endfacet
 facet normal  0.000000e+00  0.000000e+00  1.000000e+00
   outer loop
     vertex  1.177500e+02 -1.007750e+02  1.510000e+00
     vertex  1.174782e+02 -1.007392e+02  1.510000e+00
     vertex  1.190000e+02 -1.022250e+02  1.510000e+00
   endloop
 endfacet
 facet normal  0.000000e+00  0.000000e+00  1.000000e+00
   outer loop
     vertex  1.167000e+02 -9.972500e+01  1.510000e+00
     vertex  1.152500e+02 -1.022250e+02  1.510000e+00
     vertex  1.167358e+02 -9.999676e+01  1.510000e+00
   endloop
 endfacet
 facet normal  0.000000e+00  0.000000e+00  1.000000e+00
   outer loop
     vertex  1.180218e+02 -1.007392e+02  1.510000e+00
     vertex  1.177500e+02 -1.007750e+02  1.510000e+00
     vertex  1.190000e+02 -1.022250e+02  1.510000e+00
   endloop
 endfacet
 facet normal  0.000000e+00  0.000000e+00  1.000000e+00
   outer loop
     vertex  1.167358e+02 -9.945324e+01  1.510000e+00
     vertex  1.152500e+02 -1.022250e+02  1.510000e+00
     vertex  1.167000e+02 -9.972500e+01  1.510000e+00
   endloop
 endfacet
 facet normal  0.000000e+00  0.000000e+00  1.000000e+00
   outer loop
     vertex  1.182750e+02 -1.006343e+02  1.510000e+00
     vertex  1.180218e+02 -1.007392e+02  1.510000e+00
     vertex  1.190000e+02 -1.022250e+02  1.510000e+00
   endloop
 endfacet
 facet normal  0.000000e+00  0.000000e+00  1.000000e+00
   outer loop
     vertex  1.184925e+02 -1.004675e+02  1.510000e+00
     vertex  1.182750e+02 -1.006343e+02  1.510000e+00
     vertex  1.190000e+02 -1.022250e+02  1.510000e+00
   endloop
 endfacet
 facet normal  0.000000e+00  0.000000e+00  1.000000e+00
   outer loop
     vertex  1.186593e+02 -1.002500e+02  1.510000e+00
     vertex  1.184925e+02 -1.004675e+02  1.510000e+00
     vertex  1.190000e+02 -1.022250e+02  1.510000e+00
   endloop
 endfacet
 facet normal  0.000000e+00  0.000000e+00  1.000000e+00
   outer loop
     vertex  1.231200e+02 -1.045330e+02  1.510000e+00
     vertex  1.230164e+02 -1.044536e+02  1.510000e+00
     vertex  1.216000e+02 -1.058750e+02  1.510000e+00
   endloop
 endfacet
 facet normal  0.000000e+00  0.000000e+00  1.000000e+00
   outer loop
     vertex  1.229370e+02 -1.043500e+02  1.510000e+00
     vertex  1.216000e+02 -1.058750e+02  1.510000e+00
     vertex  1.230164e+02 -1.044536e+02  1.510000e+00
   endloop
 endfacet
 facet normal  0.000000e+00  0.000000e+00  1.000000e+00
   outer loop
     vertex  1.232406e+02 -1.045830e+02  1.510000e+00
     vertex  1.231200e+02 -1.045330e+02  1.510000e+00
     vertex  1.216000e+02 -1.058750e+02  1.510000e+00
   endloop
 endfacet
 facet normal  0.000000e+00  0.000000e+00  1.000000e+00
   outer loop
     vertex  1.228870e+02 -1.042294e+02  1.510000e+00
     vertex  1.216000e+02 -1.058750e+02  1.510000e+00
     vertex  1.229370e+02 -1.043500e+02  1.510000e+00
   endloop
 endfacet
 facet normal  0.000000e+00  0.000000e+00  1.000000e+00
   outer loop
     vertex  1.187642e+02 -9.999676e+01  1.510000e+00
     vertex  1.186593e+02 -1.002500e+02  1.510000e+00
     vertex  1.190000e+02 -1.022250e+02  1.510000e+00
   endloop
 endfacet
 facet normal  0.000000e+00  0.000000e+00  1.000000e+00
   outer loop
     vertex  1.233700e+02 -1.046000e+02  1.510000e+00
     vertex  1.232406e+02 -1.045830e+02  1.510000e+00
     vertex  1.216000e+02 -1.058750e+02  1.510000e+00
   endloop
 endfacet
 facet normal  0.000000e+00  0.000000e+00  1.000000e+00
   outer loop
     vertex  1.228700e+02 -1.041000e+02  1.510000e+00
     vertex  1.190000e+02 -1.022250e+02  1.510000e+00
     vertex  1.216000e+02 -1.058750e+02  1.510000e+00
   endloop
 endfacet
 facet normal  0.000000e+00  0.000000e+00  1.000000e+00
   outer loop
     vertex  1.228700e+02 -1.041000e+02  1.510000e+00
     vertex  1.216000e+02 -1.058750e+02  1.510000e+00
     vertex  1.228870e+02 -1.042294e+02  1.510000e+00
   endloop
 endfacet
 facet normal  0.000000e+00  0.000000e+00  1.000000e+00
   outer loop
     vertex  1.234994e+02 -1.045830e+02  1.510000e+00
     vertex  1.233700e+02 -1.046000e+02  1.510000e+00
     vertex  1.216000e+02 -1.058750e+02  1.510000e+00
   endloop
 endfacet
 facet normal  0.000000e+00  0.000000e+00  1.000000e+00
   outer loop
     vertex  1.228870e+02 -1.039706e+02  1.510000e+00
     vertex  1.190000e+02 -1.022250e+02  1.510000e+00
     vertex  1.228700e+02 -1.041000e+02  1.510000e+00
   endloop
 endfacet
 facet normal  0.000000e+00  0.000000e+00  1.000000e+00
   outer loop
     vertex  1.229370e+02 -1.038500e+02  1.510000e+00
     vertex  1.190000e+02 -1.022250e+02  1.510000e+00
     vertex  1.228870e+02 -1.039706e+02  1.510000e+00
   endloop
 endfacet
 facet normal  0.000000e+00  0.000000e+00  1.000000e+00
   outer loop
     vertex  1.230164e+02 -1.037464e+02  1.510000e+00
     vertex  1.190000e+02 -1.022250e+02  1.510000e+00
     vertex  1.229370e+02 -1.038500e+02  1.510000e+00
   endloop
 endfacet
 facet normal  0.000000e+00  0.000000e+00  1.000000e+00
   outer loop
     vertex  1.231200e+02 -1.036670e+02  1.510000e+00
     vertex  1.190000e+02 -1.022250e+02  1.510000e+00
     vertex  1.230164e+02 -1.037464e+02  1.510000e+00
   endloop
 endfacet
 facet normal  0.000000e+00  0.000000e+00  1.000000e+00
   outer loop
     vertex  1.256600e+02 -1.045330e+02  1.510000e+00
     vertex  1.255564e+02 -1.044536e+02  1.510000e+00
     vertex  1.237236e+02 -1.044536e+02  1.510000e+00
   endloop
 endfacet
 facet normal  0.000000e+00  0.000000e+00  1.000000e+00
   outer loop
     vertex  1.256600e+02 -1.045330e+02  1.510000e+00
     vertex  1.237236e+02 -1.044536e+02  1.510000e+00
     vertex  1.236200e+02 -1.045330e+02  1.510000e+00
   endloop
 endfacet
 facet normal  0.000000e+00  0.000000e+00  1.000000e+00
   outer loop
     vertex  1.256600e+02 -1.045330e+02  1.510000e+00
     vertex  1.236200e+02 -1.045330e+02  1.510000e+00
     vertex  1.234994e+02 -1.045830e+02  1.510000e+00
   endloop
 endfacet
 facet normal  0.000000e+00  0.000000e+00  1.000000e+00
   outer loop
     vertex  1.254770e+02 -1.043500e+02  1.510000e+00
     vertex  1.237236e+02 -1.044536e+02  1.510000e+00
     vertex  1.255564e+02 -1.044536e+02  1.510000e+00
   endloop
 endfacet
 facet normal  0.000000e+00  0.000000e+00  1.000000e+00
   outer loop
     vertex  1.254770e+02 -1.043500e+02  1.510000e+00
     vertex  1.238030e+02 -1.043500e+02  1.510000e+00
     vertex  1.237236e+02 -1.044536e+02  1.510000e+00
   endloop
 endfacet
 facet normal  0.000000e+00  0.000000e+00  1.000000e+00
   outer loop
     vertex  1.257806e+02 -1.045830e+02  1.510000e+00
     vertex  1.256600e+02 -1.045330e+02  1.510000e+00
     vertex  1.234994e+02 -1.045830e+02  1.510000e+00
   endloop
 endfacet
 facet normal  0.000000e+00  0.000000e+00  1.000000e+00
   outer loop
     vertex  1.257806e+02 -1.045830e+02  1.510000e+00
     vertex  1.234994e+02 -1.045830e+02  1.510000e+00
     vertex  1.216000e+02 -1.058750e+02  1.510000e+00
   endloop
 endfacet
 facet normal  0.000000e+00  0.000000e+00  1.000000e+00
   outer loop
     vertex  1.254270e+02 -1.042294e+02  1.510000e+00
     vertex  1.238030e+02 -1.043500e+02  1.510000e+00
     vertex  1.254770e+02 -1.043500e+02  1.510000e+00
   endloop
 endfacet
 facet normal  0.000000e+00  0.000000e+00  1.000000e+00
   outer loop
     vertex  1.254270e+02 -1.042294e+02  1.510000e+00
     vertex  1.238530e+02 -1.042294e+02  1.510000e+00
     vertex  1.238030e+02 -1.043500e+02  1.510000e+00
   endloop
 endfacet
 facet normal  0.000000e+00  0.000000e+00  1.000000e+00
   outer loop
     vertex  1.259100e+02 -1.046000e+02  1.510000e+00
     vertex  1.257806e+02 -1.045830e+02  1.510000e+00
     vertex  1.216000e+02 -1.058750e+02  1.510000e+00
   endloop
 endfacet
 facet normal  0.000000e+00  0.000000e+00  1.000000e+00
   outer loop
     vertex  1.254100e+02 -1.041000e+02  1.510000e+00
     vertex  1.238530e+02 -1.042294e+02  1.510000e+00
     vertex  1.254270e+02 -1.042294e+02  1.510000e+00
   endloop
 endfacet
 facet normal  0.000000e+00  0.000000e+00  1.000000e+00
   outer loop
     vertex  1.254100e+02 -1.041000e+02  1.510000e+00
     vertex  1.238700e+02 -1.041000e+02  1.510000e+00
     vertex  1.238530e+02 -1.042294e+02  1.510000e+00
   endloop
 endfacet
 facet normal  0.000000e+00  0.000000e+00  1.000000e+00
   outer loop
     vertex  1.254270e+02 -1.039706e+02  1.510000e+00
     vertex  1.238700e+02 -1.041000e+02  1.510000e+00
     vertex  1.254100e+02 -1.041000e+02  1.510000e+00
   endloop
 endfacet
 facet normal  0.000000e+00  0.000000e+00  1.000000e+00
   outer loop
     vertex  1.254270e+02 -1.039706e+02  1.510000e+00
     vertex  1.238530e+02 -1.039706e+02  1.510000e+00
     vertex  1.238700e+02 -1.041000e+02  1.510000e+00
   endloop
 endfacet
 facet normal  0.000000e+00  0.000000e+00  1.000000e+00
   outer loop
     vertex  1.254770e+02 -1.038500e+02  1.510000e+00
     vertex  1.237236e+02 -1.037464e+02  1.510000e+00
     vertex  1.238030e+02 -1.038500e+02  1.510000e+00
   endloop
 endfacet
 facet normal  0.000000e+00  0.000000e+00  1.000000e+00
   outer loop
     vertex  1.254770e+02 -1.038500e+02  1.510000e+00
     vertex  1.238030e+02 -1.038500e+02  1.510000e+00
     vertex  1.238530e+02 -1.039706e+02  1.510000e+00
   endloop
 endfacet
 facet normal  0.000000e+00  0.000000e+00  1.000000e+00
   outer loop
     vertex  1.254770e+02 -1.038500e+02  1.510000e+00
     vertex  1.238530e+02 -1.039706e+02  1.510000e+00
     vertex  1.254270e+02 -1.039706e+02  1.510000e+00
   endloop
 endfacet
 facet normal  0.000000e+00  0.000000e+00  1.000000e+00
   outer loop
     vertex  1.255564e+02 -1.037464e+02  1.510000e+00
     vertex  1.237236e+02 -1.037464e+02  1.510000e+00
     vertex  1.254770e+02 -1.038500e+02  1.510000e+00
   endloop
 endfacet
 facet normal  0.000000e+00  0.000000e+00  1.000000e+00
   outer loop
     vertex  1.256600e+02 -1.036670e+02  1.510000e+00
     vertex  1.237236e+02 -1.037464e+02  1.510000e+00
     vertex  1.255564e+02 -1.037464e+02  1.510000e+00
   endloop
 endfacet
 facet normal  0.000000e+00  0.000000e+00  1.000000e+00
   outer loop
     vertex  1.256600e+02 -1.036670e+02  1.510000e+00
     vertex  1.236200e+02 -1.036670e+02  1.510000e+00
     vertex  1.237236e+02 -1.037464e+02  1.510000e+00
   endloop
 endfacet
 facet normal  0.000000e+00  0.000000e+00  1.000000e+00
   outer loop
     vertex  1.280964e+02 -1.044536e+02  1.510000e+00
     vertex  1.262636e+02 -1.044536e+02  1.510000e+00
     vertex  1.261600e+02 -1.045330e+02  1.510000e+00
   endloop
 endfacet
 facet normal  0.000000e+00  0.000000e+00  1.000000e+00
   outer loop
     vertex  1.282000e+02 -1.045330e+02  1.510000e+00
     vertex  1.280964e+02 -1.044536e+02  1.510000e+00
     vertex  1.261600e+02 -1.045330e+02  1.510000e+00
   endloop
 endfacet
 facet normal  0.000000e+00  0.000000e+00  1.000000e+00
   outer loop
     vertex  1.280170e+02 -1.043500e+02  1.510000e+00
     vertex  1.263430e+02 -1.043500e+02  1.510000e+00
     vertex  1.262636e+02 -1.044536e+02  1.510000e+00
   endloop
 endfacet
 facet normal  0.000000e+00  0.000000e+00  1.000000e+00
   outer loop
     vertex  1.280170e+02 -1.043500e+02  1.510000e+00
     vertex  1.262636e+02 -1.044536e+02  1.510000e+00
     vertex  1.280964e+02 -1.044536e+02  1.510000e+00
   endloop
 endfacet
 facet normal  0.000000e+00  0.000000e+00  1.000000e+00
   outer loop
     vertex  1.283206e+02 -1.045830e+02  1.510000e+00
     vertex  1.261600e+02 -1.045330e+02  1.510000e+00
     vertex  1.260394e+02 -1.045830e+02  1.510000e+00
   endloop
 endfacet
 facet normal  0.000000e+00  0.000000e+00  1.000000e+00
   outer loop
     vertex  1.283206e+02 -1.045830e+02  1.510000e+00
     vertex  1.260394e+02 -1.045830e+02  1.510000e+00
     vertex  1.259100e+02 -1.046000e+02  1.510000e+00
   endloop
 endfacet
 facet normal  0.000000e+00  0.000000e+00  1.000000e+00
   outer loop
     vertex  1.283206e+02 -1.045830e+02  1.510000e+00
     vertex  1.282000e+02 -1.045330e+02  1.510000e+00
     vertex  1.261600e+02 -1.045330e+02  1.510000e+00
   endloop
 endfacet
 facet normal  0.000000e+00  0.000000e+00  1.000000e+00
   outer loop
     vertex  1.279670e+02 -1.042294e+02  1.510000e+00
     vertex  1.263430e+02 -1.043500e+02  1.510000e+00
     vertex  1.280170e+02 -1.043500e+02  1.510000e+00
   endloop
 endfacet
 facet normal  0.000000e+00  0.000000e+00  1.000000e+00
   outer loop
     vertex  1.279670e+02 -1.042294e+02  1.510000e+00
     vertex  1.263930e+02 -1.042294e+02  1.510000e+00
     vertex  1.263430e+02 -1.043500e+02  1.510000e+00
   endloop
 endfacet
 facet normal  0.000000e+00  0.000000e+00  1.000000e+00
   outer loop
     vertex  1.284500e+02 -1.046000e+02  1.510000e+00
     vertex  1.259100e+02 -1.046000e+02  1.510000e+00
     vertex  1.216000e+02 -1.058750e+02  1.510000e+00
   endloop
 endfacet
 facet normal  0.000000e+00  0.000000e+00  1.000000e+00
   outer loop
     vertex  1.284500e+02 -1.046000e+02  1.510000e+00
     vertex  1.283206e+02 -1.045830e+02  1.510000e+00
     vertex  1.259100e+02 -1.046000e+02  1.510000e+00
   endloop
 endfacet
 facet normal  0.000000e+00  0.000000e+00  1.000000e+00
   outer loop
     vertex  1.279500e+02 -1.041000e+02  1.510000e+00
     vertex  1.263930e+02 -1.042294e+02  1.510000e+00
     vertex  1.279670e+02 -1.042294e+02  1.510000e+00
   endloop
 endfacet
 facet normal  0.000000e+00  0.000000e+00  1.000000e+00
   outer loop
     vertex  1.279500e+02 -1.041000e+02  1.510000e+00
     vertex  1.263930e+02 -1.039706e+02  1.510000e+00
     vertex  1.264100e+02 -1.041000e+02  1.510000e+00
   endloop
 endfacet
 facet normal  0.000000e+00  0.000000e+00  1.000000e+00
   outer loop
     vertex  1.279500e+02 -1.041000e+02  1.510000e+00
     vertex  1.264100e+02 -1.041000e+02  1.510000e+00
     vertex  1.263930e+02 -1.042294e+02  1.510000e+00
   endloop
 endfacet
 facet normal  0.000000e+00  0.000000e+00  1.000000e+00
   outer loop
     vertex  1.279670e+02 -1.039706e+02  1.510000e+00
     vertex  1.263930e+02 -1.039706e+02  1.510000e+00
     vertex  1.279500e+02 -1.041000e+02  1.510000e+00
   endloop
 endfacet
 facet normal  0.000000e+00  0.000000e+00  1.000000e+00
   outer loop
     vertex  1.280170e+02 -1.038500e+02  1.510000e+00
     vertex  1.263430e+02 -1.038500e+02  1.510000e+00
     vertex  1.263930e+02 -1.039706e+02  1.510000e+00
   endloop
 endfacet
 facet normal  0.000000e+00  0.000000e+00  1.000000e+00
   outer loop
     vertex  1.280170e+02 -1.038500e+02  1.510000e+00
     vertex  1.263930e+02 -1.039706e+02  1.510000e+00
     vertex  1.279670e+02 -1.039706e+02  1.510000e+00
   endloop
 endfacet
 facet normal  0.000000e+00  0.000000e+00  1.000000e+00
   outer loop
     vertex  1.241464e+02 -9.982855e+01  1.510000e+00
     vertex  1.231200e+02 -1.036670e+02  1.510000e+00
     vertex  1.232406e+02 -1.036170e+02  1.510000e+00
   endloop
 endfacet
 facet normal  0.000000e+00  0.000000e+00  1.000000e+00
   outer loop
     vertex  1.176464e+02 -9.332855e+01  1.510000e+00
     vertex  1.170075e+02 -9.898254e+01  1.510000e+00
     vertex  1.172250e+02 -9.881567e+01  1.510000e+00
   endloop
 endfacet
 facet normal  0.000000e+00  0.000000e+00  1.000000e+00
   outer loop
     vertex  1.240670e+02 -9.972500e+01  1.510000e+00
     vertex  1.190000e+02 -1.022250e+02  1.510000e+00
     vertex  1.231200e+02 -1.036670e+02  1.510000e+00
   endloop
 endfacet
 facet normal  0.000000e+00  0.000000e+00  1.000000e+00
   outer loop
     vertex  1.240670e+02 -9.972500e+01  1.510000e+00
     vertex  1.187642e+02 -9.999676e+01  1.510000e+00
     vertex  1.190000e+02 -1.022250e+02  1.510000e+00
   endloop
 endfacet
 facet normal  0.000000e+00  0.000000e+00  1.000000e+00
   outer loop
     vertex  1.240670e+02 -9.972500e+01  1.510000e+00
     vertex  1.231200e+02 -1.036670e+02  1.510000e+00
     vertex  1.241464e+02 -9.982855e+01  1.510000e+00
   endloop
 endfacet
 facet normal  0.000000e+00  0.000000e+00  1.000000e+00
   outer loop
     vertex  1.242500e+02 -9.990801e+01  1.510000e+00
     vertex  1.241464e+02 -9.982855e+01  1.510000e+00
     vertex  1.232406e+02 -1.036170e+02  1.510000e+00
   endloop
 endfacet
 facet normal  0.000000e+00  0.000000e+00  1.000000e+00
   outer loop
     vertex  1.242500e+02 -9.990801e+01  1.510000e+00
     vertex  1.232406e+02 -1.036170e+02  1.510000e+00
     vertex  1.233700e+02 -1.036000e+02  1.510000e+00
   endloop
 endfacet
 facet normal  0.000000e+00  0.000000e+00  1.000000e+00
   outer loop
     vertex  1.175670e+02 -9.322500e+01  1.510000e+00
     vertex  1.168407e+02 -9.920000e+01  1.510000e+00
     vertex  1.170075e+02 -9.898254e+01  1.510000e+00
   endloop
 endfacet
 facet normal  0.000000e+00  0.000000e+00  1.000000e+00
   outer loop
     vertex  1.175670e+02 -9.322500e+01  1.510000e+00
     vertex  1.170075e+02 -9.898254e+01  1.510000e+00
     vertex  1.176464e+02 -9.332855e+01  1.510000e+00
   endloop
 endfacet
 facet normal  0.000000e+00  0.000000e+00  1.000000e+00
   outer loop
     vertex  1.177500e+02 -9.340801e+01  1.510000e+00
     vertex  1.172250e+02 -9.881567e+01  1.510000e+00
     vertex  1.174782e+02 -9.871078e+01  1.510000e+00
   endloop
 endfacet
 facet normal  0.000000e+00  0.000000e+00  1.000000e+00
   outer loop
     vertex  1.177500e+02 -9.340801e+01  1.510000e+00
     vertex  1.176464e+02 -9.332855e+01  1.510000e+00
     vertex  1.172250e+02 -9.881567e+01  1.510000e+00
   endloop
 endfacet
 facet normal  0.000000e+00  0.000000e+00  1.000000e+00
   outer loop
     vertex  1.280964e+02 -1.037464e+02  1.510000e+00
     vertex  1.261600e+02 -1.036670e+02  1.510000e+00
     vertex  1.262636e+02 -1.037464e+02  1.510000e+00
   endloop
 endfacet
 facet normal  0.000000e+00  0.000000e+00  1.000000e+00
   outer loop
     vertex  1.280964e+02 -1.037464e+02  1.510000e+00
     vertex  1.262636e+02 -1.037464e+02  1.510000e+00
     vertex  1.263430e+02 -1.038500e+02  1.510000e+00
   endloop
 endfacet
 facet normal  0.000000e+00  0.000000e+00  1.000000e+00
   outer loop
     vertex  1.280964e+02 -1.037464e+02  1.510000e+00
     vertex  1.263430e+02 -1.038500e+02  1.510000e+00
     vertex  1.280170e+02 -1.038500e+02  1.510000e+00
   endloop
 endfacet
 facet normal  0.000000e+00  0.000000e+00  1.000000e+00
   outer loop
     vertex  1.243706e+02 -9.995796e+01  1.510000e+00
     vertex  1.242500e+02 -9.990801e+01  1.510000e+00
     vertex  1.233700e+02 -1.036000e+02  1.510000e+00
   endloop
 endfacet
 facet normal  0.000000e+00  0.000000e+00  1.000000e+00
   outer loop
     vertex  1.243706e+02 -9.995796e+01  1.510000e+00
     vertex  1.233700e+02 -1.036000e+02  1.510000e+00
     vertex  1.234994e+02 -1.036170e+02  1.510000e+00
   endloop
 endfacet
 facet normal  0.000000e+00  0.000000e+00  1.000000e+00
   outer loop
     vertex  1.240170e+02 -9.960441e+01  1.510000e+00
     vertex  1.187642e+02 -9.999676e+01  1.510000e+00
     vertex  1.240670e+02 -9.972500e+01  1.510000e+00
   endloop
 endfacet
 facet normal  0.000000e+00  0.000000e+00  1.000000e+00
   outer loop
     vertex  1.240170e+02 -9.960441e+01  1.510000e+00
     vertex  1.188000e+02 -9.972500e+01  1.510000e+00
     vertex  1.187642e+02 -9.999676e+01  1.510000e+00
   endloop
 endfacet
 facet normal  0.000000e+00  0.000000e+00  1.000000e+00
   outer loop
     vertex  1.175170e+02 -9.310441e+01  1.510000e+00
     vertex  1.168407e+02 -9.920000e+01  1.510000e+00
     vertex  1.175670e+02 -9.322500e+01  1.510000e+00
   endloop
 endfacet
 facet normal  0.000000e+00  0.000000e+00  1.000000e+00
   outer loop
     vertex  1.175170e+02 -9.310441e+01  1.510000e+00
     vertex  1.167358e+02 -9.945324e+01  1.510000e+00
     vertex  1.168407e+02 -9.920000e+01  1.510000e+00
   endloop
 endfacet
 facet normal  0.000000e+00  0.000000e+00  1.000000e+00
   outer loop
     vertex  1.175170e+02 -9.310441e+01  1.510000e+00
     vertex  1.152500e+02 -1.022250e+02  1.510000e+00
     vertex  1.167358e+02 -9.945324e+01  1.510000e+00
   endloop
 endfacet
 facet normal  0.000000e+00  0.000000e+00  1.000000e+00
   outer loop
     vertex  1.178706e+02 -9.345796e+01  1.510000e+00
     vertex  1.174782e+02 -9.871078e+01  1.510000e+00
     vertex  1.177500e+02 -9.867500e+01  1.510000e+00
   endloop
 endfacet
 facet normal  0.000000e+00  0.000000e+00  1.000000e+00
   outer loop
     vertex  1.178706e+02 -9.345796e+01  1.510000e+00
     vertex  1.177500e+02 -9.340801e+01  1.510000e+00
     vertex  1.174782e+02 -9.871078e+01  1.510000e+00
   endloop
 endfacet
 facet normal  0.000000e+00  0.000000e+00  1.000000e+00
   outer loop
     vertex  1.245000e+02 -9.997500e+01  1.510000e+00
     vertex  1.243706e+02 -9.995796e+01  1.510000e+00
     vertex  1.234994e+02 -1.036170e+02  1.510000e+00
   endloop
 endfacet
 facet normal  0.000000e+00  0.000000e+00  1.000000e+00
   outer loop
     vertex  1.245000e+02 -9.997500e+01  1.510000e+00
     vertex  1.236200e+02 -1.036670e+02  1.510000e+00
     vertex  1.256600e+02 -1.036670e+02  1.510000e+00
   endloop
 endfacet
 facet normal  0.000000e+00  0.000000e+00  1.000000e+00
   outer loop
     vertex  1.245000e+02 -9.997500e+01  1.510000e+00
     vertex  1.234994e+02 -1.036170e+02  1.510000e+00
     vertex  1.236200e+02 -1.036670e+02  1.510000e+00
   endloop
 endfacet
 facet normal  0.000000e+00  0.000000e+00  1.000000e+00
   outer loop
     vertex  1.240000e+02 -9.947500e+01  1.510000e+00
     vertex  1.188000e+02 -9.972500e+01  1.510000e+00
     vertex  1.240170e+02 -9.960441e+01  1.510000e+00
   endloop
 endfacet
 facet normal  0.000000e+00  0.000000e+00  1.000000e+00
   outer loop
     vertex  1.240000e+02 -9.947500e+01  1.510000e+00
     vertex  1.187642e+02 -9.945324e+01  1.510000e+00
     vertex  1.188000e+02 -9.972500e+01  1.510000e+00
   endloop
 endfacet
 facet normal  0.000000e+00  0.000000e+00  1.000000e+00
   outer loop
     vertex  1.180000e+02 -9.347500e+01  1.510000e+00
     vertex  1.177500e+02 -9.867500e+01  1.510000e+00
     vertex  1.180218e+02 -9.871078e+01  1.510000e+00
   endloop
 endfacet
 facet normal  0.000000e+00  0.000000e+00  1.000000e+00
   outer loop
     vertex  1.180000e+02 -9.347500e+01  1.510000e+00
     vertex  1.178706e+02 -9.345796e+01  1.510000e+00
     vertex  1.177500e+02 -9.867500e+01  1.510000e+00
   endloop
 endfacet
 facet normal  0.000000e+00  0.000000e+00  1.000000e+00
   outer loop
     vertex  1.175000e+02 -9.297500e+01  1.510000e+00
     vertex  1.152500e+02 -1.022250e+02  1.510000e+00
     vertex  1.175170e+02 -9.310441e+01  1.510000e+00
   endloop
 endfacet
 facet normal  0.000000e+00  0.000000e+00  1.000000e+00
   outer loop
     vertex  1.282000e+02 -1.036670e+02  1.510000e+00
     vertex  1.261600e+02 -1.036670e+02  1.510000e+00
     vertex  1.280964e+02 -1.037464e+02  1.510000e+00
   endloop
 endfacet
 facet normal  0.000000e+00  0.000000e+00  1.000000e+00
   outer loop
     vertex  1.246294e+02 -9.995796e+01  1.510000e+00
     vertex  1.245000e+02 -9.997500e+01  1.510000e+00
     vertex  1.256600e+02 -1.036670e+02  1.510000e+00
   endloop
 endfacet
 facet normal  0.000000e+00  0.000000e+00  1.000000e+00
   outer loop
     vertex  1.246294e+02 -9.995796e+01  1.510000e+00
     vertex  1.256600e+02 -1.036670e+02  1.510000e+00
     vertex  1.257806e+02 -1.036170e+02  1.510000e+00
   endloop
 endfacet
 facet normal  0.000000e+00  0.000000e+00  1.000000e+00
   outer loop
     vertex  1.240170e+02 -9.934559e+01  1.510000e+00
     vertex  1.187642e+02 -9.945324e+01  1.510000e+00
     vertex  1.240000e+02 -9.947500e+01  1.510000e+00
   endloop
 endfacet
 facet normal  0.000000e+00  0.000000e+00  1.000000e+00
   outer loop
     vertex  1.240170e+02 -9.934559e+01  1.510000e+00
     vertex  1.186593e+02 -9.920000e+01  1.510000e+00
     vertex  1.187642e+02 -9.945324e+01  1.510000e+00
   endloop
 endfacet
 facet normal  0.000000e+00  0.000000e+00  1.000000e+00
   outer loop
     vertex  1.181294e+02 -9.345796e+01  1.510000e+00
     vertex  1.180000e+02 -9.347500e+01  1.510000e+00
     vertex  1.180218e+02 -9.871078e+01  1.510000e+00
   endloop
 endfacet
 facet normal  0.000000e+00  0.000000e+00  1.000000e+00
   outer loop
     vertex  1.181294e+02 -9.345796e+01  1.510000e+00
     vertex  1.180218e+02 -9.871078e+01  1.510000e+00
     vertex  1.182750e+02 -9.881567e+01  1.510000e+00
   endloop
 endfacet
 facet normal  0.000000e+00  0.000000e+00  1.000000e+00
   outer loop
     vertex  1.247500e+02 -9.990801e+01  1.510000e+00
     vertex  1.246294e+02 -9.995796e+01  1.510000e+00
     vertex  1.257806e+02 -1.036170e+02  1.510000e+00
   endloop
 endfacet
 facet normal  0.000000e+00  0.000000e+00  1.000000e+00
   outer loop
     vertex  1.247500e+02 -9.990801e+01  1.510000e+00
     vertex  1.257806e+02 -1.036170e+02  1.510000e+00
     vertex  1.259100e+02 -1.036000e+02  1.510000e+00
   endloop
 endfacet
 facet normal  0.000000e+00  0.000000e+00  1.000000e+00
   outer loop
     vertex  1.240670e+02 -9.922500e+01  1.510000e+00
     vertex  1.186593e+02 -9.920000e+01  1.510000e+00
     vertex  1.240170e+02 -9.934559e+01  1.510000e+00
   endloop
 endfacet
 facet normal  0.000000e+00  0.000000e+00  1.000000e+00
   outer loop
     vertex  1.182500e+02 -9.340801e+01  1.510000e+00
     vertex  1.181294e+02 -9.345796e+01  1.510000e+00
     vertex  1.182750e+02 -9.881567e+01  1.510000e+00
   endloop
 endfacet
 facet normal  0.000000e+00  0.000000e+00  1.000000e+00
   outer loop
     vertex  1.248536e+02 -9.982855e+01  1.510000e+00
     vertex  1.247500e+02 -9.990801e+01  1.510000e+00
     vertex  1.259100e+02 -1.036000e+02  1.510000e+00
   endloop
 endfacet
 facet normal  0.000000e+00  0.000000e+00  1.000000e+00
   outer loop
     vertex  1.248536e+02 -9.982855e+01  1.510000e+00
     vertex  1.259100e+02 -1.036000e+02  1.510000e+00
     vertex  1.260394e+02 -1.036170e+02  1.510000e+00
   endloop
 endfacet
 facet normal  0.000000e+00  0.000000e+00  1.000000e+00
   outer loop
     vertex  1.249330e+02 -9.972500e+01  1.510000e+00
     vertex  1.261600e+02 -1.036670e+02  1.510000e+00
     vertex  1.282000e+02 -1.036670e+02  1.510000e+00
   endloop
 endfacet
 facet normal  0.000000e+00  0.000000e+00  1.000000e+00
   outer loop
     vertex  1.249330e+02 -9.972500e+01  1.510000e+00
     vertex  1.248536e+02 -9.982855e+01  1.510000e+00
     vertex  1.260394e+02 -1.036170e+02  1.510000e+00
   endloop
 endfacet
 facet normal  0.000000e+00  0.000000e+00  1.000000e+00
   outer loop
     vertex  1.249330e+02 -9.972500e+01  1.510000e+00
     vertex  1.260394e+02 -1.036170e+02  1.510000e+00
     vertex  1.261600e+02 -1.036670e+02  1.510000e+00
   endloop
 endfacet
 facet normal  0.000000e+00  0.000000e+00  1.000000e+00
   outer loop
     vertex  1.249330e+02 -9.972500e+01  1.510000e+00
     vertex  1.282000e+02 -1.036670e+02  1.510000e+00
     vertex  1.283206e+02 -1.036170e+02  1.510000e+00
   endloop
 endfacet
 facet normal  0.000000e+00  0.000000e+00  1.000000e+00
   outer loop
     vertex  1.249830e+02 -9.960441e+01  1.510000e+00
     vertex  1.249330e+02 -9.972500e+01  1.510000e+00
     vertex  1.283206e+02 -1.036170e+02  1.510000e+00
   endloop
 endfacet
 facet normal  0.000000e+00  0.000000e+00  1.000000e+00
   outer loop
     vertex  1.249830e+02 -9.960441e+01  1.510000e+00
     vertex  1.283206e+02 -1.036170e+02  1.510000e+00
     vertex  1.284500e+02 -1.036000e+02  1.510000e+00
   endloop
 endfacet
 facet normal  0.000000e+00  0.000000e+00  1.000000e+00
   outer loop
     vertex  1.250000e+02 -9.947500e+01  1.510000e+00
     vertex  1.249830e+02 -9.960441e+01  1.510000e+00
     vertex  1.284500e+02 -1.036000e+02  1.510000e+00
   endloop
 endfacet
 facet normal  0.000000e+00  0.000000e+00  1.000000e+00
   outer loop
     vertex  1.307400e+02 -1.045330e+02  1.510000e+00
     vertex  1.306364e+02 -1.044536e+02  1.510000e+00
     vertex  1.288036e+02 -1.044536e+02  1.510000e+00
   endloop
 endfacet
 facet normal  0.000000e+00  0.000000e+00  1.000000e+00
   outer loop
     vertex  1.307400e+02 -1.045330e+02  1.510000e+00
     vertex  1.288036e+02 -1.044536e+02  1.510000e+00
     vertex  1.287000e+02 -1.045330e+02  1.510000e+00
   endloop
 endfacet
 facet normal  0.000000e+00  0.000000e+00  1.000000e+00
   outer loop
     vertex  1.307400e+02 -1.045330e+02  1.510000e+00
     vertex  1.287000e+02 -1.045330e+02  1.510000e+00
     vertex  1.285794e+02 -1.045830e+02  1.510000e+00
   endloop
 endfacet
 facet normal  0.000000e+00  0.000000e+00  1.000000e+00
   outer loop
     vertex  1.305570e+02 -1.043500e+02  1.510000e+00
     vertex  1.288036e+02 -1.044536e+02  1.510000e+00
     vertex  1.306364e+02 -1.044536e+02  1.510000e+00
   endloop
 endfacet
 facet normal  0.000000e+00  0.000000e+00  1.000000e+00
   outer loop
     vertex  1.305570e+02 -1.043500e+02  1.510000e+00
     vertex  1.288830e+02 -1.043500e+02  1.510000e+00
     vertex  1.288036e+02 -1.044536e+02  1.510000e+00
   endloop
 endfacet
 facet normal  0.000000e+00  0.000000e+00  1.000000e+00
   outer loop
     vertex  1.308606e+02 -1.045830e+02  1.510000e+00
     vertex  1.307400e+02 -1.045330e+02  1.510000e+00
     vertex  1.285794e+02 -1.045830e+02  1.510000e+00
   endloop
 endfacet
 facet normal  0.000000e+00  0.000000e+00  1.000000e+00
   outer loop
     vertex  1.305070e+02 -1.042294e+02  1.510000e+00
     vertex  1.289330e+02 -1.042294e+02  1.510000e+00
     vertex  1.288830e+02 -1.043500e+02  1.510000e+00
   endloop
 endfacet
 facet normal  0.000000e+00  0.000000e+00  1.000000e+00
   outer loop
     vertex  1.305070e+02 -1.042294e+02  1.510000e+00
     vertex  1.288830e+02 -1.043500e+02  1.510000e+00
     vertex  1.305570e+02 -1.043500e+02  1.510000e+00
   endloop
 endfacet
 facet normal  0.000000e+00  0.000000e+00  1.000000e+00
   outer loop
     vertex  1.309900e+02 -1.046000e+02  1.510000e+00
     vertex  1.285794e+02 -1.045830e+02  1.510000e+00
     vertex  1.284500e+02 -1.046000e+02  1.510000e+00
   endloop
 endfacet
 facet normal  0.000000e+00  0.000000e+00  1.000000e+00
   outer loop
     vertex  1.309900e+02 -1.046000e+02  1.510000e+00
     vertex  1.308606e+02 -1.045830e+02  1.510000e+00
     vertex  1.285794e+02 -1.045830e+02  1.510000e+00
   endloop
 endfacet
 facet normal  0.000000e+00  0.000000e+00  1.000000e+00
   outer loop
     vertex  1.304900e+02 -1.041000e+02  1.510000e+00
     vertex  1.289500e+02 -1.041000e+02  1.510000e+00
     vertex  1.289330e+02 -1.042294e+02  1.510000e+00
   endloop
 endfacet
 facet normal  0.000000e+00  0.000000e+00  1.000000e+00
   outer loop
     vertex  1.304900e+02 -1.041000e+02  1.510000e+00
     vertex  1.289330e+02 -1.042294e+02  1.510000e+00
     vertex  1.305070e+02 -1.042294e+02  1.510000e+00
   endloop
 endfacet
 facet normal  0.000000e+00  0.000000e+00  1.000000e+00
   outer loop
     vertex  1.305070e+02 -1.039706e+02  1.510000e+00
     vertex  1.289330e+02 -1.039706e+02  1.510000e+00
     vertex  1.289500e+02 -1.041000e+02  1.510000e+00
   endloop
 endfacet
 facet normal  0.000000e+00  0.000000e+00  1.000000e+00
   outer loop
     vertex  1.305070e+02 -1.039706e+02  1.510000e+00
     vertex  1.289500e+02 -1.041000e+02  1.510000e+00
     vertex  1.304900e+02 -1.041000e+02  1.510000e+00
   endloop
 endfacet
 facet normal  0.000000e+00  0.000000e+00  1.000000e+00
   outer loop
     vertex  1.305070e+02 -1.039706e+02  1.510000e+00
     vertex  1.288830e+02 -1.038500e+02  1.510000e+00
     vertex  1.289330e+02 -1.039706e+02  1.510000e+00
   endloop
 endfacet
 facet normal  0.000000e+00  0.000000e+00  1.000000e+00
   outer loop
     vertex  1.305570e+02 -1.038500e+02  1.510000e+00
     vertex  1.288830e+02 -1.038500e+02  1.510000e+00
     vertex  1.305070e+02 -1.039706e+02  1.510000e+00
   endloop
 endfacet
 facet normal  0.000000e+00  0.000000e+00  1.000000e+00
   outer loop
     vertex  1.306364e+02 -1.037464e+02  1.510000e+00
     vertex  1.288830e+02 -1.038500e+02  1.510000e+00
     vertex  1.305570e+02 -1.038500e+02  1.510000e+00
   endloop
 endfacet
 facet normal  0.000000e+00  0.000000e+00  1.000000e+00
   outer loop
     vertex  1.306364e+02 -1.037464e+02  1.510000e+00
     vertex  1.288036e+02 -1.037464e+02  1.510000e+00
     vertex  1.288830e+02 -1.038500e+02  1.510000e+00
   endloop
 endfacet
 facet normal  0.000000e+00  0.000000e+00  1.000000e+00
   outer loop
     vertex  1.307400e+02 -1.036670e+02  1.510000e+00
     vertex  1.288036e+02 -1.037464e+02  1.510000e+00
     vertex  1.306364e+02 -1.037464e+02  1.510000e+00
   endloop
 endfacet
 facet normal  0.000000e+00  0.000000e+00  1.000000e+00
   outer loop
     vertex  1.307400e+02 -1.036670e+02  1.510000e+00
     vertex  1.285794e+02 -1.036170e+02  1.510000e+00
     vertex  1.287000e+02 -1.036670e+02  1.510000e+00
   endloop
 endfacet
 facet normal  0.000000e+00  0.000000e+00  1.000000e+00
   outer loop
     vertex  1.307400e+02 -1.036670e+02  1.510000e+00
     vertex  1.287000e+02 -1.036670e+02  1.510000e+00
     vertex  1.288036e+02 -1.037464e+02  1.510000e+00
   endloop
 endfacet
 facet normal  0.000000e+00  0.000000e+00  1.000000e+00
   outer loop
     vertex  1.308606e+02 -1.036170e+02  1.510000e+00
     vertex  1.285794e+02 -1.036170e+02  1.510000e+00
     vertex  1.307400e+02 -1.036670e+02  1.510000e+00
   endloop
 endfacet
 facet normal  0.000000e+00  0.000000e+00  1.000000e+00
   outer loop
     vertex  1.331764e+02 -1.044536e+02  1.510000e+00
     vertex  1.313436e+02 -1.044536e+02  1.510000e+00
     vertex  1.312400e+02 -1.045330e+02  1.510000e+00
   endloop
 endfacet
 facet normal  0.000000e+00  0.000000e+00  1.000000e+00
   outer loop
     vertex  1.332800e+02 -1.045330e+02  1.510000e+00
     vertex  1.331764e+02 -1.044536e+02  1.510000e+00
     vertex  1.312400e+02 -1.045330e+02  1.510000e+00
   endloop
 endfacet
 facet normal  0.000000e+00  0.000000e+00  1.000000e+00
   outer loop
     vertex  1.330970e+02 -1.043500e+02  1.510000e+00
     vertex  1.314230e+02 -1.043500e+02  1.510000e+00
     vertex  1.313436e+02 -1.044536e+02  1.510000e+00
   endloop
 endfacet
 facet normal  0.000000e+00  0.000000e+00  1.000000e+00
   outer loop
     vertex  1.330970e+02 -1.043500e+02  1.510000e+00
     vertex  1.313436e+02 -1.044536e+02  1.510000e+00
     vertex  1.331764e+02 -1.044536e+02  1.510000e+00
   endloop
 endfacet
 facet normal  0.000000e+00  0.000000e+00  1.000000e+00
   outer loop
     vertex  1.334006e+02 -1.045830e+02  1.510000e+00
     vertex  1.312400e+02 -1.045330e+02  1.510000e+00
     vertex  1.311194e+02 -1.045830e+02  1.510000e+00
   endloop
 endfacet
 facet normal  0.000000e+00  0.000000e+00  1.000000e+00
   outer loop
     vertex  1.334006e+02 -1.045830e+02  1.510000e+00
     vertex  1.332800e+02 -1.045330e+02  1.510000e+00
     vertex  1.312400e+02 -1.045330e+02  1.510000e+00
   endloop
 endfacet
 facet normal  0.000000e+00  0.000000e+00  1.000000e+00
   outer loop
     vertex  1.330470e+02 -1.042294e+02  1.510000e+00
     vertex  1.314900e+02 -1.041000e+02  1.510000e+00
     vertex  1.314730e+02 -1.042294e+02  1.510000e+00
   endloop
 endfacet
 facet normal  0.000000e+00  0.000000e+00  1.000000e+00
   outer loop
     vertex  1.330470e+02 -1.042294e+02  1.510000e+00
     vertex  1.314730e+02 -1.042294e+02  1.510000e+00
     vertex  1.314230e+02 -1.043500e+02  1.510000e+00
   endloop
 endfacet
 facet normal  0.000000e+00  0.000000e+00  1.000000e+00
   outer loop
     vertex  1.330470e+02 -1.042294e+02  1.510000e+00
     vertex  1.314230e+02 -1.043500e+02  1.510000e+00
     vertex  1.330970e+02 -1.043500e+02  1.510000e+00
   endloop
 endfacet
 facet normal  0.000000e+00  0.000000e+00  1.000000e+00
   outer loop
     vertex  1.241464e+02 -9.532855e+01  1.510000e+00
     vertex  1.241464e+02 -9.912145e+01  1.510000e+00
     vertex  1.242500e+02 -9.904199e+01  1.510000e+00
   endloop
 endfacet
 facet normal  0.000000e+00  0.000000e+00  1.000000e+00
   outer loop
     vertex  1.221464e+02 -9.332855e+01  1.510000e+00
     vertex  1.183536e+02 -9.332855e+01  1.510000e+00
     vertex  1.182500e+02 -9.340801e+01  1.510000e+00
   endloop
 endfacet
 facet normal  0.000000e+00  0.000000e+00  1.000000e+00
   outer loop
     vertex  1.242500e+02 -9.540801e+01  1.510000e+00
     vertex  1.242500e+02 -9.904199e+01  1.510000e+00
     vertex  1.243706e+02 -9.899204e+01  1.510000e+00
   endloop
 endfacet
 facet normal  0.000000e+00  0.000000e+00  1.000000e+00
   outer loop
     vertex  1.242500e+02 -9.540801e+01  1.510000e+00
     vertex  1.241464e+02 -9.532855e+01  1.510000e+00
     vertex  1.242500e+02 -9.904199e+01  1.510000e+00
   endloop
 endfacet
 facet normal  0.000000e+00  0.000000e+00  1.000000e+00
   outer loop
     vertex  1.240670e+02 -9.522500e+01  1.510000e+00
     vertex  1.240670e+02 -9.922500e+01  1.510000e+00
     vertex  1.241464e+02 -9.912145e+01  1.510000e+00
   endloop
 endfacet
 facet normal  0.000000e+00  0.000000e+00  1.000000e+00
   outer loop
     vertex  1.240670e+02 -9.522500e+01  1.510000e+00
     vertex  1.184925e+02 -9.898254e+01  1.510000e+00
     vertex  1.186593e+02 -9.920000e+01  1.510000e+00
   endloop
 endfacet
 facet normal  0.000000e+00  0.000000e+00  1.000000e+00
   outer loop
     vertex  1.240670e+02 -9.522500e+01  1.510000e+00
     vertex  1.186593e+02 -9.920000e+01  1.510000e+00
     vertex  1.240670e+02 -9.922500e+01  1.510000e+00
   endloop
 endfacet
 facet normal  0.000000e+00  0.000000e+00  1.000000e+00
   outer loop
     vertex  1.240670e+02 -9.522500e+01  1.510000e+00
     vertex  1.241464e+02 -9.912145e+01  1.510000e+00
     vertex  1.241464e+02 -9.532855e+01  1.510000e+00
   endloop
 endfacet
 facet normal  0.000000e+00  0.000000e+00  1.000000e+00
   outer loop
     vertex  1.222500e+02 -9.340801e+01  1.510000e+00
     vertex  1.182750e+02 -9.881567e+01  1.510000e+00
     vertex  1.184925e+02 -9.898254e+01  1.510000e+00
   endloop
 endfacet
 facet normal  0.000000e+00  0.000000e+00  1.000000e+00
   outer loop
     vertex  1.222500e+02 -9.340801e+01  1.510000e+00
     vertex  1.182500e+02 -9.340801e+01  1.510000e+00
     vertex  1.182750e+02 -9.881567e+01  1.510000e+00
   endloop
 endfacet
 facet normal  0.000000e+00  0.000000e+00  1.000000e+00
   outer loop
     vertex  1.222500e+02 -9.340801e+01  1.510000e+00
     vertex  1.221464e+02 -9.332855e+01  1.510000e+00
     vertex  1.182500e+02 -9.340801e+01  1.510000e+00
   endloop
 endfacet
 facet normal  0.000000e+00  0.000000e+00  1.000000e+00
   outer loop
     vertex  1.222500e+02 -9.340801e+01  1.510000e+00
     vertex  1.184925e+02 -9.898254e+01  1.510000e+00
     vertex  1.240670e+02 -9.522500e+01  1.510000e+00
   endloop
 endfacet
 facet normal  0.000000e+00  0.000000e+00  1.000000e+00
   outer loop
     vertex  1.220670e+02 -9.322500e+01  1.510000e+00
     vertex  1.184330e+02 -9.322500e+01  1.510000e+00
     vertex  1.183536e+02 -9.332855e+01  1.510000e+00
   endloop
 endfacet
 facet normal  0.000000e+00  0.000000e+00  1.000000e+00
   outer loop
     vertex  1.220670e+02 -9.322500e+01  1.510000e+00
     vertex  1.183536e+02 -9.332855e+01  1.510000e+00
     vertex  1.221464e+02 -9.332855e+01  1.510000e+00
   endloop
 endfacet
 facet normal  0.000000e+00  0.000000e+00  1.000000e+00
   outer loop
     vertex  1.243706e+02 -9.545796e+01  1.510000e+00
     vertex  1.243706e+02 -9.899204e+01  1.510000e+00
     vertex  1.245000e+02 -9.897500e+01  1.510000e+00
   endloop
 endfacet
 facet normal  0.000000e+00  0.000000e+00  1.000000e+00
   outer loop
     vertex  1.243706e+02 -9.545796e+01  1.510000e+00
     vertex  1.242500e+02 -9.540801e+01  1.510000e+00
     vertex  1.243706e+02 -9.899204e+01  1.510000e+00
   endloop
 endfacet
 facet normal  0.000000e+00  0.000000e+00  1.000000e+00
   outer loop
     vertex  1.223706e+02 -9.345796e+01  1.510000e+00
     vertex  1.240670e+02 -9.522500e+01  1.510000e+00
     vertex  1.240170e+02 -9.510441e+01  1.510000e+00
   endloop
 endfacet
 facet normal  0.000000e+00  0.000000e+00  1.000000e+00
   outer loop
     vertex  1.223706e+02 -9.345796e+01  1.510000e+00
     vertex  1.222500e+02 -9.340801e+01  1.510000e+00
     vertex  1.240670e+02 -9.522500e+01  1.510000e+00
   endloop
 endfacet
 facet normal  0.000000e+00  0.000000e+00  1.000000e+00
   outer loop
     vertex  1.220170e+02 -9.310441e+01  1.510000e+00
     vertex  1.184830e+02 -9.310441e+01  1.510000e+00
     vertex  1.184330e+02 -9.322500e+01  1.510000e+00
   endloop
 endfacet
 facet normal  0.000000e+00  0.000000e+00  1.000000e+00
   outer loop
     vertex  1.220170e+02 -9.310441e+01  1.510000e+00
     vertex  1.184330e+02 -9.322500e+01  1.510000e+00
     vertex  1.220670e+02 -9.322500e+01  1.510000e+00
   endloop
 endfacet
 facet normal  0.000000e+00  0.000000e+00  1.000000e+00
   outer loop
     vertex  1.330300e+02 -1.041000e+02  1.510000e+00
     vertex  1.314900e+02 -1.041000e+02  1.510000e+00
     vertex  1.330470e+02 -1.042294e+02  1.510000e+00
   endloop
 endfacet
 facet normal  0.000000e+00  0.000000e+00  1.000000e+00
   outer loop
     vertex  1.245000e+02 -9.547500e+01  1.510000e+00
     vertex  1.245000e+02 -9.897500e+01  1.510000e+00
     vertex  1.246294e+02 -9.899204e+01  1.510000e+00
   endloop
 endfacet
 facet normal  0.000000e+00  0.000000e+00  1.000000e+00
   outer loop
     vertex  1.245000e+02 -9.547500e+01  1.510000e+00
     vertex  1.243706e+02 -9.545796e+01  1.510000e+00
     vertex  1.245000e+02 -9.897500e+01  1.510000e+00
   endloop
 endfacet
 facet normal  0.000000e+00  0.000000e+00  1.000000e+00
   outer loop
     vertex  1.225000e+02 -9.347500e+01  1.510000e+00
     vertex  1.240170e+02 -9.510441e+01  1.510000e+00
     vertex  1.240000e+02 -9.497500e+01  1.510000e+00
   endloop
 endfacet
 facet normal  0.000000e+00  0.000000e+00  1.000000e+00
   outer loop
     vertex  1.225000e+02 -9.347500e+01  1.510000e+00
     vertex  1.223706e+02 -9.345796e+01  1.510000e+00
     vertex  1.240170e+02 -9.510441e+01  1.510000e+00
   endloop
 endfacet
 facet normal  0.000000e+00  0.000000e+00  1.000000e+00
   outer loop
     vertex  1.220000e+02 -9.297500e+01  1.510000e+00
     vertex  1.184830e+02 -9.310441e+01  1.510000e+00
     vertex  1.220170e+02 -9.310441e+01  1.510000e+00
   endloop
 endfacet
 facet normal  0.000000e+00  0.000000e+00  1.000000e+00
   outer loop
     vertex  1.220000e+02 -9.297500e+01  1.510000e+00
     vertex  1.185000e+02 -9.297500e+01  1.510000e+00
     vertex  1.184830e+02 -9.310441e+01  1.510000e+00
   endloop
 endfacet
 facet normal  0.000000e+00  0.000000e+00  1.000000e+00
   outer loop
     vertex  1.330470e+02 -1.039706e+02  1.510000e+00
     vertex  1.314730e+02 -1.039706e+02  1.510000e+00
     vertex  1.314900e+02 -1.041000e+02  1.510000e+00
   endloop
 endfacet
 facet normal  0.000000e+00  0.000000e+00  1.000000e+00
   outer loop
     vertex  1.330470e+02 -1.039706e+02  1.510000e+00
     vertex  1.314900e+02 -1.041000e+02  1.510000e+00
     vertex  1.330300e+02 -1.041000e+02  1.510000e+00
   endloop
 endfacet
 facet normal  0.000000e+00  0.000000e+00  1.000000e+00
   outer loop
     vertex  1.246294e+02 -9.545796e+01  1.510000e+00
     vertex  1.246294e+02 -9.899204e+01  1.510000e+00
     vertex  1.247500e+02 -9.904199e+01  1.510000e+00
   endloop
 endfacet
 facet normal  0.000000e+00  0.000000e+00  1.000000e+00
   outer loop
     vertex  1.246294e+02 -9.545796e+01  1.510000e+00
     vertex  1.245000e+02 -9.547500e+01  1.510000e+00
     vertex  1.246294e+02 -9.899204e+01  1.510000e+00
   endloop
 endfacet
 facet normal  0.000000e+00  0.000000e+00  1.000000e+00
   outer loop
     vertex  1.220170e+02 -9.284559e+01  1.510000e+00
     vertex  1.184830e+02 -9.284559e+01  1.510000e+00
     vertex  1.185000e+02 -9.297500e+01  1.510000e+00
   endloop
 endfacet
 facet normal  0.000000e+00  0.000000e+00  1.000000e+00
   outer loop
     vertex  1.220170e+02 -9.284559e+01  1.510000e+00
     vertex  1.185000e+02 -9.297500e+01  1.510000e+00
     vertex  1.220000e+02 -9.297500e+01  1.510000e+00
   endloop
 endfacet
 facet normal  0.000000e+00  0.000000e+00  1.000000e+00
   outer loop
     vertex  1.226294e+02 -9.345796e+01  1.510000e+00
     vertex  1.225000e+02 -9.347500e+01  1.510000e+00
     vertex  1.240000e+02 -9.497500e+01  1.510000e+00
   endloop
 endfacet
 facet normal  0.000000e+00  0.000000e+00  1.000000e+00
   outer loop
     vertex  1.226294e+02 -9.345796e+01  1.510000e+00
     vertex  1.240000e+02 -9.497500e+01  1.510000e+00
     vertex  1.240170e+02 -9.484559e+01  1.510000e+00
   endloop
 endfacet
 facet normal  0.000000e+00  0.000000e+00  1.000000e+00
   outer loop
     vertex  1.330970e+02 -1.038500e+02  1.510000e+00
     vertex  1.314230e+02 -1.038500e+02  1.510000e+00
     vertex  1.314730e+02 -1.039706e+02  1.510000e+00
   endloop
 endfacet
 facet normal  0.000000e+00  0.000000e+00  1.000000e+00
   outer loop
     vertex  1.330970e+02 -1.038500e+02  1.510000e+00
     vertex  1.314730e+02 -1.039706e+02  1.510000e+00
     vertex  1.330470e+02 -1.039706e+02  1.510000e+00
   endloop
 endfacet
 facet normal  0.000000e+00  0.000000e+00  1.000000e+00
   outer loop
     vertex  1.247500e+02 -9.540801e+01  1.510000e+00
     vertex  1.247500e+02 -9.904199e+01  1.510000e+00
     vertex  1.248536e+02 -9.912145e+01  1.510000e+00
   endloop
 endfacet
 facet normal  0.000000e+00  0.000000e+00  1.000000e+00
   outer loop
     vertex  1.247500e+02 -9.540801e+01  1.510000e+00
     vertex  1.246294e+02 -9.545796e+01  1.510000e+00
     vertex  1.247500e+02 -9.904199e+01  1.510000e+00
   endloop
 endfacet
 facet normal  0.000000e+00  0.000000e+00  1.000000e+00
   outer loop
     vertex  1.220670e+02 -9.272500e+01  1.510000e+00
     vertex  1.184830e+02 -9.284559e+01  1.510000e+00
     vertex  1.220170e+02 -9.284559e+01  1.510000e+00
   endloop
 endfacet
 facet normal  0.000000e+00  0.000000e+00  1.000000e+00
   outer loop
     vertex  1.220670e+02 -9.272500e+01  1.510000e+00
     vertex  1.184330e+02 -9.272500e+01  1.510000e+00
     vertex  1.184830e+02 -9.284559e+01  1.510000e+00
   endloop
 endfacet
 facet normal  0.000000e+00  0.000000e+00  1.000000e+00
   outer loop
     vertex  1.227500e+02 -9.340801e+01  1.510000e+00
     vertex  1.226294e+02 -9.345796e+01  1.510000e+00
     vertex  1.240170e+02 -9.484559e+01  1.510000e+00
   endloop
 endfacet
 facet normal  0.000000e+00  0.000000e+00  1.000000e+00
   outer loop
     vertex  1.227500e+02 -9.340801e+01  1.510000e+00
     vertex  1.240170e+02 -9.484559e+01  1.510000e+00
     vertex  1.240670e+02 -9.472500e+01  1.510000e+00
   endloop
 endfacet
 facet normal  0.000000e+00  0.000000e+00  1.000000e+00
   outer loop
     vertex  1.353000e+02 -1.058750e+02  1.510000e+00
     vertex  1.311194e+02 -1.045830e+02  1.510000e+00
     vertex  1.309900e+02 -1.046000e+02  1.510000e+00
   endloop
 endfacet
 facet normal  0.000000e+00  0.000000e+00  1.000000e+00
   outer loop
     vertex  1.353000e+02 -1.058750e+02  1.510000e+00
     vertex  1.335300e+02 -1.046000e+02  1.510000e+00
     vertex  1.334006e+02 -1.045830e+02  1.510000e+00
   endloop
 endfacet
 facet normal  0.000000e+00  0.000000e+00  1.000000e+00
   outer loop
     vertex  1.353000e+02 -1.058750e+02  1.510000e+00
     vertex  1.337800e+02 -1.045330e+02  1.510000e+00
     vertex  1.336594e+02 -1.045830e+02  1.510000e+00
   endloop
 endfacet
 facet normal  0.000000e+00  0.000000e+00  1.000000e+00
   outer loop
     vertex  1.353000e+02 -1.058750e+02  1.510000e+00
     vertex  1.336594e+02 -1.045830e+02  1.510000e+00
     vertex  1.335300e+02 -1.046000e+02  1.510000e+00
   endloop
 endfacet
 facet normal  0.000000e+00  0.000000e+00  1.000000e+00
   outer loop
     vertex  1.353000e+02 -1.058750e+02  1.510000e+00
     vertex  1.334006e+02 -1.045830e+02  1.510000e+00
     vertex  1.311194e+02 -1.045830e+02  1.510000e+00
   endloop
 endfacet
 facet normal  0.000000e+00  0.000000e+00  1.000000e+00
   outer loop
     vertex  1.353000e+02 -1.058750e+02  1.510000e+00
     vertex  1.309900e+02 -1.046000e+02  1.510000e+00
     vertex  1.284500e+02 -1.046000e+02  1.510000e+00
   endloop
 endfacet
 facet normal  0.000000e+00  0.000000e+00  1.000000e+00
   outer loop
     vertex  1.353000e+02 -1.058750e+02  1.510000e+00
     vertex  1.284500e+02 -1.046000e+02  1.510000e+00
     vertex  1.216000e+02 -1.058750e+02  1.510000e+00
   endloop
 endfacet
 facet normal  0.000000e+00  0.000000e+00  1.000000e+00
   outer loop
     vertex  1.331764e+02 -1.037464e+02  1.510000e+00
     vertex  1.312400e+02 -1.036670e+02  1.510000e+00
     vertex  1.313436e+02 -1.037464e+02  1.510000e+00
   endloop
 endfacet
 facet normal  0.000000e+00  0.000000e+00  1.000000e+00
   outer loop
     vertex  1.331764e+02 -1.037464e+02  1.510000e+00
     vertex  1.313436e+02 -1.037464e+02  1.510000e+00
     vertex  1.314230e+02 -1.038500e+02  1.510000e+00
   endloop
 endfacet
 facet normal  0.000000e+00  0.000000e+00  1.000000e+00
   outer loop
     vertex  1.331764e+02 -1.037464e+02  1.510000e+00
     vertex  1.314230e+02 -1.038500e+02  1.510000e+00
     vertex  1.330970e+02 -1.038500e+02  1.510000e+00
   endloop
 endfacet
 facet normal  0.000000e+00  0.000000e+00  1.000000e+00
   outer loop
     vertex  1.338836e+02 -1.044536e+02  1.510000e+00
     vertex  1.337800e+02 -1.045330e+02  1.510000e+00
     vertex  1.353000e+02 -1.058750e+02  1.510000e+00
   endloop
 endfacet
 facet normal  0.000000e+00  0.000000e+00  1.000000e+00
   outer loop
     vertex  1.248536e+02 -9.532855e+01  1.510000e+00
     vertex  1.248536e+02 -9.912145e+01  1.510000e+00
     vertex  1.249330e+02 -9.922500e+01  1.510000e+00
   endloop
 endfacet
 facet normal  0.000000e+00  0.000000e+00  1.000000e+00
   outer loop
     vertex  1.248536e+02 -9.532855e+01  1.510000e+00
     vertex  1.247500e+02 -9.540801e+01  1.510000e+00
     vertex  1.248536e+02 -9.912145e+01  1.510000e+00
   endloop
 endfacet
 facet normal  0.000000e+00  0.000000e+00  1.000000e+00
   outer loop
     vertex  1.221464e+02 -9.262145e+01  1.510000e+00
     vertex  1.184330e+02 -9.272500e+01  1.510000e+00
     vertex  1.220670e+02 -9.272500e+01  1.510000e+00
   endloop
 endfacet
 facet normal  0.000000e+00  0.000000e+00  1.000000e+00
   outer loop
     vertex  1.221464e+02 -9.262145e+01  1.510000e+00
     vertex  1.183536e+02 -9.262144e+01  1.510000e+00
     vertex  1.184330e+02 -9.272500e+01  1.510000e+00
   endloop
 endfacet
 facet normal  0.000000e+00  0.000000e+00  1.000000e+00
   outer loop
     vertex  1.228536e+02 -9.332855e+01  1.510000e+00
     vertex  1.227500e+02 -9.340801e+01  1.510000e+00
     vertex  1.240670e+02 -9.472500e+01  1.510000e+00
   endloop
 endfacet
 facet normal  0.000000e+00  0.000000e+00  1.000000e+00
   outer loop
     vertex  1.228536e+02 -9.332855e+01  1.510000e+00
     vertex  1.240670e+02 -9.472500e+01  1.510000e+00
     vertex  1.241464e+02 -9.462145e+01  1.510000e+00
   endloop
 endfacet
 facet normal  0.000000e+00  0.000000e+00  1.000000e+00
   outer loop
     vertex  1.339630e+02 -1.043500e+02  1.510000e+00
     vertex  1.338836e+02 -1.044536e+02  1.510000e+00
     vertex  1.353000e+02 -1.058750e+02  1.510000e+00
   endloop
 endfacet
 facet normal  0.000000e+00  0.000000e+00  1.000000e+00
   outer loop
     vertex  1.332800e+02 -1.036670e+02  1.510000e+00
     vertex  1.312400e+02 -1.036670e+02  1.510000e+00
     vertex  1.331764e+02 -1.037464e+02  1.510000e+00
   endloop
 endfacet
 facet normal  0.000000e+00  0.000000e+00  1.000000e+00
   outer loop
     vertex  1.249330e+02 -9.522500e+01  1.510000e+00
     vertex  1.248536e+02 -9.532855e+01  1.510000e+00
     vertex  1.249330e+02 -9.922500e+01  1.510000e+00
   endloop
 endfacet
 facet normal  0.000000e+00  0.000000e+00  1.000000e+00
   outer loop
     vertex  1.222500e+02 -9.254199e+01  1.510000e+00
     vertex  1.182500e+02 -9.254198e+01  1.510000e+00
     vertex  1.183536e+02 -9.262144e+01  1.510000e+00
   endloop
 endfacet
 facet normal  0.000000e+00  0.000000e+00  1.000000e+00
   outer loop
     vertex  1.222500e+02 -9.254199e+01  1.510000e+00
     vertex  1.183536e+02 -9.262144e+01  1.510000e+00
     vertex  1.221464e+02 -9.262145e+01  1.510000e+00
   endloop
 endfacet
 facet normal  0.000000e+00  0.000000e+00  1.000000e+00
   outer loop
     vertex  1.229330e+02 -9.322500e+01  1.510000e+00
     vertex  1.228536e+02 -9.332855e+01  1.510000e+00
     vertex  1.241464e+02 -9.462145e+01  1.510000e+00
   endloop
 endfacet
 facet normal  0.000000e+00  0.000000e+00  1.000000e+00
   outer loop
     vertex  1.229330e+02 -9.322500e+01  1.510000e+00
     vertex  1.241464e+02 -9.462145e+01  1.510000e+00
     vertex  1.242500e+02 -9.454199e+01  1.510000e+00
   endloop
 endfacet
 facet normal  0.000000e+00  0.000000e+00  1.000000e+00
   outer loop
     vertex  1.340130e+02 -1.042294e+02  1.510000e+00
     vertex  1.339630e+02 -1.043500e+02  1.510000e+00
     vertex  1.353000e+02 -1.058750e+02  1.510000e+00
   endloop
 endfacet
 facet normal  0.000000e+00  0.000000e+00  1.000000e+00
   outer loop
     vertex  1.243706e+02 -9.449204e+01  1.510000e+00
     vertex  1.229330e+02 -9.322500e+01  1.510000e+00
     vertex  1.242500e+02 -9.454199e+01  1.510000e+00
   endloop
 endfacet
 facet normal  0.000000e+00  0.000000e+00  1.000000e+00
   outer loop
     vertex  1.229830e+02 -9.310441e+01  1.510000e+00
     vertex  1.229330e+02 -9.322500e+01  1.510000e+00
     vertex  1.243706e+02 -9.449204e+01  1.510000e+00
   endloop
 endfacet
 facet normal  0.000000e+00  0.000000e+00  1.000000e+00
   outer loop
     vertex  1.340300e+02 -1.041000e+02  1.510000e+00
     vertex  1.340130e+02 -1.042294e+02  1.510000e+00
     vertex  1.353000e+02 -1.058750e+02  1.510000e+00
   endloop
 endfacet
 facet normal  0.000000e+00  0.000000e+00  1.000000e+00
   outer loop
     vertex  1.230000e+02 -9.297500e+01  1.510000e+00
     vertex  1.229830e+02 -9.310441e+01  1.510000e+00
     vertex  1.243706e+02 -9.449204e+01  1.510000e+00
   endloop
 endfacet
 facet normal  0.000000e+00  0.000000e+00  1.000000e+00
   outer loop
     vertex  1.230000e+02 -9.297500e+01  1.510000e+00
     vertex  1.243706e+02 -9.449204e+01  1.510000e+00
     vertex  1.245000e+02 -9.447500e+01  1.510000e+00
   endloop
 endfacet
 facet normal  0.000000e+00  0.000000e+00  1.000000e+00
   outer loop
     vertex  1.229830e+02 -9.284559e+01  1.510000e+00
     vertex  1.230000e+02 -9.297500e+01  1.510000e+00
     vertex  1.245000e+02 -9.447500e+01  1.510000e+00
   endloop
 endfacet
 facet normal  0.000000e+00  0.000000e+00  1.000000e+00
   outer loop
     vertex  1.229830e+02 -9.284559e+01  1.510000e+00
     vertex  1.245000e+02 -9.447500e+01  1.510000e+00
     vertex  1.246294e+02 -9.449204e+01  1.510000e+00
   endloop
 endfacet
 facet normal  0.000000e+00  0.000000e+00  1.000000e+00
   outer loop
     vertex  1.326464e+02 -9.982855e+01  1.510000e+00
     vertex  1.309900e+02 -1.036000e+02  1.510000e+00
     vertex  1.311194e+02 -1.036170e+02  1.510000e+00
   endloop
 endfacet
 facet normal  0.000000e+00  0.000000e+00  1.000000e+00
   outer loop
     vertex  1.176464e+02 -8.482855e+01  1.510000e+00
     vertex  1.175670e+02 -9.272500e+01  1.510000e+00
     vertex  1.176464e+02 -9.262144e+01  1.510000e+00
   endloop
 endfacet
 facet normal  0.000000e+00  0.000000e+00  1.000000e+00
   outer loop
     vertex  1.327500e+02 -9.990801e+01  1.510000e+00
     vertex  1.311194e+02 -1.036170e+02  1.510000e+00
     vertex  1.312400e+02 -1.036670e+02  1.510000e+00
   endloop
 endfacet
 facet normal  0.000000e+00  0.000000e+00  1.000000e+00
   outer loop
     vertex  1.327500e+02 -9.990801e+01  1.510000e+00
     vertex  1.326464e+02 -9.982855e+01  1.510000e+00
     vertex  1.311194e+02 -1.036170e+02  1.510000e+00
   endloop
 endfacet
 facet normal  0.000000e+00  0.000000e+00  1.000000e+00
   outer loop
     vertex  1.325670e+02 -9.972500e+01  1.510000e+00
     vertex  1.308606e+02 -1.036170e+02  1.510000e+00
     vertex  1.309900e+02 -1.036000e+02  1.510000e+00
   endloop
 endfacet
 facet normal  0.000000e+00  0.000000e+00  1.000000e+00
   outer loop
     vertex  1.325670e+02 -9.972500e+01  1.510000e+00
     vertex  1.309900e+02 -1.036000e+02  1.510000e+00
     vertex  1.326464e+02 -9.982855e+01  1.510000e+00
   endloop
 endfacet
 facet normal  0.000000e+00  0.000000e+00  1.000000e+00
   outer loop
     vertex  1.175670e+02 -8.472500e+01  1.510000e+00
     vertex  1.175670e+02 -9.272500e+01  1.510000e+00
     vertex  1.176464e+02 -8.482855e+01  1.510000e+00
   endloop
 endfacet
 facet normal  0.000000e+00  0.000000e+00  1.000000e+00
   outer loop
     vertex  1.175670e+02 -8.472500e+01  1.510000e+00
     vertex  1.175170e+02 -9.284559e+01  1.510000e+00
     vertex  1.175670e+02 -9.272500e+01  1.510000e+00
   endloop
 endfacet
 facet normal  0.000000e+00  0.000000e+00  1.000000e+00
   outer loop
     vertex  1.177500e+02 -8.490801e+01  1.510000e+00
     vertex  1.176464e+02 -9.262144e+01  1.510000e+00
     vertex  1.177500e+02 -9.254198e+01  1.510000e+00
   endloop
 endfacet
 facet normal  0.000000e+00  0.000000e+00  1.000000e+00
   outer loop
     vertex  1.177500e+02 -8.490801e+01  1.510000e+00
     vertex  1.176464e+02 -8.482855e+01  1.510000e+00
     vertex  1.176464e+02 -9.262144e+01  1.510000e+00
   endloop
 endfacet
 facet normal  0.000000e+00  0.000000e+00  1.000000e+00
   outer loop
     vertex  1.325170e+02 -9.960441e+01  1.510000e+00
     vertex  1.285794e+02 -1.036170e+02  1.510000e+00
     vertex  1.308606e+02 -1.036170e+02  1.510000e+00
   endloop
 endfacet
 facet normal  0.000000e+00  0.000000e+00  1.000000e+00
   outer loop
     vertex  1.325170e+02 -9.960441e+01  1.510000e+00
     vertex  1.308606e+02 -1.036170e+02  1.510000e+00
     vertex  1.325670e+02 -9.972500e+01  1.510000e+00
   endloop
 endfacet
 facet normal  0.000000e+00  0.000000e+00  1.000000e+00
   outer loop
     vertex  1.325170e+02 -9.960441e+01  1.510000e+00
     vertex  1.284500e+02 -1.036000e+02  1.510000e+00
     vertex  1.285794e+02 -1.036170e+02  1.510000e+00
   endloop
 endfacet
 facet normal  0.000000e+00  0.000000e+00  1.000000e+00
   outer loop
     vertex  1.328706e+02 -9.995796e+01  1.510000e+00
     vertex  1.327500e+02 -9.990801e+01  1.510000e+00
     vertex  1.312400e+02 -1.036670e+02  1.510000e+00
   endloop
 endfacet
 facet normal  0.000000e+00  0.000000e+00  1.000000e+00
   outer loop
     vertex  1.328706e+02 -9.995796e+01  1.510000e+00
     vertex  1.312400e+02 -1.036670e+02  1.510000e+00
     vertex  1.332800e+02 -1.036670e+02  1.510000e+00
   endloop
 endfacet
 facet normal  0.000000e+00  0.000000e+00  1.000000e+00
   outer loop
     vertex  1.328706e+02 -9.995796e+01  1.510000e+00
     vertex  1.332800e+02 -1.036670e+02  1.510000e+00
     vertex  1.334006e+02 -1.036170e+02  1.510000e+00
   endloop
 endfacet
 facet normal  0.000000e+00  0.000000e+00  1.000000e+00
   outer loop
     vertex  1.178706e+02 -8.495796e+01  1.510000e+00
     vertex  1.177500e+02 -9.254198e+01  1.510000e+00
     vertex  1.178706e+02 -9.249203e+01  1.510000e+00
   endloop
 endfacet
 facet normal  0.000000e+00  0.000000e+00  1.000000e+00
   outer loop
     vertex  1.178706e+02 -8.495796e+01  1.510000e+00
     vertex  1.177500e+02 -8.490801e+01  1.510000e+00
     vertex  1.177500e+02 -9.254198e+01  1.510000e+00
   endloop
 endfacet
 facet normal  0.000000e+00  0.000000e+00  1.000000e+00
   outer loop
     vertex  1.175170e+02 -8.460441e+01  1.510000e+00
     vertex  1.175170e+02 -9.284559e+01  1.510000e+00
     vertex  1.175670e+02 -8.472500e+01  1.510000e+00
   endloop
 endfacet
 facet normal  0.000000e+00  0.000000e+00  1.000000e+00
   outer loop
     vertex  1.325000e+02 -9.947500e+01  1.510000e+00
     vertex  1.284500e+02 -1.036000e+02  1.510000e+00
     vertex  1.325170e+02 -9.960441e+01  1.510000e+00
   endloop
 endfacet
 facet normal  0.000000e+00  0.000000e+00  1.000000e+00
   outer loop
     vertex  1.325000e+02 -9.947500e+01  1.510000e+00
     vertex  1.249830e+02 -9.934559e+01  1.510000e+00
     vertex  1.250000e+02 -9.947500e+01  1.510000e+00
   endloop
 endfacet
 facet normal  0.000000e+00  0.000000e+00  1.000000e+00
   outer loop
     vertex  1.325000e+02 -9.947500e+01  1.510000e+00
     vertex  1.250000e+02 -9.947500e+01  1.510000e+00
     vertex  1.284500e+02 -1.036000e+02  1.510000e+00
   endloop
 endfacet
 facet normal  0.000000e+00  0.000000e+00  1.000000e+00
   outer loop
     vertex  1.330000e+02 -9.997500e+01  1.510000e+00
     vertex  1.328706e+02 -9.995796e+01  1.510000e+00
     vertex  1.334006e+02 -1.036170e+02  1.510000e+00
   endloop
 endfacet
 facet normal  0.000000e+00  0.000000e+00  1.000000e+00
   outer loop
     vertex  1.330000e+02 -9.997500e+01  1.510000e+00
     vertex  1.334006e+02 -1.036170e+02  1.510000e+00
     vertex  1.335300e+02 -1.036000e+02  1.510000e+00
   endloop
 endfacet
 facet normal  0.000000e+00  0.000000e+00  1.000000e+00
   outer loop
     vertex  1.180000e+02 -8.497500e+01  1.510000e+00
     vertex  1.178706e+02 -8.495796e+01  1.510000e+00
     vertex  1.178706e+02 -9.249203e+01  1.510000e+00
   endloop
 endfacet
 facet normal  0.000000e+00  0.000000e+00  1.000000e+00
   outer loop
     vertex  1.180000e+02 -8.497500e+01  1.510000e+00
     vertex  1.178706e+02 -9.249203e+01  1.510000e+00
     vertex  1.180000e+02 -9.247500e+01  1.510000e+00
   endloop
 endfacet
 facet normal  0.000000e+00  0.000000e+00  1.000000e+00
   outer loop
     vertex  1.325170e+02 -9.934559e+01  1.510000e+00
     vertex  1.249330e+02 -9.922500e+01  1.510000e+00
     vertex  1.249830e+02 -9.934559e+01  1.510000e+00
   endloop
 endfacet
 facet normal  0.000000e+00  0.000000e+00  1.000000e+00
   outer loop
     vertex  1.325170e+02 -9.934559e+01  1.510000e+00
     vertex  1.249830e+02 -9.934559e+01  1.510000e+00
     vertex  1.325000e+02 -9.947500e+01  1.510000e+00
   endloop
 endfacet
 facet normal  0.000000e+00  0.000000e+00  1.000000e+00
   outer loop
     vertex  1.331294e+02 -9.995796e+01  1.510000e+00
     vertex  1.335300e+02 -1.036000e+02  1.510000e+00
     vertex  1.336594e+02 -1.036170e+02  1.510000e+00
   endloop
 endfacet
 facet normal  0.000000e+00  0.000000e+00  1.000000e+00
   outer loop
     vertex  1.331294e+02 -9.995796e+01  1.510000e+00
     vertex  1.330000e+02 -9.997500e+01  1.510000e+00
     vertex  1.335300e+02 -1.036000e+02  1.510000e+00
   endloop
 endfacet
 facet normal  0.000000e+00  0.000000e+00  1.000000e+00
   outer loop
     vertex  1.181294e+02 -8.495796e+01  1.510000e+00
     vertex  1.180000e+02 -9.247500e+01  1.510000e+00
     vertex  1.181294e+02 -9.249203e+01  1.510000e+00
   endloop
 endfacet
 facet normal  0.000000e+00  0.000000e+00  1.000000e+00
   outer loop
     vertex  1.181294e+02 -8.495796e+01  1.510000e+00
     vertex  1.180000e+02 -8.497500e+01  1.510000e+00
     vertex  1.180000e+02 -9.247500e+01  1.510000e+00
   endloop
 endfacet
 facet normal  0.000000e+00  0.000000e+00  1.000000e+00
   outer loop
     vertex  1.332500e+02 -9.990801e+01  1.510000e+00
     vertex  1.331294e+02 -9.995796e+01  1.510000e+00
     vertex  1.336594e+02 -1.036170e+02  1.510000e+00
   endloop
 endfacet
 facet normal  0.000000e+00  0.000000e+00  1.000000e+00
   outer loop
     vertex  1.332500e+02 -9.990801e+01  1.510000e+00
     vertex  1.336594e+02 -1.036170e+02  1.510000e+00
     vertex  1.337800e+02 -1.036670e+02  1.510000e+00
   endloop
 endfacet
 facet normal  0.000000e+00  0.000000e+00  1.000000e+00
   outer loop
     vertex  1.325670e+02 -9.922500e+01  1.510000e+00
     vertex  1.249330e+02 -9.922500e+01  1.510000e+00
     vertex  1.325170e+02 -9.934559e+01  1.510000e+00
   endloop
 endfacet
 facet normal  0.000000e+00  0.000000e+00  1.000000e+00
   outer loop
     vertex  1.325670e+02 -9.922500e+01  1.510000e+00
     vertex  1.249330e+02 -9.522500e+01  1.510000e+00
     vertex  1.249330e+02 -9.922500e+01  1.510000e+00
   endloop
 endfacet
 facet normal  0.000000e+00  0.000000e+00  1.000000e+00
   outer loop
     vertex  1.182500e+02 -8.490801e+01  1.510000e+00
     vertex  1.181294e+02 -9.249203e+01  1.510000e+00
     vertex  1.182500e+02 -9.254198e+01  1.510000e+00
   endloop
 endfacet
 facet normal  0.000000e+00  0.000000e+00  1.000000e+00
   outer loop
     vertex  1.182500e+02 -8.490801e+01  1.510000e+00
     vertex  1.181294e+02 -8.495796e+01  1.510000e+00
     vertex  1.181294e+02 -9.249203e+01  1.510000e+00
   endloop
 endfacet
 facet normal  0.000000e+00  0.000000e+00  1.000000e+00
   outer loop
     vertex  1.333536e+02 -9.982855e+01  1.510000e+00
     vertex  1.332500e+02 -9.990801e+01  1.510000e+00
     vertex  1.337800e+02 -1.036670e+02  1.510000e+00
   endloop
 endfacet
 facet normal  0.000000e+00  0.000000e+00  1.000000e+00
   outer loop
     vertex  1.379023e+02 -1.022267e+02  1.510000e+00
     vertex  1.333536e+02 -9.982855e+01  1.510000e+00
     vertex  1.337800e+02 -1.036670e+02  1.510000e+00
   endloop
 endfacet
 facet normal  0.000000e+00  0.000000e+00  1.000000e+00
   outer loop
     vertex  1.379023e+02 -1.022267e+02  1.510000e+00
     vertex  1.337800e+02 -1.036670e+02  1.510000e+00
     vertex  1.338836e+02 -1.037464e+02  1.510000e+00
   endloop
 endfacet
 facet normal  0.000000e+00  0.000000e+00  1.000000e+00
   outer loop
     vertex  1.379023e+02 -1.022267e+02  1.510000e+00
     vertex  1.338836e+02 -1.037464e+02  1.510000e+00
     vertex  1.339630e+02 -1.038500e+02  1.510000e+00
   endloop
 endfacet
 facet normal  0.000000e+00  0.000000e+00  1.000000e+00
   outer loop
     vertex  1.379023e+02 -1.022267e+02  1.510000e+00
     vertex  1.339630e+02 -1.038500e+02  1.510000e+00
     vertex  1.340130e+02 -1.039706e+02  1.510000e+00
   endloop
 endfacet
 facet normal  0.000000e+00  0.000000e+00  1.000000e+00
   outer loop
     vertex  1.379023e+02 -1.022267e+02  1.510000e+00
     vertex  1.340130e+02 -1.039706e+02  1.510000e+00
     vertex  1.340300e+02 -1.041000e+02  1.510000e+00
   endloop
 endfacet
 facet normal  0.000000e+00  0.000000e+00  1.000000e+00
   outer loop
     vertex  1.379023e+02 -1.022267e+02  1.510000e+00
     vertex  1.334830e+02 -9.960441e+01  1.510000e+00
     vertex  1.334330e+02 -9.972500e+01  1.510000e+00
   endloop
 endfacet
 facet normal  0.000000e+00  0.000000e+00  1.000000e+00
   outer loop
     vertex  1.379023e+02 -1.022267e+02  1.510000e+00
     vertex  1.334330e+02 -9.972500e+01  1.510000e+00
     vertex  1.333536e+02 -9.982855e+01  1.510000e+00
   endloop
 endfacet
 facet normal  0.000000e+00  0.000000e+00  1.000000e+00
   outer loop
     vertex  1.379023e+02 -1.022267e+02  1.510000e+00
     vertex  1.340300e+02 -1.041000e+02  1.510000e+00
     vertex  1.353000e+02 -1.058750e+02  1.510000e+00
   endloop
 endfacet
 facet normal  0.000000e+00  0.000000e+00  1.000000e+00
   outer loop
     vertex  1.152500e+02 -7.920000e+01  1.510000e+00
     vertex  1.175170e+02 -9.284559e+01  1.510000e+00
     vertex  1.175170e+02 -8.460441e+01  1.510000e+00
   endloop
 endfacet
 facet normal  0.000000e+00  0.000000e+00  1.000000e+00
   outer loop
     vertex  1.152500e+02 -7.920000e+01  1.510000e+00
     vertex  1.152500e+02 -1.022250e+02  1.510000e+00
     vertex  1.175000e+02 -9.297500e+01  1.510000e+00
   endloop
 endfacet
 facet normal  0.000000e+00  0.000000e+00  1.000000e+00
   outer loop
     vertex  1.152500e+02 -7.920000e+01  1.510000e+00
     vertex  1.175000e+02 -9.297500e+01  1.510000e+00
     vertex  1.175170e+02 -9.284559e+01  1.510000e+00
   endloop
 endfacet
 facet normal  0.000000e+00  0.000000e+00  1.000000e+00
   outer loop
     vertex  1.152500e+02 -7.920000e+01  1.510000e+00
     vertex  1.175170e+02 -8.460441e+01  1.510000e+00
     vertex  1.175000e+02 -8.447500e+01  1.510000e+00
   endloop
 endfacet
 facet normal  0.000000e+00  0.000000e+00  1.000000e+00
   outer loop
     vertex  1.152500e+02 -7.920000e+01  1.510000e+00
     vertex  1.175000e+02 -8.447500e+01  1.510000e+00
     vertex  1.175170e+02 -8.434559e+01  1.510000e+00
   endloop
 endfacet
 facet normal  0.000000e+00  0.000000e+00  1.000000e+00
   outer loop
     vertex  1.152500e+02 -7.920000e+01  1.510000e+00
     vertex  1.175170e+02 -8.434559e+01  1.510000e+00
     vertex  1.175670e+02 -8.422500e+01  1.510000e+00
   endloop
 endfacet
 facet normal  0.000000e+00  0.000000e+00  1.000000e+00
   outer loop
     vertex  1.152500e+02 -7.920000e+01  1.510000e+00
     vertex  1.175670e+02 -8.422500e+01  1.510000e+00
     vertex  1.176464e+02 -8.412145e+01  1.510000e+00
   endloop
 endfacet
 facet normal  0.000000e+00  0.000000e+00  1.000000e+00
   outer loop
     vertex  1.152500e+02 -7.920000e+01  1.510000e+00
     vertex  1.176464e+02 -8.412145e+01  1.510000e+00
     vertex  1.177500e+02 -8.404199e+01  1.510000e+00
   endloop
 endfacet
 facet normal  0.000000e+00  0.000000e+00  1.000000e+00
   outer loop
     vertex  1.152500e+02 -7.920000e+01  1.510000e+00
     vertex  1.177500e+02 -8.404199e+01  1.510000e+00
     vertex  1.178706e+02 -8.399204e+01  1.510000e+00
   endloop
 endfacet
 facet normal  0.000000e+00  0.000000e+00  1.000000e+00
   outer loop
     vertex  1.271590e+02 -9.031599e+01  1.510000e+00
     vertex  1.229830e+02 -9.284559e+01  1.510000e+00
     vertex  1.246294e+02 -9.449204e+01  1.510000e+00
   endloop
 endfacet
 facet normal  0.000000e+00  0.000000e+00  1.000000e+00
   outer loop
     vertex  1.271590e+02 -9.031599e+01  1.510000e+00
     vertex  1.229330e+02 -9.272500e+01  1.510000e+00
     vertex  1.229830e+02 -9.284559e+01  1.510000e+00
   endloop
 endfacet
 facet normal  0.000000e+00  0.000000e+00  1.000000e+00
   outer loop
     vertex  1.271590e+02 -9.031599e+01  1.510000e+00
     vertex  1.246294e+02 -9.449204e+01  1.510000e+00
     vertex  1.247500e+02 -9.454199e+01  1.510000e+00
   endloop
 endfacet
 facet normal  0.000000e+00  0.000000e+00  1.000000e+00
   outer loop
     vertex  1.276250e+02 -9.067356e+01  1.510000e+00
     vertex  1.271590e+02 -9.031599e+01  1.510000e+00
     vertex  1.247500e+02 -9.454199e+01  1.510000e+00
   endloop
 endfacet
 facet normal  0.000000e+00  0.000000e+00  1.000000e+00
   outer loop
     vertex  1.276250e+02 -9.067356e+01  1.510000e+00
     vertex  1.247500e+02 -9.454199e+01  1.510000e+00
     vertex  1.248536e+02 -9.462145e+01  1.510000e+00
   endloop
 endfacet
 facet normal  0.000000e+00  0.000000e+00  1.000000e+00
   outer loop
     vertex  1.276250e+02 -9.067356e+01  1.510000e+00
     vertex  1.248536e+02 -9.462145e+01  1.510000e+00
     vertex  1.249330e+02 -9.472500e+01  1.510000e+00
   endloop
 endfacet
 facet normal  0.000000e+00  0.000000e+00  1.000000e+00
   outer loop
     vertex  1.268014e+02 -8.985000e+01  1.510000e+00
     vertex  1.227500e+02 -9.254199e+01  1.510000e+00
     vertex  1.228536e+02 -9.262145e+01  1.510000e+00
   endloop
 endfacet
 facet normal  0.000000e+00  0.000000e+00  1.000000e+00
   outer loop
     vertex  1.268014e+02 -8.985000e+01  1.510000e+00
     vertex  1.228536e+02 -9.262145e+01  1.510000e+00
     vertex  1.229330e+02 -9.272500e+01  1.510000e+00
   endloop
 endfacet
 facet normal  0.000000e+00  0.000000e+00  1.000000e+00
   outer loop
     vertex  1.268014e+02 -8.985000e+01  1.510000e+00
     vertex  1.229330e+02 -9.272500e+01  1.510000e+00
     vertex  1.271590e+02 -9.031599e+01  1.510000e+00
   endloop
 endfacet
 facet normal  0.000000e+00  0.000000e+00  1.000000e+00
   outer loop
     vertex  1.265767e+02 -8.930734e+01  1.510000e+00
     vertex  1.226294e+02 -9.249204e+01  1.510000e+00
     vertex  1.227500e+02 -9.254199e+01  1.510000e+00
   endloop
 endfacet
 facet normal  0.000000e+00  0.000000e+00  1.000000e+00
   outer loop
     vertex  1.265767e+02 -8.930734e+01  1.510000e+00
     vertex  1.227500e+02 -9.254199e+01  1.510000e+00
     vertex  1.268014e+02 -8.985000e+01  1.510000e+00
   endloop
 endfacet
 facet normal  0.000000e+00  0.000000e+00  1.000000e+00
   outer loop
     vertex  1.281677e+02 -9.089833e+01  1.510000e+00
     vertex  1.276250e+02 -9.067356e+01  1.510000e+00
     vertex  1.249330e+02 -9.472500e+01  1.510000e+00
   endloop
 endfacet
 facet normal  0.000000e+00  0.000000e+00  1.000000e+00
   outer loop
     vertex  1.281677e+02 -9.089833e+01  1.510000e+00
     vertex  1.249330e+02 -9.472500e+01  1.510000e+00
     vertex  1.249830e+02 -9.484559e+01  1.510000e+00
   endloop
 endfacet
 facet normal  0.000000e+00  0.000000e+00  1.000000e+00
   outer loop
     vertex  1.221464e+02 -8.482856e+01  1.510000e+00
     vertex  1.183536e+02 -8.482855e+01  1.510000e+00
     vertex  1.182500e+02 -8.490801e+01  1.510000e+00
   endloop
 endfacet
 facet normal  0.000000e+00  0.000000e+00  1.000000e+00
   outer loop
     vertex  1.326464e+02 -9.532855e+01  1.510000e+00
     vertex  1.326464e+02 -9.912145e+01  1.510000e+00
     vertex  1.327500e+02 -9.904199e+01  1.510000e+00
   endloop
 endfacet
 facet normal  0.000000e+00  0.000000e+00  1.000000e+00
   outer loop
     vertex  1.220670e+02 -8.472500e+01  1.510000e+00
     vertex  1.183536e+02 -8.482855e+01  1.510000e+00
     vertex  1.221464e+02 -8.482856e+01  1.510000e+00
   endloop
 endfacet
 facet normal  0.000000e+00  0.000000e+00  1.000000e+00
   outer loop
     vertex  1.220670e+02 -8.472500e+01  1.510000e+00
     vertex  1.184330e+02 -8.472500e+01  1.510000e+00
     vertex  1.183536e+02 -8.482855e+01  1.510000e+00
   endloop
 endfacet
 facet normal  0.000000e+00  0.000000e+00  1.000000e+00
   outer loop
     vertex  1.222500e+02 -8.490802e+01  1.510000e+00
     vertex  1.182500e+02 -9.254198e+01  1.510000e+00
     vertex  1.222500e+02 -9.254199e+01  1.510000e+00
   endloop
 endfacet
 facet normal  0.000000e+00  0.000000e+00  1.000000e+00
   outer loop
     vertex  1.222500e+02 -8.490802e+01  1.510000e+00
     vertex  1.182500e+02 -8.490801e+01  1.510000e+00
     vertex  1.182500e+02 -9.254198e+01  1.510000e+00
   endloop
 endfacet
 facet normal  0.000000e+00  0.000000e+00  1.000000e+00
   outer loop
     vertex  1.222500e+02 -8.490802e+01  1.510000e+00
     vertex  1.221464e+02 -8.482856e+01  1.510000e+00
     vertex  1.182500e+02 -8.490801e+01  1.510000e+00
   endloop
 endfacet
 facet normal  0.000000e+00  0.000000e+00  1.000000e+00
   outer loop
     vertex  1.327500e+02 -9.540801e+01  1.510000e+00
     vertex  1.326464e+02 -9.532855e+01  1.510000e+00
     vertex  1.327500e+02 -9.904199e+01  1.510000e+00
   endloop
 endfacet
 facet normal  0.000000e+00  0.000000e+00  1.000000e+00
   outer loop
     vertex  1.327500e+02 -9.540801e+01  1.510000e+00
     vertex  1.327500e+02 -9.904199e+01  1.510000e+00
     vertex  1.328706e+02 -9.899204e+01  1.510000e+00
   endloop
 endfacet
 facet normal  0.000000e+00  0.000000e+00  1.000000e+00
   outer loop
     vertex  1.325670e+02 -9.522500e+01  1.510000e+00
     vertex  1.326464e+02 -9.912145e+01  1.510000e+00
     vertex  1.326464e+02 -9.532855e+01  1.510000e+00
   endloop
 endfacet
 facet normal  0.000000e+00  0.000000e+00  1.000000e+00
   outer loop
     vertex  1.325670e+02 -9.522500e+01  1.510000e+00
     vertex  1.249330e+02 -9.522500e+01  1.510000e+00
     vertex  1.325670e+02 -9.922500e+01  1.510000e+00
   endloop
 endfacet
 facet normal  0.000000e+00  0.000000e+00  1.000000e+00
   outer loop
     vertex  1.325670e+02 -9.522500e+01  1.510000e+00
     vertex  1.325670e+02 -9.922500e+01  1.510000e+00
     vertex  1.326464e+02 -9.912145e+01  1.510000e+00
   endloop
 endfacet
 facet normal  0.000000e+00  0.000000e+00  1.000000e+00
   outer loop
     vertex  1.325670e+02 -9.522500e+01  1.510000e+00
     vertex  1.249830e+02 -9.510441e+01  1.510000e+00
     vertex  1.249330e+02 -9.522500e+01  1.510000e+00
   endloop
 endfacet
 facet normal  0.000000e+00  0.000000e+00  1.000000e+00
   outer loop
     vertex  1.223706e+02 -8.495797e+01  1.510000e+00
     vertex  1.222500e+02 -8.490802e+01  1.510000e+00
     vertex  1.222500e+02 -9.254199e+01  1.510000e+00
   endloop
 endfacet
 facet normal  0.000000e+00  0.000000e+00  1.000000e+00
   outer loop
     vertex  1.223706e+02 -8.495797e+01  1.510000e+00
     vertex  1.222500e+02 -9.254199e+01  1.510000e+00
     vertex  1.223706e+02 -9.249204e+01  1.510000e+00
   endloop
 endfacet
 facet normal  0.000000e+00  0.000000e+00  1.000000e+00
   outer loop
     vertex  1.220170e+02 -8.460441e+01  1.510000e+00
     vertex  1.184330e+02 -8.472500e+01  1.510000e+00
     vertex  1.220670e+02 -8.472500e+01  1.510000e+00
   endloop
 endfacet
 facet normal  0.000000e+00  0.000000e+00  1.000000e+00
   outer loop
     vertex  1.220170e+02 -8.460441e+01  1.510000e+00
     vertex  1.184830e+02 -8.460441e+01  1.510000e+00
     vertex  1.184330e+02 -8.472500e+01  1.510000e+00
   endloop
 endfacet
 facet normal  0.000000e+00  0.000000e+00  1.000000e+00
   outer loop
     vertex  1.328706e+02 -9.545796e+01  1.510000e+00
     vertex  1.328706e+02 -9.899204e+01  1.510000e+00
     vertex  1.330000e+02 -9.897500e+01  1.510000e+00
   endloop
 endfacet
 facet normal  0.000000e+00  0.000000e+00  1.000000e+00
   outer loop
     vertex  1.328706e+02 -9.545796e+01  1.510000e+00
     vertex  1.327500e+02 -9.540801e+01  1.510000e+00
     vertex  1.328706e+02 -9.899204e+01  1.510000e+00
   endloop
 endfacet
 facet normal  0.000000e+00  0.000000e+00  1.000000e+00
   outer loop
     vertex  1.325170e+02 -9.510441e+01  1.510000e+00
     vertex  1.249830e+02 -9.510441e+01  1.510000e+00
     vertex  1.325670e+02 -9.522500e+01  1.510000e+00
   endloop
 endfacet
 facet normal  0.000000e+00  0.000000e+00  1.000000e+00
   outer loop
     vertex  1.325170e+02 -9.510441e+01  1.510000e+00
     vertex  1.250000e+02 -9.497500e+01  1.510000e+00
     vertex  1.249830e+02 -9.510441e+01  1.510000e+00
   endloop
 endfacet
 facet normal  0.000000e+00  0.000000e+00  1.000000e+00
   outer loop
     vertex  1.225000e+02 -8.497500e+01  1.510000e+00
     vertex  1.223706e+02 -8.495797e+01  1.510000e+00
     vertex  1.223706e+02 -9.249204e+01  1.510000e+00
   endloop
 endfacet
 facet normal  0.000000e+00  0.000000e+00  1.000000e+00
   outer loop
     vertex  1.225000e+02 -8.497500e+01  1.510000e+00
     vertex  1.223706e+02 -9.249204e+01  1.510000e+00
     vertex  1.225000e+02 -9.247500e+01  1.510000e+00
   endloop
 endfacet
 facet normal  0.000000e+00  0.000000e+00  1.000000e+00
   outer loop
     vertex  1.220000e+02 -8.447500e+01  1.510000e+00
     vertex  1.184830e+02 -8.460441e+01  1.510000e+00
     vertex  1.220170e+02 -8.460441e+01  1.510000e+00
   endloop
 endfacet
 facet normal  0.000000e+00  0.000000e+00  1.000000e+00
   outer loop
     vertex  1.220000e+02 -8.447500e+01  1.510000e+00
     vertex  1.185000e+02 -8.447500e+01  1.510000e+00
     vertex  1.184830e+02 -8.460441e+01  1.510000e+00
   endloop
 endfacet
 facet normal  0.000000e+00  0.000000e+00  1.000000e+00
   outer loop
     vertex  1.330000e+02 -9.547500e+01  1.510000e+00
     vertex  1.328706e+02 -9.545796e+01  1.510000e+00
     vertex  1.330000e+02 -9.897500e+01  1.510000e+00
   endloop
 endfacet
 facet normal  0.000000e+00  0.000000e+00  1.000000e+00
   outer loop
     vertex  1.330000e+02 -9.547500e+01  1.510000e+00
     vertex  1.330000e+02 -9.897500e+01  1.510000e+00
     vertex  1.331294e+02 -9.899204e+01  1.510000e+00
   endloop
 endfacet
 facet normal  0.000000e+00  0.000000e+00  1.000000e+00
   outer loop
     vertex  1.325000e+02 -9.497500e+01  1.510000e+00
     vertex  1.250000e+02 -9.497500e+01  1.510000e+00
     vertex  1.325170e+02 -9.510441e+01  1.510000e+00
   endloop
 endfacet
 facet normal  0.000000e+00  0.000000e+00  1.000000e+00
   outer loop
     vertex  1.220170e+02 -8.434559e+01  1.510000e+00
     vertex  1.185000e+02 -8.447500e+01  1.510000e+00
     vertex  1.220000e+02 -8.447500e+01  1.510000e+00
   endloop
 endfacet
 facet normal  0.000000e+00  0.000000e+00  1.000000e+00
   outer loop
     vertex  1.220170e+02 -8.434559e+01  1.510000e+00
     vertex  1.184830e+02 -8.434559e+01  1.510000e+00
     vertex  1.185000e+02 -8.447500e+01  1.510000e+00
   endloop
 endfacet
 facet normal  0.000000e+00  0.000000e+00  1.000000e+00
   outer loop
     vertex  1.331294e+02 -9.545796e+01  1.510000e+00
     vertex  1.331294e+02 -9.899204e+01  1.510000e+00
     vertex  1.332500e+02 -9.904199e+01  1.510000e+00
   endloop
 endfacet
 facet normal  0.000000e+00  0.000000e+00  1.000000e+00
   outer loop
     vertex  1.331294e+02 -9.545796e+01  1.510000e+00
     vertex  1.330000e+02 -9.547500e+01  1.510000e+00
     vertex  1.331294e+02 -9.899204e+01  1.510000e+00
   endloop
 endfacet
 facet normal  0.000000e+00  0.000000e+00  1.000000e+00
   outer loop
     vertex  1.287500e+02 -9.097500e+01  1.510000e+00
     vertex  1.325000e+02 -9.497500e+01  1.510000e+00
     vertex  1.325170e+02 -9.484559e+01  1.510000e+00
   endloop
 endfacet
 facet normal  0.000000e+00  0.000000e+00  1.000000e+00
   outer loop
     vertex  1.287500e+02 -9.097500e+01  1.510000e+00
     vertex  1.281677e+02 -9.089833e+01  1.510000e+00
     vertex  1.249830e+02 -9.484559e+01  1.510000e+00
   endloop
 endfacet
 facet normal  0.000000e+00  0.000000e+00  1.000000e+00
   outer loop
     vertex  1.287500e+02 -9.097500e+01  1.510000e+00
     vertex  1.250000e+02 -9.497500e+01  1.510000e+00
     vertex  1.325000e+02 -9.497500e+01  1.510000e+00
   endloop
 endfacet
 facet normal  0.000000e+00  0.000000e+00  1.000000e+00
   outer loop
     vertex  1.287500e+02 -9.097500e+01  1.510000e+00
     vertex  1.249830e+02 -9.484559e+01  1.510000e+00
     vertex  1.250000e+02 -9.497500e+01  1.510000e+00
   endloop
 endfacet
 facet normal  0.000000e+00  0.000000e+00  1.000000e+00
   outer loop
     vertex  1.265000e+02 -8.872500e+01  1.510000e+00
     vertex  1.226294e+02 -8.495797e+01  1.510000e+00
     vertex  1.225000e+02 -8.497500e+01  1.510000e+00
   endloop
 endfacet
 facet normal  0.000000e+00  0.000000e+00  1.000000e+00
   outer loop
     vertex  1.265000e+02 -8.872500e+01  1.510000e+00
     vertex  1.225000e+02 -8.497500e+01  1.510000e+00
     vertex  1.225000e+02 -9.247500e+01  1.510000e+00
   endloop
 endfacet
 facet normal  0.000000e+00  0.000000e+00  1.000000e+00
   outer loop
     vertex  1.265000e+02 -8.872500e+01  1.510000e+00
     vertex  1.225000e+02 -9.247500e+01  1.510000e+00
     vertex  1.226294e+02 -9.249204e+01  1.510000e+00
   endloop
 endfacet
 facet normal  0.000000e+00  0.000000e+00  1.000000e+00
   outer loop
     vertex  1.265000e+02 -8.872500e+01  1.510000e+00
     vertex  1.226294e+02 -9.249204e+01  1.510000e+00
     vertex  1.265767e+02 -8.930734e+01  1.510000e+00
   endloop
 endfacet
 facet normal  0.000000e+00  0.000000e+00  1.000000e+00
   outer loop
     vertex  1.220670e+02 -8.422500e+01  1.510000e+00
     vertex  1.184830e+02 -8.434559e+01  1.510000e+00
     vertex  1.220170e+02 -8.434559e+01  1.510000e+00
   endloop
 endfacet
 facet normal  0.000000e+00  0.000000e+00  1.000000e+00
   outer loop
     vertex  1.220670e+02 -8.422500e+01  1.510000e+00
     vertex  1.184330e+02 -8.422500e+01  1.510000e+00
     vertex  1.184830e+02 -8.434559e+01  1.510000e+00
   endloop
 endfacet
 facet normal  0.000000e+00  0.000000e+00  1.000000e+00
   outer loop
     vertex  1.332500e+02 -9.540801e+01  1.510000e+00
     vertex  1.331294e+02 -9.545796e+01  1.510000e+00
     vertex  1.332500e+02 -9.904199e+01  1.510000e+00
   endloop
 endfacet
 facet normal  0.000000e+00  0.000000e+00  1.000000e+00
   outer loop
     vertex  1.332500e+02 -9.540801e+01  1.510000e+00
     vertex  1.332500e+02 -9.904199e+01  1.510000e+00
     vertex  1.333536e+02 -9.912145e+01  1.510000e+00
   endloop
 endfacet
 facet normal  0.000000e+00  0.000000e+00  1.000000e+00
   outer loop
     vertex  1.221464e+02 -8.412145e+01  1.510000e+00
     vertex  1.184330e+02 -8.422500e+01  1.510000e+00
     vertex  1.220670e+02 -8.422500e+01  1.510000e+00
   endloop
 endfacet
 facet normal  0.000000e+00  0.000000e+00  1.000000e+00
   outer loop
     vertex  1.221464e+02 -8.412145e+01  1.510000e+00
     vertex  1.183536e+02 -8.412145e+01  1.510000e+00
     vertex  1.184330e+02 -8.422500e+01  1.510000e+00
   endloop
 endfacet
 facet normal  0.000000e+00  0.000000e+00  1.000000e+00
   outer loop
     vertex  1.333536e+02 -9.532855e+01  1.510000e+00
     vertex  1.332500e+02 -9.540801e+01  1.510000e+00
     vertex  1.333536e+02 -9.912145e+01  1.510000e+00
   endloop
 endfacet
 facet normal  0.000000e+00  0.000000e+00  1.000000e+00
   outer loop
     vertex  1.333536e+02 -9.532855e+01  1.510000e+00
     vertex  1.333536e+02 -9.912145e+01  1.510000e+00
     vertex  1.334330e+02 -9.922500e+01  1.510000e+00
   endloop
 endfacet
 facet normal  0.000000e+00  0.000000e+00  1.000000e+00
   outer loop
     vertex  1.222500e+02 -8.404199e+01  1.510000e+00
     vertex  1.183536e+02 -8.412145e+01  1.510000e+00
     vertex  1.221464e+02 -8.412145e+01  1.510000e+00
   endloop
 endfacet
 facet normal  0.000000e+00  0.000000e+00  1.000000e+00
   outer loop
     vertex  1.222500e+02 -8.404199e+01  1.510000e+00
     vertex  1.182500e+02 -8.404199e+01  1.510000e+00
     vertex  1.183536e+02 -8.412145e+01  1.510000e+00
   endloop
 endfacet
 facet normal  0.000000e+00  0.000000e+00  1.000000e+00
   outer loop
     vertex  1.334330e+02 -9.522500e+01  1.510000e+00
     vertex  1.333536e+02 -9.532855e+01  1.510000e+00
     vertex  1.334330e+02 -9.922500e+01  1.510000e+00
   endloop
 endfacet
 facet normal  0.000000e+00  0.000000e+00  1.000000e+00
   outer loop
     vertex  1.265767e+02 -8.814266e+01  1.510000e+00
     vertex  1.227500e+02 -8.490802e+01  1.510000e+00
     vertex  1.226294e+02 -8.495797e+01  1.510000e+00
   endloop
 endfacet
 facet normal  0.000000e+00  0.000000e+00  1.000000e+00
   outer loop
     vertex  1.265767e+02 -8.814266e+01  1.510000e+00
     vertex  1.226294e+02 -8.495797e+01  1.510000e+00
     vertex  1.265000e+02 -8.872500e+01  1.510000e+00
   endloop
 endfacet
 facet normal  0.000000e+00  0.000000e+00  1.000000e+00
   outer loop
     vertex  1.293323e+02 -9.089833e+01  1.510000e+00
     vertex  1.325170e+02 -9.484559e+01  1.510000e+00
     vertex  1.325670e+02 -9.472500e+01  1.510000e+00
   endloop
 endfacet
 facet normal  0.000000e+00  0.000000e+00  1.000000e+00
   outer loop
     vertex  1.293323e+02 -9.089833e+01  1.510000e+00
     vertex  1.287500e+02 -9.097500e+01  1.510000e+00
     vertex  1.325170e+02 -9.484559e+01  1.510000e+00
   endloop
 endfacet
 facet normal  0.000000e+00  0.000000e+00  1.000000e+00
   outer loop
     vertex  1.388407e+02 -1.002500e+02  1.510000e+00
     vertex  1.379023e+02 -1.022267e+02  1.510000e+00
     vertex  1.390075e+02 -1.004675e+02  1.510000e+00
   endloop
 endfacet
 facet normal  0.000000e+00  0.000000e+00  1.000000e+00
   outer loop
     vertex  1.392250e+02 -1.006343e+02  1.510000e+00
     vertex  1.390075e+02 -1.004675e+02  1.510000e+00
     vertex  1.379023e+02 -1.022267e+02  1.510000e+00
   endloop
 endfacet
 facet normal  0.000000e+00  0.000000e+00  1.000000e+00
   outer loop
     vertex  1.168407e+02 -7.825000e+01  1.510000e+00
     vertex  1.152500e+02 -7.920000e+01  1.510000e+00
     vertex  1.170075e+02 -7.846746e+01  1.510000e+00
   endloop
 endfacet
 facet normal  0.000000e+00  0.000000e+00  1.000000e+00
   outer loop
     vertex  1.172250e+02 -7.863433e+01  1.510000e+00
     vertex  1.170075e+02 -7.846746e+01  1.510000e+00
     vertex  1.152500e+02 -7.920000e+01  1.510000e+00
   endloop
 endfacet
 facet normal  0.000000e+00  0.000000e+00  1.000000e+00
   outer loop
     vertex  1.394782e+02 -1.007392e+02  1.510000e+00
     vertex  1.392250e+02 -1.006343e+02  1.510000e+00
     vertex  1.379023e+02 -1.022267e+02  1.510000e+00
   endloop
 endfacet
 facet normal  0.000000e+00  0.000000e+00  1.000000e+00
   outer loop
     vertex  1.387358e+02 -9.999676e+01  1.510000e+00
     vertex  1.379023e+02 -1.022267e+02  1.510000e+00
     vertex  1.388407e+02 -1.002500e+02  1.510000e+00
   endloop
 endfacet
 facet normal  0.000000e+00  0.000000e+00  1.000000e+00
   outer loop
     vertex  1.387358e+02 -9.999676e+01  1.510000e+00
     vertex  1.334830e+02 -9.960441e+01  1.510000e+00
     vertex  1.379023e+02 -1.022267e+02  1.510000e+00
   endloop
 endfacet
 facet normal  0.000000e+00  0.000000e+00  1.000000e+00
   outer loop
     vertex  1.174782e+02 -7.873922e+01  1.510000e+00
     vertex  1.172250e+02 -7.863433e+01  1.510000e+00
     vertex  1.152500e+02 -7.920000e+01  1.510000e+00
   endloop
 endfacet
 facet normal  0.000000e+00  0.000000e+00  1.000000e+00
   outer loop
     vertex  1.174782e+02 -7.873922e+01  1.510000e+00
     vertex  1.152500e+02 -7.920000e+01  1.510000e+00
     vertex  1.178706e+02 -8.399204e+01  1.510000e+00
   endloop
 endfacet
 facet normal  0.000000e+00  0.000000e+00  1.000000e+00
   outer loop
     vertex  1.167358e+02 -7.799676e+01  1.510000e+00
     vertex  1.152500e+02 -7.920000e+01  1.510000e+00
     vertex  1.168407e+02 -7.825000e+01  1.510000e+00
   endloop
 endfacet
 facet normal  0.000000e+00  0.000000e+00  1.000000e+00
   outer loop
     vertex  1.397500e+02 -1.007750e+02  1.510000e+00
     vertex  1.394782e+02 -1.007392e+02  1.510000e+00
     vertex  1.379023e+02 -1.022267e+02  1.510000e+00
   endloop
 endfacet
 facet normal  0.000000e+00  0.000000e+00  1.000000e+00
   outer loop
     vertex  1.387000e+02 -9.972500e+01  1.510000e+00
     vertex  1.334830e+02 -9.960441e+01  1.510000e+00
     vertex  1.387358e+02 -9.999676e+01  1.510000e+00
   endloop
 endfacet
 facet normal  0.000000e+00  0.000000e+00  1.000000e+00
   outer loop
     vertex  1.387000e+02 -9.972500e+01  1.510000e+00
     vertex  1.335000e+02 -9.947500e+01  1.510000e+00
     vertex  1.334830e+02 -9.960441e+01  1.510000e+00
   endloop
 endfacet
 facet normal  0.000000e+00  0.000000e+00  1.000000e+00
   outer loop
     vertex  1.177500e+02 -7.877500e+01  1.510000e+00
     vertex  1.174782e+02 -7.873922e+01  1.510000e+00
     vertex  1.178706e+02 -8.399204e+01  1.510000e+00
   endloop
 endfacet
 facet normal  0.000000e+00  0.000000e+00  1.000000e+00
   outer loop
     vertex  1.177500e+02 -7.877500e+01  1.510000e+00
     vertex  1.178706e+02 -8.399204e+01  1.510000e+00
     vertex  1.180000e+02 -8.397500e+01  1.510000e+00
   endloop
 endfacet
 facet normal  0.000000e+00  0.000000e+00  1.000000e+00
   outer loop
     vertex  1.167000e+02 -7.772500e+01  1.510000e+00
     vertex  1.152500e+02 -7.920000e+01  1.510000e+00
     vertex  1.167358e+02 -7.799676e+01  1.510000e+00
   endloop
 endfacet
 facet normal  0.000000e+00  0.000000e+00  1.000000e+00
   outer loop
     vertex  1.298750e+02 -9.067356e+01  1.510000e+00
     vertex  1.325670e+02 -9.472500e+01  1.510000e+00
     vertex  1.326464e+02 -9.462145e+01  1.510000e+00
   endloop
 endfacet
 facet normal  0.000000e+00  0.000000e+00  1.000000e+00
   outer loop
     vertex  1.298750e+02 -9.067356e+01  1.510000e+00
     vertex  1.326464e+02 -9.462145e+01  1.510000e+00
     vertex  1.327500e+02 -9.454199e+01  1.510000e+00
   endloop
 endfacet
 facet normal  0.000000e+00  0.000000e+00  1.000000e+00
   outer loop
     vertex  1.298750e+02 -9.067356e+01  1.510000e+00
     vertex  1.293323e+02 -9.089833e+01  1.510000e+00
     vertex  1.325670e+02 -9.472500e+01  1.510000e+00
   endloop
 endfacet
 facet normal  0.000000e+00  0.000000e+00  1.000000e+00
   outer loop
     vertex  1.268014e+02 -8.760000e+01  1.510000e+00
     vertex  1.229330e+02 -8.472500e+01  1.510000e+00
     vertex  1.228536e+02 -8.482856e+01  1.510000e+00
   endloop
 endfacet
 facet normal  0.000000e+00  0.000000e+00  1.000000e+00
   outer loop
     vertex  1.268014e+02 -8.760000e+01  1.510000e+00
     vertex  1.228536e+02 -8.482856e+01  1.510000e+00
     vertex  1.227500e+02 -8.490802e+01  1.510000e+00
   endloop
 endfacet
 facet normal  0.000000e+00  0.000000e+00  1.000000e+00
   outer loop
     vertex  1.268014e+02 -8.760000e+01  1.510000e+00
     vertex  1.227500e+02 -8.490802e+01  1.510000e+00
     vertex  1.265767e+02 -8.814266e+01  1.510000e+00
   endloop
 endfacet
 facet normal  0.000000e+00  0.000000e+00  1.000000e+00
   outer loop
     vertex  1.387358e+02 -9.945324e+01  1.510000e+00
     vertex  1.335000e+02 -9.947500e+01  1.510000e+00
     vertex  1.387000e+02 -9.972500e+01  1.510000e+00
   endloop
 endfacet
 facet normal  0.000000e+00  0.000000e+00  1.000000e+00
   outer loop
     vertex  1.387358e+02 -9.945324e+01  1.510000e+00
     vertex  1.334830e+02 -9.934559e+01  1.510000e+00
     vertex  1.335000e+02 -9.947500e+01  1.510000e+00
   endloop
 endfacet
 facet normal  0.000000e+00  0.000000e+00  1.000000e+00
   outer loop
     vertex  1.180218e+02 -7.873922e+01  1.510000e+00
     vertex  1.177500e+02 -7.877500e+01  1.510000e+00
     vertex  1.180000e+02 -8.397500e+01  1.510000e+00
   endloop
 endfacet
 facet normal  0.000000e+00  0.000000e+00  1.000000e+00
   outer loop
     vertex  1.180218e+02 -7.873922e+01  1.510000e+00
     vertex  1.180000e+02 -8.397500e+01  1.510000e+00
     vertex  1.181294e+02 -8.399204e+01  1.510000e+00
   endloop
 endfacet
 facet normal  0.000000e+00  0.000000e+00  1.000000e+00
   outer loop
     vertex  1.167358e+02 -7.745324e+01  1.510000e+00
     vertex  1.152500e+02 -7.920000e+01  1.510000e+00
     vertex  1.167000e+02 -7.772500e+01  1.510000e+00
   endloop
 endfacet
 facet normal  0.000000e+00  0.000000e+00  1.000000e+00
   outer loop
     vertex  1.388407e+02 -9.920000e+01  1.510000e+00
     vertex  1.334830e+02 -9.934559e+01  1.510000e+00
     vertex  1.387358e+02 -9.945324e+01  1.510000e+00
   endloop
 endfacet
 facet normal  0.000000e+00  0.000000e+00  1.000000e+00
   outer loop
     vertex  1.388407e+02 -9.920000e+01  1.510000e+00
     vertex  1.334330e+02 -9.922500e+01  1.510000e+00
     vertex  1.334830e+02 -9.934559e+01  1.510000e+00
   endloop
 endfacet
 facet normal  0.000000e+00  0.000000e+00  1.000000e+00
   outer loop
     vertex  1.388407e+02 -9.920000e+01  1.510000e+00
     vertex  1.334330e+02 -9.522500e+01  1.510000e+00
     vertex  1.334330e+02 -9.922500e+01  1.510000e+00
   endloop
 endfacet
 facet normal  0.000000e+00  0.000000e+00  1.000000e+00
   outer loop
     vertex  1.182750e+02 -7.863433e+01  1.510000e+00
     vertex  1.180218e+02 -7.873922e+01  1.510000e+00
     vertex  1.181294e+02 -8.399204e+01  1.510000e+00
   endloop
 endfacet
 facet normal  0.000000e+00  0.000000e+00  1.000000e+00
   outer loop
     vertex  1.182750e+02 -7.863433e+01  1.510000e+00
     vertex  1.182500e+02 -8.404199e+01  1.510000e+00
     vertex  1.222500e+02 -8.404199e+01  1.510000e+00
   endloop
 endfacet
 facet normal  0.000000e+00  0.000000e+00  1.000000e+00
   outer loop
     vertex  1.182750e+02 -7.863433e+01  1.510000e+00
     vertex  1.181294e+02 -8.399204e+01  1.510000e+00
     vertex  1.182500e+02 -8.404199e+01  1.510000e+00
   endloop
 endfacet
 facet normal  0.000000e+00  0.000000e+00  1.000000e+00
   outer loop
     vertex  1.422500e+02 -1.022250e+02  1.510000e+00
     vertex  1.397500e+02 -1.007750e+02  1.510000e+00
     vertex  1.379023e+02 -1.022267e+02  1.510000e+00
   endloop
 endfacet
 facet normal  0.000000e+00  0.000000e+00  1.000000e+00
   outer loop
     vertex  1.422500e+02 -1.022250e+02  1.510000e+00
     vertex  1.402750e+02 -1.006343e+02  1.510000e+00
     vertex  1.400218e+02 -1.007392e+02  1.510000e+00
   endloop
 endfacet
 facet normal  0.000000e+00  0.000000e+00  1.000000e+00
   outer loop
     vertex  1.422500e+02 -1.022250e+02  1.510000e+00
     vertex  1.400218e+02 -1.007392e+02  1.510000e+00
     vertex  1.397500e+02 -1.007750e+02  1.510000e+00
   endloop
 endfacet
 facet normal  0.000000e+00  0.000000e+00  1.000000e+00
   outer loop
     vertex  1.404925e+02 -1.004675e+02  1.510000e+00
     vertex  1.402750e+02 -1.006343e+02  1.510000e+00
     vertex  1.422500e+02 -1.022250e+02  1.510000e+00
   endloop
 endfacet
 facet normal  0.000000e+00  0.000000e+00  1.000000e+00
   outer loop
     vertex  1.390075e+02 -9.898254e+01  1.510000e+00
     vertex  1.334330e+02 -9.522500e+01  1.510000e+00
     vertex  1.388407e+02 -9.920000e+01  1.510000e+00
   endloop
 endfacet
 facet normal  0.000000e+00  0.000000e+00  1.000000e+00
   outer loop
     vertex  1.271590e+02 -8.713401e+01  1.510000e+00
     vertex  1.229830e+02 -8.460441e+01  1.510000e+00
     vertex  1.229330e+02 -8.472500e+01  1.510000e+00
   endloop
 endfacet
 facet normal  0.000000e+00  0.000000e+00  1.000000e+00
   outer loop
     vertex  1.271590e+02 -8.713401e+01  1.510000e+00
     vertex  1.229330e+02 -8.472500e+01  1.510000e+00
     vertex  1.268014e+02 -8.760000e+01  1.510000e+00
   endloop
 endfacet
 facet normal  0.000000e+00  0.000000e+00  1.000000e+00
   outer loop
     vertex  1.303410e+02 -9.031599e+01  1.510000e+00
     vertex  1.298750e+02 -9.067356e+01  1.510000e+00
     vertex  1.327500e+02 -9.454199e+01  1.510000e+00
   endloop
 endfacet
 facet normal  0.000000e+00  0.000000e+00  1.000000e+00
   outer loop
     vertex  1.303410e+02 -9.031599e+01  1.510000e+00
     vertex  1.327500e+02 -9.454199e+01  1.510000e+00
     vertex  1.328706e+02 -9.449204e+01  1.510000e+00
   endloop
 endfacet
 facet normal  0.000000e+00  0.000000e+00  1.000000e+00
   outer loop
     vertex  1.184925e+02 -7.846746e+01  1.510000e+00
     vertex  1.182750e+02 -7.863433e+01  1.510000e+00
     vertex  1.222500e+02 -8.404199e+01  1.510000e+00
   endloop
 endfacet
 facet normal  0.000000e+00  0.000000e+00  1.000000e+00
   outer loop
     vertex  1.152500e+02 -7.522500e+01  1.510000e+00
     vertex  1.167358e+02 -7.745324e+01  1.510000e+00
     vertex  1.168407e+02 -7.720000e+01  1.510000e+00
   endloop
 endfacet
 facet normal  0.000000e+00  0.000000e+00  1.000000e+00
   outer loop
     vertex  1.152500e+02 -7.522500e+01  1.510000e+00
     vertex  1.168407e+02 -7.720000e+01  1.510000e+00
     vertex  1.170075e+02 -7.698254e+01  1.510000e+00
   endloop
 endfacet
 facet normal  0.000000e+00  0.000000e+00  1.000000e+00
   outer loop
     vertex  1.152500e+02 -7.522500e+01  1.510000e+00
     vertex  1.152500e+02 -7.920000e+01  1.510000e+00
     vertex  1.167358e+02 -7.745324e+01  1.510000e+00
   endloop
 endfacet
 facet normal  0.000000e+00  0.000000e+00  1.000000e+00
   outer loop
     vertex  1.406593e+02 -1.002500e+02  1.510000e+00
     vertex  1.404925e+02 -1.004675e+02  1.510000e+00
     vertex  1.422500e+02 -1.022250e+02  1.510000e+00
   endloop
 endfacet
 facet normal  0.000000e+00  0.000000e+00  1.000000e+00
   outer loop
     vertex  1.407642e+02 -9.999676e+01  1.510000e+00
     vertex  1.406593e+02 -1.002500e+02  1.510000e+00
     vertex  1.422500e+02 -1.022250e+02  1.510000e+00
   endloop
 endfacet
 facet normal  0.000000e+00  0.000000e+00  1.000000e+00
   outer loop
     vertex  1.408000e+02 -9.972500e+01  1.510000e+00
     vertex  1.407642e+02 -9.999676e+01  1.510000e+00
     vertex  1.422500e+02 -1.022250e+02  1.510000e+00
   endloop
 endfacet
 facet normal  0.000000e+00  0.000000e+00  1.000000e+00
   outer loop
     vertex  1.407642e+02 -9.945324e+01  1.510000e+00
     vertex  1.408000e+02 -9.972500e+01  1.510000e+00
     vertex  1.422500e+02 -1.022250e+02  1.510000e+00
   endloop
 endfacet
 facet normal  0.000000e+00  0.000000e+00  1.000000e+00
   outer loop
     vertex  1.346464e+02 -9.332855e+01  1.510000e+00
     vertex  1.332500e+02 -9.454199e+01  1.510000e+00
     vertex  1.333536e+02 -9.462145e+01  1.510000e+00
   endloop
 endfacet
 facet normal  0.000000e+00  0.000000e+00  1.000000e+00
   outer loop
     vertex  1.347500e+02 -9.340801e+01  1.510000e+00
     vertex  1.333536e+02 -9.462145e+01  1.510000e+00
     vertex  1.334330e+02 -9.472500e+01  1.510000e+00
   endloop
 endfacet
 facet normal  0.000000e+00  0.000000e+00  1.000000e+00
   outer loop
     vertex  1.347500e+02 -9.340801e+01  1.510000e+00
     vertex  1.346464e+02 -9.332855e+01  1.510000e+00
     vertex  1.333536e+02 -9.462145e+01  1.510000e+00
   endloop
 endfacet
 facet normal  0.000000e+00  0.000000e+00  1.000000e+00
   outer loop
     vertex  1.345670e+02 -9.322499e+01  1.510000e+00
     vertex  1.332500e+02 -9.454199e+01  1.510000e+00
     vertex  1.346464e+02 -9.332855e+01  1.510000e+00
   endloop
 endfacet
 facet normal  0.000000e+00  0.000000e+00  1.000000e+00
   outer loop
     vertex  1.345670e+02 -9.322499e+01  1.510000e+00
     vertex  1.331294e+02 -9.449204e+01  1.510000e+00
     vertex  1.332500e+02 -9.454199e+01  1.510000e+00
   endloop
 endfacet
 facet normal  0.000000e+00  0.000000e+00  1.000000e+00
   outer loop
     vertex  1.241714e+02 -8.282856e+01  1.510000e+00
     vertex  1.228536e+02 -8.412145e+01  1.510000e+00
     vertex  1.229330e+02 -8.422500e+01  1.510000e+00
   endloop
 endfacet
 facet normal  0.000000e+00  0.000000e+00  1.000000e+00
   outer loop
     vertex  1.242750e+02 -8.290802e+01  1.510000e+00
     vertex  1.229330e+02 -8.422500e+01  1.510000e+00
     vertex  1.229830e+02 -8.434559e+01  1.510000e+00
   endloop
 endfacet
 facet normal  0.000000e+00  0.000000e+00  1.000000e+00
   outer loop
     vertex  1.242750e+02 -8.290802e+01  1.510000e+00
     vertex  1.241714e+02 -8.282856e+01  1.510000e+00
     vertex  1.229330e+02 -8.422500e+01  1.510000e+00
   endloop
 endfacet
 facet normal  0.000000e+00  0.000000e+00  1.000000e+00
   outer loop
     vertex  1.240920e+02 -8.272500e+01  1.510000e+00
     vertex  1.227500e+02 -8.404199e+01  1.510000e+00
     vertex  1.228536e+02 -8.412145e+01  1.510000e+00
   endloop
 endfacet
 facet normal  0.000000e+00  0.000000e+00  1.000000e+00
   outer loop
     vertex  1.240920e+02 -8.272500e+01  1.510000e+00
     vertex  1.228536e+02 -8.412145e+01  1.510000e+00
     vertex  1.241714e+02 -8.282856e+01  1.510000e+00
   endloop
 endfacet
 facet normal  0.000000e+00  0.000000e+00  1.000000e+00
   outer loop
     vertex  1.348706e+02 -9.345796e+01  1.510000e+00
     vertex  1.334330e+02 -9.472500e+01  1.510000e+00
     vertex  1.334830e+02 -9.484559e+01  1.510000e+00
   endloop
 endfacet
 facet normal  0.000000e+00  0.000000e+00  1.000000e+00
   outer loop
     vertex  1.348706e+02 -9.345796e+01  1.510000e+00
     vertex  1.347500e+02 -9.340801e+01  1.510000e+00
     vertex  1.334330e+02 -9.472500e+01  1.510000e+00
   endloop
 endfacet
 facet normal  0.000000e+00  0.000000e+00  1.000000e+00
   outer loop
     vertex  1.345170e+02 -9.310440e+01  1.510000e+00
     vertex  1.330000e+02 -9.447500e+01  1.510000e+00
     vertex  1.331294e+02 -9.449204e+01  1.510000e+00
   endloop
 endfacet
 facet normal  0.000000e+00  0.000000e+00  1.000000e+00
   outer loop
     vertex  1.345170e+02 -9.310440e+01  1.510000e+00
     vertex  1.331294e+02 -9.449204e+01  1.510000e+00
     vertex  1.345670e+02 -9.322499e+01  1.510000e+00
   endloop
 endfacet
 facet normal  0.000000e+00  0.000000e+00  1.000000e+00
   outer loop
     vertex  1.243956e+02 -8.295797e+01  1.510000e+00
     vertex  1.229830e+02 -8.434559e+01  1.510000e+00
     vertex  1.230000e+02 -8.447500e+01  1.510000e+00
   endloop
 endfacet
 facet normal  0.000000e+00  0.000000e+00  1.000000e+00
   outer loop
     vertex  1.243956e+02 -8.295797e+01  1.510000e+00
     vertex  1.242750e+02 -8.290802e+01  1.510000e+00
     vertex  1.229830e+02 -8.434559e+01  1.510000e+00
   endloop
 endfacet
 facet normal  0.000000e+00  0.000000e+00  1.000000e+00
   outer loop
     vertex  1.240420e+02 -8.260441e+01  1.510000e+00
     vertex  1.226294e+02 -8.399204e+01  1.510000e+00
     vertex  1.227500e+02 -8.404199e+01  1.510000e+00
   endloop
 endfacet
 facet normal  0.000000e+00  0.000000e+00  1.000000e+00
   outer loop
     vertex  1.240420e+02 -8.260441e+01  1.510000e+00
     vertex  1.227500e+02 -8.404199e+01  1.510000e+00
     vertex  1.240920e+02 -8.272500e+01  1.510000e+00
   endloop
 endfacet
 facet normal  0.000000e+00  0.000000e+00  1.000000e+00
   outer loop
     vertex  1.350000e+02 -9.347499e+01  1.510000e+00
     vertex  1.334830e+02 -9.484559e+01  1.510000e+00
     vertex  1.335000e+02 -9.497500e+01  1.510000e+00
   endloop
 endfacet
 facet normal  0.000000e+00  0.000000e+00  1.000000e+00
   outer loop
     vertex  1.350000e+02 -9.347499e+01  1.510000e+00
     vertex  1.348706e+02 -9.345796e+01  1.510000e+00
     vertex  1.334830e+02 -9.484559e+01  1.510000e+00
   endloop
 endfacet
 facet normal  0.000000e+00  0.000000e+00  1.000000e+00
   outer loop
     vertex  1.345000e+02 -9.297499e+01  1.510000e+00
     vertex  1.328706e+02 -9.449204e+01  1.510000e+00
     vertex  1.330000e+02 -9.447500e+01  1.510000e+00
   endloop
 endfacet
 facet normal  0.000000e+00  0.000000e+00  1.000000e+00
   outer loop
     vertex  1.345000e+02 -9.297499e+01  1.510000e+00
     vertex  1.330000e+02 -9.447500e+01  1.510000e+00
     vertex  1.345170e+02 -9.310440e+01  1.510000e+00
   endloop
 endfacet
 facet normal  0.000000e+00  0.000000e+00  1.000000e+00
   outer loop
     vertex  1.245250e+02 -8.297500e+01  1.510000e+00
     vertex  1.230000e+02 -8.447500e+01  1.510000e+00
     vertex  1.229830e+02 -8.460441e+01  1.510000e+00
   endloop
 endfacet
 facet normal  0.000000e+00  0.000000e+00  1.000000e+00
   outer loop
     vertex  1.245250e+02 -8.297500e+01  1.510000e+00
     vertex  1.243956e+02 -8.295797e+01  1.510000e+00
     vertex  1.230000e+02 -8.447500e+01  1.510000e+00
   endloop
 endfacet
 facet normal  0.000000e+00  0.000000e+00  1.000000e+00
   outer loop
     vertex  1.240250e+02 -8.247500e+01  1.510000e+00
     vertex  1.225000e+02 -8.397500e+01  1.510000e+00
     vertex  1.226294e+02 -8.399204e+01  1.510000e+00
   endloop
 endfacet
 facet normal  0.000000e+00  0.000000e+00  1.000000e+00
   outer loop
     vertex  1.240250e+02 -8.247500e+01  1.510000e+00
     vertex  1.226294e+02 -8.399204e+01  1.510000e+00
     vertex  1.240420e+02 -8.260441e+01  1.510000e+00
   endloop
 endfacet
 facet normal  0.000000e+00  0.000000e+00  1.000000e+00
   outer loop
     vertex  1.345170e+02 -9.284558e+01  1.510000e+00
     vertex  1.303410e+02 -9.031599e+01  1.510000e+00
     vertex  1.328706e+02 -9.449204e+01  1.510000e+00
   endloop
 endfacet
 facet normal  0.000000e+00  0.000000e+00  1.000000e+00
   outer loop
     vertex  1.345170e+02 -9.284558e+01  1.510000e+00
     vertex  1.328706e+02 -9.449204e+01  1.510000e+00
     vertex  1.345000e+02 -9.297499e+01  1.510000e+00
   endloop
 endfacet
 facet normal  0.000000e+00  0.000000e+00  1.000000e+00
   outer loop
     vertex  1.351294e+02 -9.345796e+01  1.510000e+00
     vertex  1.335000e+02 -9.497500e+01  1.510000e+00
     vertex  1.334830e+02 -9.510441e+01  1.510000e+00
   endloop
 endfacet
 facet normal  0.000000e+00  0.000000e+00  1.000000e+00
   outer loop
     vertex  1.351294e+02 -9.345796e+01  1.510000e+00
     vertex  1.350000e+02 -9.347499e+01  1.510000e+00
     vertex  1.335000e+02 -9.497500e+01  1.510000e+00
   endloop
 endfacet
 facet normal  0.000000e+00  0.000000e+00  1.000000e+00
   outer loop
     vertex  1.246544e+02 -8.295797e+01  1.510000e+00
     vertex  1.245250e+02 -8.297500e+01  1.510000e+00
     vertex  1.229830e+02 -8.460441e+01  1.510000e+00
   endloop
 endfacet
 facet normal  0.000000e+00  0.000000e+00  1.000000e+00
   outer loop
     vertex  1.246544e+02 -8.295797e+01  1.510000e+00
     vertex  1.229830e+02 -8.460441e+01  1.510000e+00
     vertex  1.271590e+02 -8.713401e+01  1.510000e+00
   endloop
 endfacet
 facet normal  0.000000e+00  0.000000e+00  1.000000e+00
   outer loop
     vertex  1.240420e+02 -8.234559e+01  1.510000e+00
     vertex  1.223706e+02 -8.399204e+01  1.510000e+00
     vertex  1.225000e+02 -8.397500e+01  1.510000e+00
   endloop
 endfacet
 facet normal  0.000000e+00  0.000000e+00  1.000000e+00
   outer loop
     vertex  1.240420e+02 -8.234559e+01  1.510000e+00
     vertex  1.225000e+02 -8.397500e+01  1.510000e+00
     vertex  1.240250e+02 -8.247500e+01  1.510000e+00
   endloop
 endfacet
 facet normal  0.000000e+00  0.000000e+00  1.000000e+00
   outer loop
     vertex  1.352500e+02 -9.340801e+01  1.510000e+00
     vertex  1.334830e+02 -9.510441e+01  1.510000e+00
     vertex  1.334330e+02 -9.522500e+01  1.510000e+00
   endloop
 endfacet
 facet normal  0.000000e+00  0.000000e+00  1.000000e+00
   outer loop
     vertex  1.352500e+02 -9.340801e+01  1.510000e+00
     vertex  1.351294e+02 -9.345796e+01  1.510000e+00
     vertex  1.334830e+02 -9.510441e+01  1.510000e+00
   endloop
 endfacet
 facet normal  0.000000e+00  0.000000e+00  1.000000e+00
   outer loop
     vertex  1.352500e+02 -9.340801e+01  1.510000e+00
     vertex  1.390075e+02 -9.898254e+01  1.510000e+00
     vertex  1.392250e+02 -9.881567e+01  1.510000e+00
   endloop
 endfacet
 facet normal  0.000000e+00  0.000000e+00  1.000000e+00
   outer loop
     vertex  1.352500e+02 -9.340801e+01  1.510000e+00
     vertex  1.334330e+02 -9.522500e+01  1.510000e+00
     vertex  1.390075e+02 -9.898254e+01  1.510000e+00
   endloop
 endfacet
 facet normal  0.000000e+00  0.000000e+00  1.000000e+00
   outer loop
     vertex  1.345670e+02 -9.272499e+01  1.510000e+00
     vertex  1.306986e+02 -8.985000e+01  1.510000e+00
     vertex  1.303410e+02 -9.031599e+01  1.510000e+00
   endloop
 endfacet
 facet normal  0.000000e+00  0.000000e+00  1.000000e+00
   outer loop
     vertex  1.345670e+02 -9.272499e+01  1.510000e+00
     vertex  1.303410e+02 -9.031599e+01  1.510000e+00
     vertex  1.345170e+02 -9.284558e+01  1.510000e+00
   endloop
 endfacet
 facet normal  0.000000e+00  0.000000e+00  1.000000e+00
   outer loop
     vertex  1.247750e+02 -8.290802e+01  1.510000e+00
     vertex  1.271590e+02 -8.713401e+01  1.510000e+00
     vertex  1.276250e+02 -8.677644e+01  1.510000e+00
   endloop
 endfacet
 facet normal  0.000000e+00  0.000000e+00  1.000000e+00
   outer loop
     vertex  1.247750e+02 -8.290802e+01  1.510000e+00
     vertex  1.246544e+02 -8.295797e+01  1.510000e+00
     vertex  1.271590e+02 -8.713401e+01  1.510000e+00
   endloop
 endfacet
 facet normal  0.000000e+00  0.000000e+00  1.000000e+00
   outer loop
     vertex  1.240920e+02 -8.222500e+01  1.510000e+00
     vertex  1.222500e+02 -8.404199e+01  1.510000e+00
     vertex  1.223706e+02 -8.399204e+01  1.510000e+00
   endloop
 endfacet
 facet normal  0.000000e+00  0.000000e+00  1.000000e+00
   outer loop
     vertex  1.240920e+02 -8.222500e+01  1.510000e+00
     vertex  1.223706e+02 -8.399204e+01  1.510000e+00
     vertex  1.240420e+02 -8.234559e+01  1.510000e+00
   endloop
 endfacet
 facet normal  0.000000e+00  0.000000e+00  1.000000e+00
   outer loop
     vertex  1.240920e+02 -8.222500e+01  1.510000e+00
     vertex  1.186593e+02 -7.825000e+01  1.510000e+00
     vertex  1.184925e+02 -7.846746e+01  1.510000e+00
   endloop
 endfacet
 facet normal  0.000000e+00  0.000000e+00  1.000000e+00
   outer loop
     vertex  1.240920e+02 -8.222500e+01  1.510000e+00
     vertex  1.184925e+02 -7.846746e+01  1.510000e+00
     vertex  1.222500e+02 -8.404199e+01  1.510000e+00
   endloop
 endfacet
 facet normal  0.000000e+00  0.000000e+00  1.000000e+00
   outer loop
     vertex  1.346464e+02 -9.262144e+01  1.510000e+00
     vertex  1.306986e+02 -8.985000e+01  1.510000e+00
     vertex  1.345670e+02 -9.272499e+01  1.510000e+00
   endloop
 endfacet
 facet normal  0.000000e+00  0.000000e+00  1.000000e+00
   outer loop
     vertex  1.248786e+02 -8.282856e+01  1.510000e+00
     vertex  1.276250e+02 -8.677644e+01  1.510000e+00
     vertex  1.281677e+02 -8.655167e+01  1.510000e+00
   endloop
 endfacet
 facet normal  0.000000e+00  0.000000e+00  1.000000e+00
   outer loop
     vertex  1.248786e+02 -8.282856e+01  1.510000e+00
     vertex  1.247750e+02 -8.290802e+01  1.510000e+00
     vertex  1.276250e+02 -8.677644e+01  1.510000e+00
   endloop
 endfacet
 facet normal  0.000000e+00  0.000000e+00  1.000000e+00
   outer loop
     vertex  1.172750e+02 -7.522500e+01  1.510000e+00
     vertex  1.170075e+02 -7.698254e+01  1.510000e+00
     vertex  1.172250e+02 -7.681567e+01  1.510000e+00
   endloop
 endfacet
 facet normal  0.000000e+00  0.000000e+00  1.000000e+00
   outer loop
     vertex  1.172750e+02 -7.522500e+01  1.510000e+00
     vertex  1.172250e+02 -7.681567e+01  1.510000e+00
     vertex  1.174782e+02 -7.671078e+01  1.510000e+00
   endloop
 endfacet
 facet normal  0.000000e+00  0.000000e+00  1.000000e+00
   outer loop
     vertex  1.172750e+02 -7.522500e+01  1.510000e+00
     vertex  1.174782e+02 -7.671078e+01  1.510000e+00
     vertex  1.177500e+02 -7.667500e+01  1.510000e+00
   endloop
 endfacet
 facet normal  0.000000e+00  0.000000e+00  1.000000e+00
   outer loop
     vertex  1.172750e+02 -7.522500e+01  1.510000e+00
     vertex  1.177500e+02 -7.667500e+01  1.510000e+00
     vertex  1.180218e+02 -7.671078e+01  1.510000e+00
   endloop
 endfacet
 facet normal  0.000000e+00  0.000000e+00  1.000000e+00
   outer loop
     vertex  1.172750e+02 -7.522500e+01  1.510000e+00
     vertex  1.180218e+02 -7.671078e+01  1.510000e+00
     vertex  1.182750e+02 -7.681567e+01  1.510000e+00
   endloop
 endfacet
 facet normal  0.000000e+00  0.000000e+00  1.000000e+00
   outer loop
     vertex  1.172750e+02 -7.522500e+01  1.510000e+00
     vertex  1.182750e+02 -7.681567e+01  1.510000e+00
     vertex  1.184925e+02 -7.698254e+01  1.510000e+00
   endloop
 endfacet
 facet normal  0.000000e+00  0.000000e+00  1.000000e+00
   outer loop
     vertex  1.172750e+02 -7.522500e+01  1.510000e+00
     vertex  1.152500e+02 -7.522500e+01  1.510000e+00
     vertex  1.170075e+02 -7.698254e+01  1.510000e+00
   endloop
 endfacet
 facet normal  0.000000e+00  0.000000e+00  1.000000e+00
   outer loop
     vertex  1.347500e+02 -9.254198e+01  1.510000e+00
     vertex  1.309233e+02 -8.930734e+01  1.510000e+00
     vertex  1.306986e+02 -8.985000e+01  1.510000e+00
   endloop
 endfacet
 facet normal  0.000000e+00  0.000000e+00  1.000000e+00
   outer loop
     vertex  1.347500e+02 -9.254198e+01  1.510000e+00
     vertex  1.306986e+02 -8.985000e+01  1.510000e+00
     vertex  1.346464e+02 -9.262144e+01  1.510000e+00
   endloop
 endfacet
 facet normal  0.000000e+00  0.000000e+00  1.000000e+00
   outer loop
     vertex  1.249580e+02 -8.272500e+01  1.510000e+00
     vertex  1.248786e+02 -8.282856e+01  1.510000e+00
     vertex  1.281677e+02 -8.655167e+01  1.510000e+00
   endloop
 endfacet
 facet normal  0.000000e+00  0.000000e+00  1.000000e+00
   outer loop
     vertex  1.348706e+02 -9.249203e+01  1.510000e+00
     vertex  1.310000e+02 -8.872500e+01  1.510000e+00
     vertex  1.309233e+02 -8.930734e+01  1.510000e+00
   endloop
 endfacet
 facet normal  0.000000e+00  0.000000e+00  1.000000e+00
   outer loop
     vertex  1.348706e+02 -9.249203e+01  1.510000e+00
     vertex  1.309233e+02 -8.930734e+01  1.510000e+00
     vertex  1.347500e+02 -9.254198e+01  1.510000e+00
   endloop
 endfacet
 facet normal  0.000000e+00  0.000000e+00  1.000000e+00
   outer loop
     vertex  1.250080e+02 -8.260441e+01  1.510000e+00
     vertex  1.281677e+02 -8.655167e+01  1.510000e+00
     vertex  1.287500e+02 -8.647500e+01  1.510000e+00
   endloop
 endfacet
 facet normal  0.000000e+00  0.000000e+00  1.000000e+00
   outer loop
     vertex  1.250080e+02 -8.260441e+01  1.510000e+00
     vertex  1.249580e+02 -8.272500e+01  1.510000e+00
     vertex  1.281677e+02 -8.655167e+01  1.510000e+00
   endloop
 endfacet
 facet normal  0.000000e+00  0.000000e+00  1.000000e+00
   outer loop
     vertex  1.350000e+02 -9.247499e+01  1.510000e+00
     vertex  1.310000e+02 -8.872500e+01  1.510000e+00
     vertex  1.348706e+02 -9.249203e+01  1.510000e+00
   endloop
 endfacet
 facet normal  0.000000e+00  0.000000e+00  1.000000e+00
   outer loop
     vertex  1.250250e+02 -8.247500e+01  1.510000e+00
     vertex  1.250080e+02 -8.260441e+01  1.510000e+00
     vertex  1.287500e+02 -8.647500e+01  1.510000e+00
   endloop
 endfacet
 facet normal  0.000000e+00  0.000000e+00  1.000000e+00
   outer loop
     vertex  1.391464e+02 -9.332856e+01  1.510000e+00
     vertex  1.353536e+02 -9.332855e+01  1.510000e+00
     vertex  1.352500e+02 -9.340801e+01  1.510000e+00
   endloop
 endfacet
 facet normal  0.000000e+00  0.000000e+00  1.000000e+00
   outer loop
     vertex  1.392500e+02 -9.340802e+01  1.510000e+00
     vertex  1.391464e+02 -9.332856e+01  1.510000e+00
     vertex  1.352500e+02 -9.340801e+01  1.510000e+00
   endloop
 endfacet
 facet normal  0.000000e+00  0.000000e+00  1.000000e+00
   outer loop
     vertex  1.392500e+02 -9.340802e+01  1.510000e+00
     vertex  1.352500e+02 -9.340801e+01  1.510000e+00
     vertex  1.392250e+02 -9.881567e+01  1.510000e+00
   endloop
 endfacet
 facet normal  0.000000e+00  0.000000e+00  1.000000e+00
   outer loop
     vertex  1.390670e+02 -9.322500e+01  1.510000e+00
     vertex  1.354330e+02 -9.322499e+01  1.510000e+00
     vertex  1.353536e+02 -9.332855e+01  1.510000e+00
   endloop
 endfacet
 facet normal  0.000000e+00  0.000000e+00  1.000000e+00
   outer loop
     vertex  1.390670e+02 -9.322500e+01  1.510000e+00
     vertex  1.353536e+02 -9.332855e+01  1.510000e+00
     vertex  1.391464e+02 -9.332856e+01  1.510000e+00
   endloop
 endfacet
 facet normal  0.000000e+00  0.000000e+00  1.000000e+00
   outer loop
     vertex  1.241715e+02 -7.832856e+01  1.510000e+00
     vertex  1.241714e+02 -8.212145e+01  1.510000e+00
     vertex  1.242750e+02 -8.204199e+01  1.510000e+00
   endloop
 endfacet
 facet normal  0.000000e+00  0.000000e+00  1.000000e+00
   outer loop
     vertex  1.242750e+02 -7.840801e+01  1.510000e+00
     vertex  1.241715e+02 -7.832856e+01  1.510000e+00
     vertex  1.242750e+02 -8.204199e+01  1.510000e+00
   endloop
 endfacet
 facet normal  0.000000e+00  0.000000e+00  1.000000e+00
   outer loop
     vertex  1.242750e+02 -7.840801e+01  1.510000e+00
     vertex  1.242750e+02 -8.204199e+01  1.510000e+00
     vertex  1.243956e+02 -8.199204e+01  1.510000e+00
   endloop
 endfacet
 facet normal  0.000000e+00  0.000000e+00  1.000000e+00
   outer loop
     vertex  1.240920e+02 -7.822500e+01  1.510000e+00
     vertex  1.241714e+02 -8.212145e+01  1.510000e+00
     vertex  1.241715e+02 -7.832856e+01  1.510000e+00
   endloop
 endfacet
 facet normal  0.000000e+00  0.000000e+00  1.000000e+00
   outer loop
     vertex  1.240920e+02 -7.822500e+01  1.510000e+00
     vertex  1.240920e+02 -8.222500e+01  1.510000e+00
     vertex  1.241714e+02 -8.212145e+01  1.510000e+00
   endloop
 endfacet
 facet normal  0.000000e+00  0.000000e+00  1.000000e+00
   outer loop
     vertex  1.240920e+02 -7.822500e+01  1.510000e+00
     vertex  1.186593e+02 -7.825000e+01  1.510000e+00
     vertex  1.240920e+02 -8.222500e+01  1.510000e+00
   endloop
 endfacet
 facet normal  0.000000e+00  0.000000e+00  1.000000e+00
   outer loop
     vertex  1.393706e+02 -9.345797e+01  1.510000e+00
     vertex  1.392500e+02 -9.340802e+01  1.510000e+00
     vertex  1.392250e+02 -9.881567e+01  1.510000e+00
   endloop
 endfacet
 facet normal  0.000000e+00  0.000000e+00  1.000000e+00
   outer loop
     vertex  1.393706e+02 -9.345797e+01  1.510000e+00
     vertex  1.392250e+02 -9.881567e+01  1.510000e+00
     vertex  1.394782e+02 -9.871078e+01  1.510000e+00
   endloop
 endfacet
 facet normal  0.000000e+00  0.000000e+00  1.000000e+00
   outer loop
     vertex  1.390170e+02 -9.310441e+01  1.510000e+00
     vertex  1.354830e+02 -9.310440e+01  1.510000e+00
     vertex  1.354330e+02 -9.322499e+01  1.510000e+00
   endloop
 endfacet
 facet normal  0.000000e+00  0.000000e+00  1.000000e+00
   outer loop
     vertex  1.390170e+02 -9.310441e+01  1.510000e+00
     vertex  1.354330e+02 -9.322499e+01  1.510000e+00
     vertex  1.390670e+02 -9.322500e+01  1.510000e+00
   endloop
 endfacet
 facet normal  0.000000e+00  0.000000e+00  1.000000e+00
   outer loop
     vertex  1.243956e+02 -7.845796e+01  1.510000e+00
     vertex  1.242750e+02 -7.840801e+01  1.510000e+00
     vertex  1.243956e+02 -8.199204e+01  1.510000e+00
   endloop
 endfacet
 facet normal  0.000000e+00  0.000000e+00  1.000000e+00
   outer loop
     vertex  1.243956e+02 -7.845796e+01  1.510000e+00
     vertex  1.243956e+02 -8.199204e+01  1.510000e+00
     vertex  1.245250e+02 -8.197500e+01  1.510000e+00
   endloop
 endfacet
 facet normal  0.000000e+00  0.000000e+00  1.000000e+00
   outer loop
     vertex  1.240420e+02 -7.810441e+01  1.510000e+00
     vertex  1.187642e+02 -7.799676e+01  1.510000e+00
     vertex  1.186593e+02 -7.825000e+01  1.510000e+00
   endloop
 endfacet
 facet normal  0.000000e+00  0.000000e+00  1.000000e+00
   outer loop
     vertex  1.240420e+02 -7.810441e+01  1.510000e+00
     vertex  1.186593e+02 -7.825000e+01  1.510000e+00
     vertex  1.240920e+02 -7.822500e+01  1.510000e+00
   endloop
 endfacet
 facet normal  0.000000e+00  0.000000e+00  1.000000e+00
   outer loop
     vertex  1.395000e+02 -9.347500e+01  1.510000e+00
     vertex  1.393706e+02 -9.345797e+01  1.510000e+00
     vertex  1.394782e+02 -9.871078e+01  1.510000e+00
   endloop
 endfacet
 facet normal  0.000000e+00  0.000000e+00  1.000000e+00
   outer loop
     vertex  1.395000e+02 -9.347500e+01  1.510000e+00
     vertex  1.394782e+02 -9.871078e+01  1.510000e+00
     vertex  1.397500e+02 -9.867500e+01  1.510000e+00
   endloop
 endfacet
 facet normal  0.000000e+00  0.000000e+00  1.000000e+00
   outer loop
     vertex  1.390000e+02 -9.297500e+01  1.510000e+00
     vertex  1.354830e+02 -9.310440e+01  1.510000e+00
     vertex  1.390170e+02 -9.310441e+01  1.510000e+00
   endloop
 endfacet
 facet normal  0.000000e+00  0.000000e+00  1.000000e+00
   outer loop
     vertex  1.390000e+02 -9.297500e+01  1.510000e+00
     vertex  1.355000e+02 -9.297499e+01  1.510000e+00
     vertex  1.354830e+02 -9.310440e+01  1.510000e+00
   endloop
 endfacet
 facet normal  0.000000e+00  0.000000e+00  1.000000e+00
   outer loop
     vertex  1.245250e+02 -7.847500e+01  1.510000e+00
     vertex  1.243956e+02 -7.845796e+01  1.510000e+00
     vertex  1.245250e+02 -8.197500e+01  1.510000e+00
   endloop
 endfacet
 facet normal  0.000000e+00  0.000000e+00  1.000000e+00
   outer loop
     vertex  1.245250e+02 -7.847500e+01  1.510000e+00
     vertex  1.245250e+02 -8.197500e+01  1.510000e+00
     vertex  1.246544e+02 -8.199204e+01  1.510000e+00
   endloop
 endfacet
 facet normal  0.000000e+00  0.000000e+00  1.000000e+00
   outer loop
     vertex  1.240250e+02 -7.797500e+01  1.510000e+00
     vertex  1.187642e+02 -7.799676e+01  1.510000e+00
     vertex  1.240420e+02 -7.810441e+01  1.510000e+00
   endloop
 endfacet
 facet normal  0.000000e+00  0.000000e+00  1.000000e+00
   outer loop
     vertex  1.240250e+02 -7.797500e+01  1.510000e+00
     vertex  1.188000e+02 -7.772500e+01  1.510000e+00
     vertex  1.187642e+02 -7.799676e+01  1.510000e+00
   endloop
 endfacet
 facet normal  0.000000e+00  0.000000e+00  1.000000e+00
   outer loop
     vertex  1.390170e+02 -9.284559e+01  1.510000e+00
     vertex  1.354830e+02 -9.284558e+01  1.510000e+00
     vertex  1.355000e+02 -9.297499e+01  1.510000e+00
   endloop
 endfacet
 facet normal  0.000000e+00  0.000000e+00  1.000000e+00
   outer loop
     vertex  1.390170e+02 -9.284559e+01  1.510000e+00
     vertex  1.355000e+02 -9.297499e+01  1.510000e+00
     vertex  1.390000e+02 -9.297500e+01  1.510000e+00
   endloop
 endfacet
 facet normal  0.000000e+00  0.000000e+00  1.000000e+00
   outer loop
     vertex  1.396294e+02 -9.345797e+01  1.510000e+00
     vertex  1.395000e+02 -9.347500e+01  1.510000e+00
     vertex  1.397500e+02 -9.867500e+01  1.510000e+00
   endloop
 endfacet
 facet normal  0.000000e+00  0.000000e+00  1.000000e+00
   outer loop
     vertex  1.396294e+02 -9.345797e+01  1.510000e+00
     vertex  1.397500e+02 -9.867500e+01  1.510000e+00
     vertex  1.400218e+02 -9.871078e+01  1.510000e+00
   endloop
 endfacet
 facet normal  0.000000e+00  0.000000e+00  1.000000e+00
   outer loop
     vertex  1.246544e+02 -7.845796e+01  1.510000e+00
     vertex  1.245250e+02 -7.847500e+01  1.510000e+00
     vertex  1.246544e+02 -8.199204e+01  1.510000e+00
   endloop
 endfacet
 facet normal  0.000000e+00  0.000000e+00  1.000000e+00
   outer loop
     vertex  1.246544e+02 -7.845796e+01  1.510000e+00
     vertex  1.246544e+02 -8.199204e+01  1.510000e+00
     vertex  1.247750e+02 -8.204199e+01  1.510000e+00
   endloop
 endfacet
 facet normal  0.000000e+00  0.000000e+00  1.000000e+00
   outer loop
     vertex  1.240420e+02 -7.784559e+01  1.510000e+00
     vertex  1.187642e+02 -7.745324e+01  1.510000e+00
     vertex  1.188000e+02 -7.772500e+01  1.510000e+00
   endloop
 endfacet
 facet normal  0.000000e+00  0.000000e+00  1.000000e+00
   outer loop
     vertex  1.240420e+02 -7.784559e+01  1.510000e+00
     vertex  1.188000e+02 -7.772500e+01  1.510000e+00
     vertex  1.240250e+02 -7.797500e+01  1.510000e+00
   endloop
 endfacet
 facet normal  0.000000e+00  0.000000e+00  1.000000e+00
   outer loop
     vertex  1.397500e+02 -9.340802e+01  1.510000e+00
     vertex  1.396294e+02 -9.345797e+01  1.510000e+00
     vertex  1.400218e+02 -9.871078e+01  1.510000e+00
   endloop
 endfacet
 facet normal  0.000000e+00  0.000000e+00  1.000000e+00
   outer loop
     vertex  1.397500e+02 -9.340802e+01  1.510000e+00
     vertex  1.400218e+02 -9.871078e+01  1.510000e+00
     vertex  1.402750e+02 -9.881567e+01  1.510000e+00
   endloop
 endfacet
 facet normal  0.000000e+00  0.000000e+00  1.000000e+00
   outer loop
     vertex  1.390670e+02 -9.272500e+01  1.510000e+00
     vertex  1.354330e+02 -9.272499e+01  1.510000e+00
     vertex  1.354830e+02 -9.284558e+01  1.510000e+00
   endloop
 endfacet
 facet normal  0.000000e+00  0.000000e+00  1.000000e+00
   outer loop
     vertex  1.390670e+02 -9.272500e+01  1.510000e+00
     vertex  1.354830e+02 -9.284558e+01  1.510000e+00
     vertex  1.390170e+02 -9.284559e+01  1.510000e+00
   endloop
 endfacet
 facet normal  0.000000e+00  0.000000e+00  1.000000e+00
   outer loop
     vertex  1.247750e+02 -7.840801e+01  1.510000e+00
     vertex  1.247750e+02 -8.204199e+01  1.510000e+00
     vertex  1.248786e+02 -8.212145e+01  1.510000e+00
   endloop
 endfacet
 facet normal  0.000000e+00  0.000000e+00  1.000000e+00
   outer loop
     vertex  1.247750e+02 -7.840801e+01  1.510000e+00
     vertex  1.246544e+02 -7.845796e+01  1.510000e+00
     vertex  1.247750e+02 -8.204199e+01  1.510000e+00
   endloop
 endfacet
 facet normal  0.000000e+00  0.000000e+00  1.000000e+00
   outer loop
     vertex  1.240920e+02 -7.772500e+01  1.510000e+00
     vertex  1.187642e+02 -7.745324e+01  1.510000e+00
     vertex  1.240420e+02 -7.784559e+01  1.510000e+00
   endloop
 endfacet
 facet normal  0.000000e+00  0.000000e+00  1.000000e+00
   outer loop
     vertex  1.240920e+02 -7.772500e+01  1.510000e+00
     vertex  1.186593e+02 -7.720000e+01  1.510000e+00
     vertex  1.187642e+02 -7.745324e+01  1.510000e+00
   endloop
 endfacet
 facet normal  0.000000e+00  0.000000e+00  1.000000e+00
   outer loop
     vertex  1.391464e+02 -9.262145e+01  1.510000e+00
     vertex  1.353536e+02 -9.262144e+01  1.510000e+00
     vertex  1.354330e+02 -9.272499e+01  1.510000e+00
   endloop
 endfacet
 facet normal  0.000000e+00  0.000000e+00  1.000000e+00
   outer loop
     vertex  1.391464e+02 -9.262145e+01  1.510000e+00
     vertex  1.354330e+02 -9.272499e+01  1.510000e+00
     vertex  1.390670e+02 -9.272500e+01  1.510000e+00
   endloop
 endfacet
 facet normal  0.000000e+00  0.000000e+00  1.000000e+00
   outer loop
     vertex  1.398536e+02 -9.332856e+01  1.510000e+00
     vertex  1.402750e+02 -9.881567e+01  1.510000e+00
     vertex  1.404925e+02 -9.898254e+01  1.510000e+00
   endloop
 endfacet
 facet normal  0.000000e+00  0.000000e+00  1.000000e+00
   outer loop
     vertex  1.398536e+02 -9.332856e+01  1.510000e+00
     vertex  1.397500e+02 -9.340802e+01  1.510000e+00
     vertex  1.402750e+02 -9.881567e+01  1.510000e+00
   endloop
 endfacet
 facet normal  0.000000e+00  0.000000e+00  1.000000e+00
   outer loop
     vertex  1.248786e+02 -7.832856e+01  1.510000e+00
     vertex  1.247750e+02 -7.840801e+01  1.510000e+00
     vertex  1.248786e+02 -8.212145e+01  1.510000e+00
   endloop
 endfacet
 facet normal  0.000000e+00  0.000000e+00  1.000000e+00
   outer loop
     vertex  1.248786e+02 -7.832856e+01  1.510000e+00
     vertex  1.248786e+02 -8.212145e+01  1.510000e+00
     vertex  1.249580e+02 -8.222500e+01  1.510000e+00
   endloop
 endfacet
 facet normal  0.000000e+00  0.000000e+00  1.000000e+00
   outer loop
     vertex  1.241715e+02 -7.762145e+01  1.510000e+00
     vertex  1.184925e+02 -7.698254e+01  1.510000e+00
     vertex  1.186593e+02 -7.720000e+01  1.510000e+00
   endloop
 endfacet
 facet normal  0.000000e+00  0.000000e+00  1.000000e+00
   outer loop
     vertex  1.241715e+02 -7.762145e+01  1.510000e+00
     vertex  1.186593e+02 -7.720000e+01  1.510000e+00
     vertex  1.240920e+02 -7.772500e+01  1.510000e+00
   endloop
 endfacet
 facet normal  0.000000e+00  0.000000e+00  1.000000e+00
   outer loop
     vertex  1.399330e+02 -9.322500e+01  1.510000e+00
     vertex  1.398536e+02 -9.332856e+01  1.510000e+00
     vertex  1.404925e+02 -9.898254e+01  1.510000e+00
   endloop
 endfacet
 facet normal  0.000000e+00  0.000000e+00  1.000000e+00
   outer loop
     vertex  1.399330e+02 -9.322500e+01  1.510000e+00
     vertex  1.404925e+02 -9.898254e+01  1.510000e+00
     vertex  1.406593e+02 -9.920000e+01  1.510000e+00
   endloop
 endfacet
 facet normal  0.000000e+00  0.000000e+00  1.000000e+00
   outer loop
     vertex  1.392500e+02 -9.254199e+01  1.510000e+00
     vertex  1.352500e+02 -9.254198e+01  1.510000e+00
     vertex  1.353536e+02 -9.262144e+01  1.510000e+00
   endloop
 endfacet
 facet normal  0.000000e+00  0.000000e+00  1.000000e+00
   outer loop
     vertex  1.392500e+02 -9.254199e+01  1.510000e+00
     vertex  1.353536e+02 -9.262144e+01  1.510000e+00
     vertex  1.391464e+02 -9.262145e+01  1.510000e+00
   endloop
 endfacet
 facet normal  0.000000e+00  0.000000e+00  1.000000e+00
   outer loop
     vertex  1.249580e+02 -7.822500e+01  1.510000e+00
     vertex  1.248786e+02 -7.832856e+01  1.510000e+00
     vertex  1.249580e+02 -8.222500e+01  1.510000e+00
   endloop
 endfacet
 facet normal  0.000000e+00  0.000000e+00  1.000000e+00
   outer loop
     vertex  1.242750e+02 -7.754199e+01  1.510000e+00
     vertex  1.172750e+02 -7.522500e+01  1.510000e+00
     vertex  1.184925e+02 -7.698254e+01  1.510000e+00
   endloop
 endfacet
 facet normal  0.000000e+00  0.000000e+00  1.000000e+00
   outer loop
     vertex  1.242750e+02 -7.754199e+01  1.510000e+00
     vertex  1.184925e+02 -7.698254e+01  1.510000e+00
     vertex  1.241715e+02 -7.762145e+01  1.510000e+00
   endloop
 endfacet
 facet normal  0.000000e+00  0.000000e+00  1.000000e+00
   outer loop
     vertex  1.399830e+02 -9.310441e+01  1.510000e+00
     vertex  1.399330e+02 -9.322500e+01  1.510000e+00
     vertex  1.406593e+02 -9.920000e+01  1.510000e+00
   endloop
 endfacet
 facet normal  0.000000e+00  0.000000e+00  1.000000e+00
   outer loop
     vertex  1.399830e+02 -9.310441e+01  1.510000e+00
     vertex  1.407642e+02 -9.945324e+01  1.510000e+00
     vertex  1.422500e+02 -1.022250e+02  1.510000e+00
   endloop
 endfacet
 facet normal  0.000000e+00  0.000000e+00  1.000000e+00
   outer loop
     vertex  1.399830e+02 -9.310441e+01  1.510000e+00
     vertex  1.406593e+02 -9.920000e+01  1.510000e+00
     vertex  1.407642e+02 -9.945324e+01  1.510000e+00
   endloop
 endfacet
 facet normal  0.000000e+00  0.000000e+00  1.000000e+00
   outer loop
     vertex  1.243956e+02 -7.749204e+01  1.510000e+00
     vertex  1.172750e+02 -7.522500e+01  1.510000e+00
     vertex  1.242750e+02 -7.754199e+01  1.510000e+00
   endloop
 endfacet
 facet normal  0.000000e+00  0.000000e+00  1.000000e+00
   outer loop
     vertex  1.400000e+02 -9.297500e+01  1.510000e+00
     vertex  1.399830e+02 -9.310441e+01  1.510000e+00
     vertex  1.422500e+02 -1.022250e+02  1.510000e+00
   endloop
 endfacet
 facet normal  0.000000e+00  0.000000e+00  1.000000e+00
   outer loop
     vertex  1.245250e+02 -7.747500e+01  1.510000e+00
     vertex  1.172750e+02 -7.522500e+01  1.510000e+00
     vertex  1.243956e+02 -7.749204e+01  1.510000e+00
   endloop
 endfacet
 facet normal  0.000000e+00  0.000000e+00  1.000000e+00
   outer loop
     vertex  1.347500e+02 -8.490801e+01  1.510000e+00
     vertex  1.306986e+02 -8.760000e+01  1.510000e+00
     vertex  1.309233e+02 -8.814266e+01  1.510000e+00
   endloop
 endfacet
 facet normal  0.000000e+00  0.000000e+00  1.000000e+00
   outer loop
     vertex  1.347500e+02 -8.490801e+01  1.510000e+00
     vertex  1.346464e+02 -8.482855e+01  1.510000e+00
     vertex  1.306986e+02 -8.760000e+01  1.510000e+00
   endloop
 endfacet
 facet normal  0.000000e+00  0.000000e+00  1.000000e+00
   outer loop
     vertex  1.345670e+02 -8.472500e+01  1.510000e+00
     vertex  1.303410e+02 -8.713401e+01  1.510000e+00
     vertex  1.306986e+02 -8.760000e+01  1.510000e+00
   endloop
 endfacet
 facet normal  0.000000e+00  0.000000e+00  1.000000e+00
   outer loop
     vertex  1.345670e+02 -8.472500e+01  1.510000e+00
     vertex  1.306986e+02 -8.760000e+01  1.510000e+00
     vertex  1.346464e+02 -8.482855e+01  1.510000e+00
   endloop
 endfacet
 facet normal  0.000000e+00  0.000000e+00  1.000000e+00
   outer loop
     vertex  1.327750e+02 -8.290801e+01  1.510000e+00
     vertex  1.326714e+02 -8.282855e+01  1.510000e+00
     vertex  1.298750e+02 -8.677644e+01  1.510000e+00
   endloop
 endfacet
 facet normal  0.000000e+00  0.000000e+00  1.000000e+00
   outer loop
     vertex  1.327750e+02 -8.290801e+01  1.510000e+00
     vertex  1.298750e+02 -8.677644e+01  1.510000e+00
     vertex  1.303410e+02 -8.713401e+01  1.510000e+00
   endloop
 endfacet
 facet normal  0.000000e+00  0.000000e+00  1.000000e+00
   outer loop
     vertex  1.325920e+02 -8.272500e+01  1.510000e+00
     vertex  1.298750e+02 -8.677644e+01  1.510000e+00
     vertex  1.326714e+02 -8.282855e+01  1.510000e+00
   endloop
 endfacet
 facet normal  0.000000e+00  0.000000e+00  1.000000e+00
   outer loop
     vertex  1.325920e+02 -8.272500e+01  1.510000e+00
     vertex  1.293323e+02 -8.655167e+01  1.510000e+00
     vertex  1.298750e+02 -8.677644e+01  1.510000e+00
   endloop
 endfacet
 facet normal  0.000000e+00  0.000000e+00  1.000000e+00
   outer loop
     vertex  1.348706e+02 -8.495796e+01  1.510000e+00
     vertex  1.309233e+02 -8.814266e+01  1.510000e+00
     vertex  1.310000e+02 -8.872500e+01  1.510000e+00
   endloop
 endfacet
 facet normal  0.000000e+00  0.000000e+00  1.000000e+00
   outer loop
     vertex  1.348706e+02 -8.495796e+01  1.510000e+00
     vertex  1.347500e+02 -8.490801e+01  1.510000e+00
     vertex  1.309233e+02 -8.814266e+01  1.510000e+00
   endloop
 endfacet
 facet normal  0.000000e+00  0.000000e+00  1.000000e+00
   outer loop
     vertex  1.345170e+02 -8.460441e+01  1.510000e+00
     vertex  1.303410e+02 -8.713401e+01  1.510000e+00
     vertex  1.345670e+02 -8.472500e+01  1.510000e+00
   endloop
 endfacet
 facet normal  0.000000e+00  0.000000e+00  1.000000e+00
   outer loop
     vertex  1.328956e+02 -8.295796e+01  1.510000e+00
     vertex  1.327750e+02 -8.290801e+01  1.510000e+00
     vertex  1.303410e+02 -8.713401e+01  1.510000e+00
   endloop
 endfacet
 facet normal  0.000000e+00  0.000000e+00  1.000000e+00
   outer loop
     vertex  1.328956e+02 -8.295796e+01  1.510000e+00
     vertex  1.303410e+02 -8.713401e+01  1.510000e+00
     vertex  1.345170e+02 -8.460441e+01  1.510000e+00
   endloop
 endfacet
 facet normal  0.000000e+00  0.000000e+00  1.000000e+00
   outer loop
     vertex  1.325420e+02 -8.260441e+01  1.510000e+00
     vertex  1.287500e+02 -8.647500e+01  1.510000e+00
     vertex  1.293323e+02 -8.655167e+01  1.510000e+00
   endloop
 endfacet
 facet normal  0.000000e+00  0.000000e+00  1.000000e+00
   outer loop
     vertex  1.325420e+02 -8.260441e+01  1.510000e+00
     vertex  1.293323e+02 -8.655167e+01  1.510000e+00
     vertex  1.325920e+02 -8.272500e+01  1.510000e+00
   endloop
 endfacet
 facet normal  0.000000e+00  0.000000e+00  1.000000e+00
   outer loop
     vertex  1.350000e+02 -8.497500e+01  1.510000e+00
     vertex  1.310000e+02 -8.872500e+01  1.510000e+00
     vertex  1.350000e+02 -9.247499e+01  1.510000e+00
   endloop
 endfacet
 facet normal  0.000000e+00  0.000000e+00  1.000000e+00
   outer loop
     vertex  1.350000e+02 -8.497500e+01  1.510000e+00
     vertex  1.348706e+02 -8.495796e+01  1.510000e+00
     vertex  1.310000e+02 -8.872500e+01  1.510000e+00
   endloop
 endfacet
 facet normal  0.000000e+00  0.000000e+00  1.000000e+00
   outer loop
     vertex  1.345000e+02 -8.447500e+01  1.510000e+00
     vertex  1.328956e+02 -8.295796e+01  1.510000e+00
     vertex  1.345170e+02 -8.460441e+01  1.510000e+00
   endloop
 endfacet
 facet normal  0.000000e+00  0.000000e+00  1.000000e+00
   outer loop
     vertex  1.330250e+02 -8.297500e+01  1.510000e+00
     vertex  1.328956e+02 -8.295796e+01  1.510000e+00
     vertex  1.345000e+02 -8.447500e+01  1.510000e+00
   endloop
 endfacet
 facet normal  0.000000e+00  0.000000e+00  1.000000e+00
   outer loop
     vertex  1.325250e+02 -8.247500e+01  1.510000e+00
     vertex  1.287500e+02 -8.647500e+01  1.510000e+00
     vertex  1.325420e+02 -8.260441e+01  1.510000e+00
   endloop
 endfacet
 facet normal  0.000000e+00  0.000000e+00  1.000000e+00
   outer loop
     vertex  1.325250e+02 -8.247500e+01  1.510000e+00
     vertex  1.250080e+02 -8.234559e+01  1.510000e+00
     vertex  1.250250e+02 -8.247500e+01  1.510000e+00
   endloop
 endfacet
 facet normal  0.000000e+00  0.000000e+00  1.000000e+00
   outer loop
     vertex  1.325250e+02 -8.247500e+01  1.510000e+00
     vertex  1.250250e+02 -8.247500e+01  1.510000e+00
     vertex  1.287500e+02 -8.647500e+01  1.510000e+00
   endloop
 endfacet
 facet normal  0.000000e+00  0.000000e+00  1.000000e+00
   outer loop
     vertex  1.345170e+02 -8.434559e+01  1.510000e+00
     vertex  1.330250e+02 -8.297500e+01  1.510000e+00
     vertex  1.345000e+02 -8.447500e+01  1.510000e+00
   endloop
 endfacet
 facet normal  0.000000e+00  0.000000e+00  1.000000e+00
   outer loop
     vertex  1.351294e+02 -8.495796e+01  1.510000e+00
     vertex  1.350000e+02 -9.247499e+01  1.510000e+00
     vertex  1.351294e+02 -9.249203e+01  1.510000e+00
   endloop
 endfacet
 facet normal  0.000000e+00  0.000000e+00  1.000000e+00
   outer loop
     vertex  1.351294e+02 -8.495796e+01  1.510000e+00
     vertex  1.350000e+02 -8.497500e+01  1.510000e+00
     vertex  1.350000e+02 -9.247499e+01  1.510000e+00
   endloop
 endfacet
 facet normal  0.000000e+00  0.000000e+00  1.000000e+00
   outer loop
     vertex  1.325420e+02 -8.234559e+01  1.510000e+00
     vertex  1.250080e+02 -8.234559e+01  1.510000e+00
     vertex  1.325250e+02 -8.247500e+01  1.510000e+00
   endloop
 endfacet
 facet normal  0.000000e+00  0.000000e+00  1.000000e+00
   outer loop
     vertex  1.325420e+02 -8.234559e+01  1.510000e+00
     vertex  1.249580e+02 -8.222500e+01  1.510000e+00
     vertex  1.250080e+02 -8.234559e+01  1.510000e+00
   endloop
 endfacet
 facet normal  0.000000e+00  0.000000e+00  1.000000e+00
   outer loop
     vertex  1.331544e+02 -8.295796e+01  1.510000e+00
     vertex  1.330250e+02 -8.297500e+01  1.510000e+00
     vertex  1.345170e+02 -8.434559e+01  1.510000e+00
   endloop
 endfacet
 facet normal  0.000000e+00  0.000000e+00  1.000000e+00
   outer loop
     vertex  1.352500e+02 -8.490801e+01  1.510000e+00
     vertex  1.351294e+02 -9.249203e+01  1.510000e+00
     vertex  1.352500e+02 -9.254198e+01  1.510000e+00
   endloop
 endfacet
 facet normal  0.000000e+00  0.000000e+00  1.000000e+00
   outer loop
     vertex  1.352500e+02 -8.490801e+01  1.510000e+00
     vertex  1.351294e+02 -8.495796e+01  1.510000e+00
     vertex  1.351294e+02 -9.249203e+01  1.510000e+00
   endloop
 endfacet
 facet normal  0.000000e+00  0.000000e+00  1.000000e+00
   outer loop
     vertex  1.345670e+02 -8.422500e+01  1.510000e+00
     vertex  1.331544e+02 -8.295796e+01  1.510000e+00
     vertex  1.345170e+02 -8.434559e+01  1.510000e+00
   endloop
 endfacet
 facet normal  0.000000e+00  0.000000e+00  1.000000e+00
   outer loop
     vertex  1.332750e+02 -8.290801e+01  1.510000e+00
     vertex  1.331544e+02 -8.295796e+01  1.510000e+00
     vertex  1.345670e+02 -8.422500e+01  1.510000e+00
   endloop
 endfacet
 facet normal  0.000000e+00  0.000000e+00  1.000000e+00
   outer loop
     vertex  1.325920e+02 -8.222500e+01  1.510000e+00
     vertex  1.249580e+02 -7.822500e+01  1.510000e+00
     vertex  1.249580e+02 -8.222500e+01  1.510000e+00
   endloop
 endfacet
 facet normal  0.000000e+00  0.000000e+00  1.000000e+00
   outer loop
     vertex  1.325920e+02 -8.222500e+01  1.510000e+00
     vertex  1.249580e+02 -8.222500e+01  1.510000e+00
     vertex  1.325420e+02 -8.234559e+01  1.510000e+00
   endloop
 endfacet
 facet normal  0.000000e+00  0.000000e+00  1.000000e+00
   outer loop
     vertex  1.346464e+02 -8.412144e+01  1.510000e+00
     vertex  1.332750e+02 -8.290801e+01  1.510000e+00
     vertex  1.345670e+02 -8.422500e+01  1.510000e+00
   endloop
 endfacet
 facet normal  0.000000e+00  0.000000e+00  1.000000e+00
   outer loop
     vertex  1.333785e+02 -8.282855e+01  1.510000e+00
     vertex  1.332750e+02 -8.290801e+01  1.510000e+00
     vertex  1.346464e+02 -8.412144e+01  1.510000e+00
   endloop
 endfacet
 facet normal  0.000000e+00  0.000000e+00  1.000000e+00
   outer loop
     vertex  1.347500e+02 -8.404198e+01  1.510000e+00
     vertex  1.333785e+02 -8.282855e+01  1.510000e+00
     vertex  1.346464e+02 -8.412144e+01  1.510000e+00
   endloop
 endfacet
 facet normal  0.000000e+00  0.000000e+00  1.000000e+00
   outer loop
     vertex  1.334580e+02 -8.272500e+01  1.510000e+00
     vertex  1.333785e+02 -8.282855e+01  1.510000e+00
     vertex  1.347500e+02 -8.404198e+01  1.510000e+00
   endloop
 endfacet
 facet normal  0.000000e+00  0.000000e+00  1.000000e+00
   outer loop
     vertex  1.348706e+02 -8.399203e+01  1.510000e+00
     vertex  1.334580e+02 -8.272500e+01  1.510000e+00
     vertex  1.347500e+02 -8.404198e+01  1.510000e+00
   endloop
 endfacet
 facet normal  0.000000e+00  0.000000e+00  1.000000e+00
   outer loop
     vertex  1.335080e+02 -8.260441e+01  1.510000e+00
     vertex  1.334580e+02 -8.272500e+01  1.510000e+00
     vertex  1.348706e+02 -8.399203e+01  1.510000e+00
   endloop
 endfacet
 facet normal  0.000000e+00  0.000000e+00  1.000000e+00
   outer loop
     vertex  1.350000e+02 -8.397500e+01  1.510000e+00
     vertex  1.335080e+02 -8.260441e+01  1.510000e+00
     vertex  1.348706e+02 -8.399203e+01  1.510000e+00
   endloop
 endfacet
 facet normal  0.000000e+00  0.000000e+00  1.000000e+00
   outer loop
     vertex  1.335250e+02 -8.247500e+01  1.510000e+00
     vertex  1.335080e+02 -8.260441e+01  1.510000e+00
     vertex  1.350000e+02 -8.397500e+01  1.510000e+00
   endloop
 endfacet
 facet normal  0.000000e+00  0.000000e+00  1.000000e+00
   outer loop
     vertex  1.351294e+02 -8.399203e+01  1.510000e+00
     vertex  1.335250e+02 -8.247500e+01  1.510000e+00
     vertex  1.350000e+02 -8.397500e+01  1.510000e+00
   endloop
 endfacet
 facet normal  0.000000e+00  0.000000e+00  1.000000e+00
   outer loop
     vertex  1.335080e+02 -8.234559e+01  1.510000e+00
     vertex  1.335250e+02 -8.247500e+01  1.510000e+00
     vertex  1.351294e+02 -8.399203e+01  1.510000e+00
   endloop
 endfacet
 facet normal  0.000000e+00  0.000000e+00  1.000000e+00
   outer loop
     vertex  1.352500e+02 -8.404198e+01  1.510000e+00
     vertex  1.335080e+02 -8.234559e+01  1.510000e+00
     vertex  1.351294e+02 -8.399203e+01  1.510000e+00
   endloop
 endfacet
 facet normal  0.000000e+00  0.000000e+00  1.000000e+00
   outer loop
     vertex  1.334580e+02 -8.222500e+01  1.510000e+00
     vertex  1.335080e+02 -8.234559e+01  1.510000e+00
     vertex  1.352500e+02 -8.404198e+01  1.510000e+00
   endloop
 endfacet
 facet normal  0.000000e+00  0.000000e+00  1.000000e+00
   outer loop
     vertex  1.391464e+02 -8.482856e+01  1.510000e+00
     vertex  1.353536e+02 -8.482855e+01  1.510000e+00
     vertex  1.352500e+02 -8.490801e+01  1.510000e+00
   endloop
 endfacet
 facet normal  0.000000e+00  0.000000e+00  1.000000e+00
   outer loop
     vertex  1.392500e+02 -8.490802e+01  1.510000e+00
     vertex  1.352500e+02 -9.254198e+01  1.510000e+00
     vertex  1.392500e+02 -9.254199e+01  1.510000e+00
   endloop
 endfacet
 facet normal  0.000000e+00  0.000000e+00  1.000000e+00
   outer loop
     vertex  1.392500e+02 -8.490802e+01  1.510000e+00
     vertex  1.391464e+02 -8.482856e+01  1.510000e+00
     vertex  1.352500e+02 -8.490801e+01  1.510000e+00
   endloop
 endfacet
 facet normal  0.000000e+00  0.000000e+00  1.000000e+00
   outer loop
     vertex  1.392500e+02 -8.490802e+01  1.510000e+00
     vertex  1.352500e+02 -8.490801e+01  1.510000e+00
     vertex  1.352500e+02 -9.254198e+01  1.510000e+00
   endloop
 endfacet
 facet normal  0.000000e+00  0.000000e+00  1.000000e+00
   outer loop
     vertex  1.390670e+02 -8.472501e+01  1.510000e+00
     vertex  1.353536e+02 -8.482855e+01  1.510000e+00
     vertex  1.391464e+02 -8.482856e+01  1.510000e+00
   endloop
 endfacet
 facet normal  0.000000e+00  0.000000e+00  1.000000e+00
   outer loop
     vertex  1.390670e+02 -8.472501e+01  1.510000e+00
     vertex  1.354330e+02 -8.472500e+01  1.510000e+00
     vertex  1.353536e+02 -8.482855e+01  1.510000e+00
   endloop
 endfacet
 facet normal  0.000000e+00  0.000000e+00  1.000000e+00
   outer loop
     vertex  1.326714e+02 -7.832855e+01  1.510000e+00
     vertex  1.326714e+02 -8.212144e+01  1.510000e+00
     vertex  1.327750e+02 -8.204199e+01  1.510000e+00
   endloop
 endfacet
 facet normal  0.000000e+00  0.000000e+00  1.000000e+00
   outer loop
     vertex  1.327750e+02 -7.840801e+01  1.510000e+00
     vertex  1.327750e+02 -8.204199e+01  1.510000e+00
     vertex  1.328956e+02 -8.199204e+01  1.510000e+00
   endloop
 endfacet
 facet normal  0.000000e+00  0.000000e+00  1.000000e+00
   outer loop
     vertex  1.327750e+02 -7.840801e+01  1.510000e+00
     vertex  1.326714e+02 -7.832855e+01  1.510000e+00
     vertex  1.327750e+02 -8.204199e+01  1.510000e+00
   endloop
 endfacet
 facet normal  0.000000e+00  0.000000e+00  1.000000e+00
   outer loop
     vertex  1.325920e+02 -7.822500e+01  1.510000e+00
     vertex  1.250080e+02 -7.810441e+01  1.510000e+00
     vertex  1.249580e+02 -7.822500e+01  1.510000e+00
   endloop
 endfacet
 facet normal  0.000000e+00  0.000000e+00  1.000000e+00
   outer loop
     vertex  1.325920e+02 -7.822500e+01  1.510000e+00
     vertex  1.249580e+02 -7.822500e+01  1.510000e+00
     vertex  1.325920e+02 -8.222500e+01  1.510000e+00
   endloop
 endfacet
 facet normal  0.000000e+00  0.000000e+00  1.000000e+00
   outer loop
     vertex  1.325920e+02 -7.822500e+01  1.510000e+00
     vertex  1.326714e+02 -8.212144e+01  1.510000e+00
     vertex  1.326714e+02 -7.832855e+01  1.510000e+00
   endloop
 endfacet
 facet normal  0.000000e+00  0.000000e+00  1.000000e+00
   outer loop
     vertex  1.325920e+02 -7.822500e+01  1.510000e+00
     vertex  1.325920e+02 -8.222500e+01  1.510000e+00
     vertex  1.326714e+02 -8.212144e+01  1.510000e+00
   endloop
 endfacet
 facet normal  0.000000e+00  0.000000e+00  1.000000e+00
   outer loop
     vertex  1.393706e+02 -8.495797e+01  1.510000e+00
     vertex  1.392500e+02 -8.490802e+01  1.510000e+00
     vertex  1.392500e+02 -9.254199e+01  1.510000e+00
   endloop
 endfacet
 facet normal  0.000000e+00  0.000000e+00  1.000000e+00
   outer loop
     vertex  1.393706e+02 -8.495797e+01  1.510000e+00
     vertex  1.392500e+02 -9.254199e+01  1.510000e+00
     vertex  1.393706e+02 -9.249204e+01  1.510000e+00
   endloop
 endfacet
 facet normal  0.000000e+00  0.000000e+00  1.000000e+00
   outer loop
     vertex  1.390170e+02 -8.460442e+01  1.510000e+00
     vertex  1.354830e+02 -8.460441e+01  1.510000e+00
     vertex  1.354330e+02 -8.472500e+01  1.510000e+00
   endloop
 endfacet
 facet normal  0.000000e+00  0.000000e+00  1.000000e+00
   outer loop
     vertex  1.390170e+02 -8.460442e+01  1.510000e+00
     vertex  1.354330e+02 -8.472500e+01  1.510000e+00
     vertex  1.390670e+02 -8.472501e+01  1.510000e+00
   endloop
 endfacet
 facet normal  0.000000e+00  0.000000e+00  1.000000e+00
   outer loop
     vertex  1.328956e+02 -7.845796e+01  1.510000e+00
     vertex  1.327750e+02 -7.840801e+01  1.510000e+00
     vertex  1.328956e+02 -8.199204e+01  1.510000e+00
   endloop
 endfacet
 facet normal  0.000000e+00  0.000000e+00  1.000000e+00
   outer loop
     vertex  1.328956e+02 -7.845796e+01  1.510000e+00
     vertex  1.328956e+02 -8.199204e+01  1.510000e+00
     vertex  1.330250e+02 -8.197500e+01  1.510000e+00
   endloop
 endfacet
 facet normal  0.000000e+00  0.000000e+00  1.000000e+00
   outer loop
     vertex  1.325420e+02 -7.810441e+01  1.510000e+00
     vertex  1.250080e+02 -7.810441e+01  1.510000e+00
     vertex  1.325920e+02 -7.822500e+01  1.510000e+00
   endloop
 endfacet
 facet normal  0.000000e+00  0.000000e+00  1.000000e+00
   outer loop
     vertex  1.325420e+02 -7.810441e+01  1.510000e+00
     vertex  1.250250e+02 -7.797500e+01  1.510000e+00
     vertex  1.250080e+02 -7.810441e+01  1.510000e+00
   endloop
 endfacet
 facet normal  0.000000e+00  0.000000e+00  1.000000e+00
   outer loop
     vertex  1.395000e+02 -8.497501e+01  1.510000e+00
     vertex  1.393706e+02 -9.249204e+01  1.510000e+00
     vertex  1.395000e+02 -9.247500e+01  1.510000e+00
   endloop
 endfacet
 facet normal  0.000000e+00  0.000000e+00  1.000000e+00
   outer loop
     vertex  1.395000e+02 -8.497501e+01  1.510000e+00
     vertex  1.393706e+02 -8.495797e+01  1.510000e+00
     vertex  1.393706e+02 -9.249204e+01  1.510000e+00
   endloop
 endfacet
 facet normal  0.000000e+00  0.000000e+00  1.000000e+00
   outer loop
     vertex  1.390000e+02 -8.447501e+01  1.510000e+00
     vertex  1.355000e+02 -8.447500e+01  1.510000e+00
     vertex  1.354830e+02 -8.460441e+01  1.510000e+00
   endloop
 endfacet
 facet normal  0.000000e+00  0.000000e+00  1.000000e+00
   outer loop
     vertex  1.390000e+02 -8.447501e+01  1.510000e+00
     vertex  1.354830e+02 -8.460441e+01  1.510000e+00
     vertex  1.390170e+02 -8.460442e+01  1.510000e+00
   endloop
 endfacet
 facet normal  0.000000e+00  0.000000e+00  1.000000e+00
   outer loop
     vertex  1.330250e+02 -7.847500e+01  1.510000e+00
     vertex  1.328956e+02 -7.845796e+01  1.510000e+00
     vertex  1.330250e+02 -8.197500e+01  1.510000e+00
   endloop
 endfacet
 facet normal  0.000000e+00  0.000000e+00  1.000000e+00
   outer loop
     vertex  1.330250e+02 -7.847500e+01  1.510000e+00
     vertex  1.330250e+02 -8.197500e+01  1.510000e+00
     vertex  1.331544e+02 -8.199204e+01  1.510000e+00
   endloop
 endfacet
 facet normal  0.000000e+00  0.000000e+00  1.000000e+00
   outer loop
     vertex  1.325250e+02 -7.797500e+01  1.510000e+00
     vertex  1.250080e+02 -7.784559e+01  1.510000e+00
     vertex  1.250250e+02 -7.797500e+01  1.510000e+00
   endloop
 endfacet
 facet normal  0.000000e+00  0.000000e+00  1.000000e+00
   outer loop
     vertex  1.325250e+02 -7.797500e+01  1.510000e+00
     vertex  1.250250e+02 -7.797500e+01  1.510000e+00
     vertex  1.325420e+02 -7.810441e+01  1.510000e+00
   endloop
 endfacet
 facet normal  0.000000e+00  0.000000e+00  1.000000e+00
   outer loop
     vertex  1.390170e+02 -8.434560e+01  1.510000e+00
     vertex  1.355000e+02 -8.447500e+01  1.510000e+00
     vertex  1.390000e+02 -8.447501e+01  1.510000e+00
   endloop
 endfacet
 facet normal  0.000000e+00  0.000000e+00  1.000000e+00
   outer loop
     vertex  1.390170e+02 -8.434560e+01  1.510000e+00
     vertex  1.354830e+02 -8.434559e+01  1.510000e+00
     vertex  1.355000e+02 -8.447500e+01  1.510000e+00
   endloop
 endfacet
 facet normal  0.000000e+00  0.000000e+00  1.000000e+00
   outer loop
     vertex  1.396294e+02 -8.495797e+01  1.510000e+00
     vertex  1.395000e+02 -9.247500e+01  1.510000e+00
     vertex  1.396294e+02 -9.249204e+01  1.510000e+00
   endloop
 endfacet
 facet normal  0.000000e+00  0.000000e+00  1.000000e+00
   outer loop
     vertex  1.396294e+02 -8.495797e+01  1.510000e+00
     vertex  1.395000e+02 -8.497501e+01  1.510000e+00
     vertex  1.395000e+02 -9.247500e+01  1.510000e+00
   endloop
 endfacet
 facet normal  0.000000e+00  0.000000e+00  1.000000e+00
   outer loop
     vertex  1.325420e+02 -7.784559e+01  1.510000e+00
     vertex  1.249580e+02 -7.772500e+01  1.510000e+00
     vertex  1.250080e+02 -7.784559e+01  1.510000e+00
   endloop
 endfacet
 facet normal  0.000000e+00  0.000000e+00  1.000000e+00
   outer loop
     vertex  1.325420e+02 -7.784559e+01  1.510000e+00
     vertex  1.250080e+02 -7.784559e+01  1.510000e+00
     vertex  1.325250e+02 -7.797500e+01  1.510000e+00
   endloop
 endfacet
 facet normal  0.000000e+00  0.000000e+00  1.000000e+00
   outer loop
     vertex  1.331544e+02 -7.845796e+01  1.510000e+00
     vertex  1.330250e+02 -7.847500e+01  1.510000e+00
     vertex  1.331544e+02 -8.199204e+01  1.510000e+00
   endloop
 endfacet
 facet normal  0.000000e+00  0.000000e+00  1.000000e+00
   outer loop
     vertex  1.331544e+02 -7.845796e+01  1.510000e+00
     vertex  1.331544e+02 -8.199204e+01  1.510000e+00
     vertex  1.332750e+02 -8.204199e+01  1.510000e+00
   endloop
 endfacet
 facet normal  0.000000e+00  0.000000e+00  1.000000e+00
   outer loop
     vertex  1.397500e+02 -8.490802e+01  1.510000e+00
     vertex  1.396294e+02 -9.249204e+01  1.510000e+00
     vertex  1.397500e+02 -9.254199e+01  1.510000e+00
   endloop
 endfacet
 facet normal  0.000000e+00  0.000000e+00  1.000000e+00
   outer loop
     vertex  1.397500e+02 -8.490802e+01  1.510000e+00
     vertex  1.396294e+02 -8.495797e+01  1.510000e+00
     vertex  1.396294e+02 -9.249204e+01  1.510000e+00
   endloop
 endfacet
 facet normal  0.000000e+00  0.000000e+00  1.000000e+00
   outer loop
     vertex  1.390670e+02 -8.422501e+01  1.510000e+00
     vertex  1.354830e+02 -8.434559e+01  1.510000e+00
     vertex  1.390170e+02 -8.434560e+01  1.510000e+00
   endloop
 endfacet
 facet normal  0.000000e+00  0.000000e+00  1.000000e+00
   outer loop
     vertex  1.390670e+02 -8.422501e+01  1.510000e+00
     vertex  1.354330e+02 -8.422500e+01  1.510000e+00
     vertex  1.354830e+02 -8.434559e+01  1.510000e+00
   endloop
 endfacet
 facet normal  0.000000e+00  0.000000e+00  1.000000e+00
   outer loop
     vertex  1.332750e+02 -7.840801e+01  1.510000e+00
     vertex  1.332750e+02 -8.204199e+01  1.510000e+00
     vertex  1.333785e+02 -8.212144e+01  1.510000e+00
   endloop
 endfacet
 facet normal  0.000000e+00  0.000000e+00  1.000000e+00
   outer loop
     vertex  1.332750e+02 -7.840801e+01  1.510000e+00
     vertex  1.331544e+02 -7.845796e+01  1.510000e+00
     vertex  1.332750e+02 -8.204199e+01  1.510000e+00
   endloop
 endfacet
 facet normal  0.000000e+00  0.000000e+00  1.000000e+00
   outer loop
     vertex  1.325920e+02 -7.772500e+01  1.510000e+00
     vertex  1.248786e+02 -7.762145e+01  1.510000e+00
     vertex  1.249580e+02 -7.772500e+01  1.510000e+00
   endloop
 endfacet
 facet normal  0.000000e+00  0.000000e+00  1.000000e+00
   outer loop
     vertex  1.325920e+02 -7.772500e+01  1.510000e+00
     vertex  1.249580e+02 -7.772500e+01  1.510000e+00
     vertex  1.325420e+02 -7.784559e+01  1.510000e+00
   endloop
 endfacet
 facet normal  0.000000e+00  0.000000e+00  1.000000e+00
   outer loop
     vertex  1.398536e+02 -8.482856e+01  1.510000e+00
     vertex  1.397500e+02 -9.254199e+01  1.510000e+00
     vertex  1.398536e+02 -9.262145e+01  1.510000e+00
   endloop
 endfacet
 facet normal  0.000000e+00  0.000000e+00  1.000000e+00
   outer loop
     vertex  1.398536e+02 -8.482856e+01  1.510000e+00
     vertex  1.397500e+02 -8.490802e+01  1.510000e+00
     vertex  1.397500e+02 -9.254199e+01  1.510000e+00
   endloop
 endfacet
 facet normal  0.000000e+00  0.000000e+00  1.000000e+00
   outer loop
     vertex  1.391464e+02 -8.412145e+01  1.510000e+00
     vertex  1.353536e+02 -8.412144e+01  1.510000e+00
     vertex  1.354330e+02 -8.422500e+01  1.510000e+00
   endloop
 endfacet
 facet normal  0.000000e+00  0.000000e+00  1.000000e+00
   outer loop
     vertex  1.391464e+02 -8.412145e+01  1.510000e+00
     vertex  1.354330e+02 -8.422500e+01  1.510000e+00
     vertex  1.390670e+02 -8.422501e+01  1.510000e+00
   endloop
 endfacet
 facet normal  0.000000e+00  0.000000e+00  1.000000e+00
   outer loop
     vertex  1.326714e+02 -7.762144e+01  1.510000e+00
     vertex  1.247750e+02 -7.754199e+01  1.510000e+00
     vertex  1.248786e+02 -7.762145e+01  1.510000e+00
   endloop
 endfacet
 facet normal  0.000000e+00  0.000000e+00  1.000000e+00
   outer loop
     vertex  1.326714e+02 -7.762144e+01  1.510000e+00
     vertex  1.248786e+02 -7.762145e+01  1.510000e+00
     vertex  1.325920e+02 -7.772500e+01  1.510000e+00
   endloop
 endfacet
 facet normal  0.000000e+00  0.000000e+00  1.000000e+00
   outer loop
     vertex  1.333786e+02 -7.832855e+01  1.510000e+00
     vertex  1.333785e+02 -8.212144e+01  1.510000e+00
     vertex  1.334580e+02 -8.222500e+01  1.510000e+00
   endloop
 endfacet
 facet normal  0.000000e+00  0.000000e+00  1.000000e+00
   outer loop
     vertex  1.333786e+02 -7.832855e+01  1.510000e+00
     vertex  1.332750e+02 -7.840801e+01  1.510000e+00
     vertex  1.333785e+02 -8.212144e+01  1.510000e+00
   endloop
 endfacet
 facet normal  0.000000e+00  0.000000e+00  1.000000e+00
   outer loop
     vertex  1.399330e+02 -8.472501e+01  1.510000e+00
     vertex  1.398536e+02 -9.262145e+01  1.510000e+00
     vertex  1.399330e+02 -9.272500e+01  1.510000e+00
   endloop
 endfacet
 facet normal  0.000000e+00  0.000000e+00  1.000000e+00
   outer loop
     vertex  1.399330e+02 -8.472501e+01  1.510000e+00
     vertex  1.398536e+02 -8.482856e+01  1.510000e+00
     vertex  1.398536e+02 -9.262145e+01  1.510000e+00
   endloop
 endfacet
 facet normal  0.000000e+00  0.000000e+00  1.000000e+00
   outer loop
     vertex  1.392500e+02 -8.404199e+01  1.510000e+00
     vertex  1.352500e+02 -8.404198e+01  1.510000e+00
     vertex  1.353536e+02 -8.412144e+01  1.510000e+00
   endloop
 endfacet
 facet normal  0.000000e+00  0.000000e+00  1.000000e+00
   outer loop
     vertex  1.392500e+02 -8.404199e+01  1.510000e+00
     vertex  1.353536e+02 -8.412144e+01  1.510000e+00
     vertex  1.391464e+02 -8.412145e+01  1.510000e+00
   endloop
 endfacet
 facet normal  0.000000e+00  0.000000e+00  1.000000e+00
   outer loop
     vertex  1.334580e+02 -7.822500e+01  1.510000e+00
     vertex  1.333786e+02 -7.832855e+01  1.510000e+00
     vertex  1.334580e+02 -8.222500e+01  1.510000e+00
   endloop
 endfacet
 facet normal  0.000000e+00  0.000000e+00  1.000000e+00
   outer loop
     vertex  1.327750e+02 -7.754198e+01  1.510000e+00
     vertex  1.246544e+02 -7.749204e+01  1.510000e+00
     vertex  1.247750e+02 -7.754199e+01  1.510000e+00
   endloop
 endfacet
 facet normal  0.000000e+00  0.000000e+00  1.000000e+00
   outer loop
     vertex  1.327750e+02 -7.754198e+01  1.510000e+00
     vertex  1.247750e+02 -7.754199e+01  1.510000e+00
     vertex  1.326714e+02 -7.762144e+01  1.510000e+00
   endloop
 endfacet
 facet normal  0.000000e+00  0.000000e+00  1.000000e+00
   outer loop
     vertex  1.328956e+02 -7.749203e+01  1.510000e+00
     vertex  1.246544e+02 -7.749204e+01  1.510000e+00
     vertex  1.327750e+02 -7.754198e+01  1.510000e+00
   endloop
 endfacet
 facet normal  0.000000e+00  0.000000e+00  1.000000e+00
   outer loop
     vertex  1.390075e+02 -7.846746e+01  1.510000e+00
     vertex  1.334580e+02 -8.222500e+01  1.510000e+00
     vertex  1.352500e+02 -8.404198e+01  1.510000e+00
   endloop
 endfacet
 facet normal  0.000000e+00  0.000000e+00  1.000000e+00
   outer loop
     vertex  1.388407e+02 -7.825000e+01  1.510000e+00
     vertex  1.335080e+02 -7.810441e+01  1.510000e+00
     vertex  1.334580e+02 -7.822500e+01  1.510000e+00
   endloop
 endfacet
 facet normal  0.000000e+00  0.000000e+00  1.000000e+00
   outer loop
     vertex  1.388407e+02 -7.825000e+01  1.510000e+00
     vertex  1.334580e+02 -8.222500e+01  1.510000e+00
     vertex  1.390075e+02 -7.846746e+01  1.510000e+00
   endloop
 endfacet
 facet normal  0.000000e+00  0.000000e+00  1.000000e+00
   outer loop
     vertex  1.388407e+02 -7.825000e+01  1.510000e+00
     vertex  1.334580e+02 -7.822500e+01  1.510000e+00
     vertex  1.334580e+02 -8.222500e+01  1.510000e+00
   endloop
 endfacet
 facet normal  0.000000e+00  0.000000e+00  1.000000e+00
   outer loop
     vertex  1.392250e+02 -7.863433e+01  1.510000e+00
     vertex  1.390075e+02 -7.846746e+01  1.510000e+00
     vertex  1.352500e+02 -8.404198e+01  1.510000e+00
   endloop
 endfacet
 facet normal  0.000000e+00  0.000000e+00  1.000000e+00
   outer loop
     vertex  1.392250e+02 -7.863433e+01  1.510000e+00
     vertex  1.392500e+02 -8.404199e+01  1.510000e+00
     vertex  1.393706e+02 -8.399204e+01  1.510000e+00
   endloop
 endfacet
 facet normal  0.000000e+00  0.000000e+00  1.000000e+00
   outer loop
     vertex  1.392250e+02 -7.863433e+01  1.510000e+00
     vertex  1.352500e+02 -8.404198e+01  1.510000e+00
     vertex  1.392500e+02 -8.404199e+01  1.510000e+00
   endloop
 endfacet
 facet normal  0.000000e+00  0.000000e+00  1.000000e+00
   outer loop
     vertex  1.422500e+02 -8.157500e+01  1.510000e+00
     vertex  1.400000e+02 -9.297500e+01  1.510000e+00
     vertex  1.422500e+02 -1.022250e+02  1.510000e+00
   endloop
 endfacet
 facet normal  0.000000e+00  0.000000e+00  1.000000e+00
   outer loop
     vertex  1.422500e+02 -8.157500e+01  1.510000e+00
     vertex  1.395000e+02 -8.397501e+01  1.510000e+00
     vertex  1.396294e+02 -8.399204e+01  1.510000e+00
   endloop
 endfacet
 facet normal  0.000000e+00  0.000000e+00  1.000000e+00
   outer loop
     vertex  1.422500e+02 -8.157500e+01  1.510000e+00
     vertex  1.396294e+02 -8.399204e+01  1.510000e+00
     vertex  1.397500e+02 -8.404199e+01  1.510000e+00
   endloop
 endfacet
 facet normal  0.000000e+00  0.000000e+00  1.000000e+00
   outer loop
     vertex  1.422500e+02 -8.157500e+01  1.510000e+00
     vertex  1.397500e+02 -8.404199e+01  1.510000e+00
     vertex  1.398536e+02 -8.412145e+01  1.510000e+00
   endloop
 endfacet
 facet normal  0.000000e+00  0.000000e+00  1.000000e+00
   outer loop
     vertex  1.422500e+02 -8.157500e+01  1.510000e+00
     vertex  1.398536e+02 -8.412145e+01  1.510000e+00
     vertex  1.399330e+02 -8.422501e+01  1.510000e+00
   endloop
 endfacet
 facet normal  0.000000e+00  0.000000e+00  1.000000e+00
   outer loop
     vertex  1.422500e+02 -8.157500e+01  1.510000e+00
     vertex  1.399330e+02 -8.422501e+01  1.510000e+00
     vertex  1.399830e+02 -8.434560e+01  1.510000e+00
   endloop
 endfacet
 facet normal  0.000000e+00  0.000000e+00  1.000000e+00
   outer loop
     vertex  1.422500e+02 -8.157500e+01  1.510000e+00
     vertex  1.399830e+02 -8.434560e+01  1.510000e+00
     vertex  1.400000e+02 -8.447501e+01  1.510000e+00
   endloop
 endfacet
 facet normal  0.000000e+00  0.000000e+00  1.000000e+00
   outer loop
     vertex  1.422500e+02 -8.157500e+01  1.510000e+00
     vertex  1.400000e+02 -8.447501e+01  1.510000e+00
     vertex  1.399830e+02 -8.460442e+01  1.510000e+00
   endloop
 endfacet
 facet normal  0.000000e+00  0.000000e+00  1.000000e+00
   outer loop
     vertex  1.422500e+02 -8.157500e+01  1.510000e+00
     vertex  1.399830e+02 -8.460442e+01  1.510000e+00
     vertex  1.399330e+02 -8.472501e+01  1.510000e+00
   endloop
 endfacet
 facet normal  0.000000e+00  0.000000e+00  1.000000e+00
   outer loop
     vertex  1.422500e+02 -8.157500e+01  1.510000e+00
     vertex  1.399330e+02 -9.272500e+01  1.510000e+00
     vertex  1.399830e+02 -9.284559e+01  1.510000e+00
   endloop
 endfacet
 facet normal  0.000000e+00  0.000000e+00  1.000000e+00
   outer loop
     vertex  1.422500e+02 -8.157500e+01  1.510000e+00
     vertex  1.399830e+02 -9.284559e+01  1.510000e+00
     vertex  1.400000e+02 -9.297500e+01  1.510000e+00
   endloop
 endfacet
 facet normal  0.000000e+00  0.000000e+00  1.000000e+00
   outer loop
     vertex  1.422500e+02 -8.157500e+01  1.510000e+00
     vertex  1.399330e+02 -8.472501e+01  1.510000e+00
     vertex  1.399330e+02 -9.272500e+01  1.510000e+00
   endloop
 endfacet
 facet normal  0.000000e+00  0.000000e+00  1.000000e+00
   outer loop
     vertex  1.394782e+02 -7.873922e+01  1.510000e+00
     vertex  1.392250e+02 -7.863433e+01  1.510000e+00
     vertex  1.393706e+02 -8.399204e+01  1.510000e+00
   endloop
 endfacet
 facet normal  0.000000e+00  0.000000e+00  1.000000e+00
   outer loop
     vertex  1.394782e+02 -7.873922e+01  1.510000e+00
     vertex  1.393706e+02 -8.399204e+01  1.510000e+00
     vertex  1.395000e+02 -8.397501e+01  1.510000e+00
   endloop
 endfacet
 facet normal  0.000000e+00  0.000000e+00  1.000000e+00
   outer loop
     vertex  1.387358e+02 -7.799676e+01  1.510000e+00
     vertex  1.335250e+02 -7.797500e+01  1.510000e+00
     vertex  1.335080e+02 -7.810441e+01  1.510000e+00
   endloop
 endfacet
 facet normal  0.000000e+00  0.000000e+00  1.000000e+00
   outer loop
     vertex  1.387358e+02 -7.799676e+01  1.510000e+00
     vertex  1.335080e+02 -7.810441e+01  1.510000e+00
     vertex  1.388407e+02 -7.825000e+01  1.510000e+00
   endloop
 endfacet
 facet normal  0.000000e+00  0.000000e+00  1.000000e+00
   outer loop
     vertex  1.397500e+02 -7.877500e+01  1.510000e+00
     vertex  1.394782e+02 -7.873922e+01  1.510000e+00
     vertex  1.395000e+02 -8.397501e+01  1.510000e+00
   endloop
 endfacet
 facet normal  0.000000e+00  0.000000e+00  1.000000e+00
   outer loop
     vertex  1.397500e+02 -7.877500e+01  1.510000e+00
     vertex  1.395000e+02 -8.397501e+01  1.510000e+00
     vertex  1.422500e+02 -8.157500e+01  1.510000e+00
   endloop
 endfacet
 facet normal  0.000000e+00  0.000000e+00  1.000000e+00
   outer loop
     vertex  1.387000e+02 -7.772500e+01  1.510000e+00
     vertex  1.335250e+02 -7.797500e+01  1.510000e+00
     vertex  1.387358e+02 -7.799676e+01  1.510000e+00
   endloop
 endfacet
 facet normal  0.000000e+00  0.000000e+00  1.000000e+00
   outer loop
     vertex  1.387000e+02 -7.772500e+01  1.510000e+00
     vertex  1.335080e+02 -7.784559e+01  1.510000e+00
     vertex  1.335250e+02 -7.797500e+01  1.510000e+00
   endloop
 endfacet
 facet normal  0.000000e+00  0.000000e+00  1.000000e+00
   outer loop
     vertex  1.387358e+02 -7.745324e+01  1.510000e+00
     vertex  1.335080e+02 -7.784559e+01  1.510000e+00
     vertex  1.387000e+02 -7.772500e+01  1.510000e+00
   endloop
 endfacet
 facet normal  0.000000e+00  0.000000e+00  1.000000e+00
   outer loop
     vertex  1.387358e+02 -7.745324e+01  1.510000e+00
     vertex  1.334580e+02 -7.772500e+01  1.510000e+00
     vertex  1.335080e+02 -7.784559e+01  1.510000e+00
   endloop
 endfacet
 facet normal  0.000000e+00  0.000000e+00  1.000000e+00
   outer loop
     vertex  1.400218e+02 -7.873922e+01  1.510000e+00
     vertex  1.397500e+02 -7.877500e+01  1.510000e+00
     vertex  1.422500e+02 -8.157500e+01  1.510000e+00
   endloop
 endfacet
 facet normal  0.000000e+00  0.000000e+00  1.000000e+00
   outer loop
     vertex  1.388407e+02 -7.720000e+01  1.510000e+00
     vertex  1.334580e+02 -7.772500e+01  1.510000e+00
     vertex  1.387358e+02 -7.745324e+01  1.510000e+00
   endloop
 endfacet
 facet normal  0.000000e+00  0.000000e+00  1.000000e+00
   outer loop
     vertex  1.388407e+02 -7.720000e+01  1.510000e+00
     vertex  1.333786e+02 -7.762144e+01  1.510000e+00
     vertex  1.334580e+02 -7.772500e+01  1.510000e+00
   endloop
 endfacet
 facet normal  0.000000e+00  0.000000e+00  1.000000e+00
   outer loop
     vertex  1.402750e+02 -7.863433e+01  1.510000e+00
     vertex  1.400218e+02 -7.873922e+01  1.510000e+00
     vertex  1.422500e+02 -8.157500e+01  1.510000e+00
   endloop
 endfacet
 facet normal  0.000000e+00  0.000000e+00  1.000000e+00
   outer loop
     vertex  1.404925e+02 -7.846746e+01  1.510000e+00
     vertex  1.402750e+02 -7.863433e+01  1.510000e+00
     vertex  1.422500e+02 -8.157500e+01  1.510000e+00
   endloop
 endfacet
 facet normal  0.000000e+00  0.000000e+00  1.000000e+00
   outer loop
     vertex  1.390075e+02 -7.698254e+01  1.510000e+00
     vertex  1.333786e+02 -7.762144e+01  1.510000e+00
     vertex  1.388407e+02 -7.720000e+01  1.510000e+00
   endloop
 endfacet
 facet normal  0.000000e+00  0.000000e+00  1.000000e+00
   outer loop
     vertex  1.390075e+02 -7.698254e+01  1.510000e+00
     vertex  1.332750e+02 -7.754198e+01  1.510000e+00
     vertex  1.333786e+02 -7.762144e+01  1.510000e+00
   endloop
 endfacet
 facet normal  0.000000e+00  0.000000e+00  1.000000e+00
   outer loop
     vertex  1.392250e+02 -7.681567e+01  1.510000e+00
     vertex  1.332750e+02 -7.754198e+01  1.510000e+00
     vertex  1.390075e+02 -7.698254e+01  1.510000e+00
   endloop
 endfacet
 facet normal  0.000000e+00  0.000000e+00  1.000000e+00
   outer loop
     vertex  1.392250e+02 -7.681567e+01  1.510000e+00
     vertex  1.331544e+02 -7.749203e+01  1.510000e+00
     vertex  1.332750e+02 -7.754198e+01  1.510000e+00
   endloop
 endfacet
 facet normal  0.000000e+00  0.000000e+00  1.000000e+00
   outer loop
     vertex  1.406593e+02 -7.825000e+01  1.510000e+00
     vertex  1.404925e+02 -7.846746e+01  1.510000e+00
     vertex  1.422500e+02 -8.157500e+01  1.510000e+00
   endloop
 endfacet
 facet normal  0.000000e+00  0.000000e+00  1.000000e+00
   outer loop
     vertex  1.394782e+02 -7.671078e+01  1.510000e+00
     vertex  1.331544e+02 -7.749203e+01  1.510000e+00
     vertex  1.392250e+02 -7.681567e+01  1.510000e+00
   endloop
 endfacet
 facet normal  0.000000e+00  0.000000e+00  1.000000e+00
   outer loop
     vertex  1.394782e+02 -7.671078e+01  1.510000e+00
     vertex  1.330250e+02 -7.747500e+01  1.510000e+00
     vertex  1.331544e+02 -7.749203e+01  1.510000e+00
   endloop
 endfacet
 facet normal  0.000000e+00  0.000000e+00  1.000000e+00
   outer loop
     vertex  1.407642e+02 -7.799676e+01  1.510000e+00
     vertex  1.406593e+02 -7.825000e+01  1.510000e+00
     vertex  1.422500e+02 -8.157500e+01  1.510000e+00
   endloop
 endfacet
 facet normal  0.000000e+00  0.000000e+00  1.000000e+00
   outer loop
     vertex  1.422500e+02 -7.522500e+01  1.510000e+00
     vertex  1.394782e+02 -7.671078e+01  1.510000e+00
     vertex  1.397500e+02 -7.667500e+01  1.510000e+00
   endloop
 endfacet
 facet normal  0.000000e+00  0.000000e+00  1.000000e+00
   outer loop
     vertex  1.422500e+02 -7.522500e+01  1.510000e+00
     vertex  1.397500e+02 -7.667500e+01  1.510000e+00
     vertex  1.400218e+02 -7.671078e+01  1.510000e+00
   endloop
 endfacet
 facet normal  0.000000e+00  0.000000e+00  1.000000e+00
   outer loop
     vertex  1.422500e+02 -7.522500e+01  1.510000e+00
     vertex  1.400218e+02 -7.671078e+01  1.510000e+00
     vertex  1.402750e+02 -7.681567e+01  1.510000e+00
   endloop
 endfacet
 facet normal  0.000000e+00  0.000000e+00  1.000000e+00
   outer loop
     vertex  1.422500e+02 -7.522500e+01  1.510000e+00
     vertex  1.402750e+02 -7.681567e+01  1.510000e+00
     vertex  1.404925e+02 -7.698254e+01  1.510000e+00
   endloop
 endfacet
 facet normal  0.000000e+00  0.000000e+00  1.000000e+00
   outer loop
     vertex  1.422500e+02 -7.522500e+01  1.510000e+00
     vertex  1.404925e+02 -7.698254e+01  1.510000e+00
     vertex  1.406593e+02 -7.720000e+01  1.510000e+00
   endloop
 endfacet
 facet normal  0.000000e+00  0.000000e+00  1.000000e+00
   outer loop
     vertex  1.422500e+02 -7.522500e+01  1.510000e+00
     vertex  1.406593e+02 -7.720000e+01  1.510000e+00
     vertex  1.407642e+02 -7.745324e+01  1.510000e+00
   endloop
 endfacet
 facet normal  0.000000e+00  0.000000e+00  1.000000e+00
   outer loop
     vertex  1.422500e+02 -7.522500e+01  1.510000e+00
     vertex  1.407642e+02 -7.745324e+01  1.510000e+00
     vertex  1.408000e+02 -7.772500e+01  1.510000e+00
   endloop
 endfacet
 facet normal  0.000000e+00  0.000000e+00  1.000000e+00
   outer loop
     vertex  1.422500e+02 -7.522500e+01  1.510000e+00
     vertex  1.408000e+02 -7.772500e+01  1.510000e+00
     vertex  1.407642e+02 -7.799676e+01  1.510000e+00
   endloop
 endfacet
 facet normal  0.000000e+00  0.000000e+00  1.000000e+00
   outer loop
     vertex  1.422500e+02 -7.522500e+01  1.510000e+00
     vertex  1.330250e+02 -7.747500e+01  1.510000e+00
     vertex  1.394782e+02 -7.671078e+01  1.510000e+00
   endloop
 endfacet
 facet normal  0.000000e+00  0.000000e+00  1.000000e+00
   outer loop
     vertex  1.422500e+02 -7.522500e+01  1.510000e+00
     vertex  1.407642e+02 -7.799676e+01  1.510000e+00
     vertex  1.422500e+02 -8.157500e+01  1.510000e+00
   endloop
 endfacet
 facet normal  0.000000e+00  0.000000e+00  1.000000e+00
   outer loop
     vertex  1.422500e+02 -7.522500e+01  1.510000e+00
     vertex  1.172750e+02 -7.522500e+01  1.510000e+00
     vertex  1.330250e+02 -7.747500e+01  1.510000e+00
   endloop
 endfacet
 facet normal  0.000000e+00  0.000000e+00  1.000000e+00
   outer loop
     vertex  1.330250e+02 -7.747500e+01  1.510000e+00
     vertex  1.172750e+02 -7.522500e+01  1.510000e+00
     vertex  1.328956e+02 -7.749203e+01  1.510000e+00
   endloop
 endfacet
 facet normal  0.000000e+00  0.000000e+00  1.000000e+00
   outer loop
     vertex  1.328956e+02 -7.749203e+01  1.510000e+00
     vertex  1.172750e+02 -7.522500e+01  1.510000e+00
     vertex  1.246544e+02 -7.749204e+01  1.510000e+00
   endloop
 endfacet
 facet normal  0.000000e+00  0.000000e+00  1.000000e+00
   outer loop
     vertex  1.246544e+02 -7.749204e+01  1.510000e+00
     vertex  1.172750e+02 -7.522500e+01  1.510000e+00
     vertex  1.245250e+02 -7.747500e+01  1.510000e+00
   endloop
 endfacet
 facet normal  0.000000e+00  1.000000e+00  0.000000e+00
   outer loop
     vertex  1.422500e+02 -7.522500e+01  0.000000e+00
     vertex  1.172750e+02 -7.522500e+01  0.000000e+00
     vertex  1.172750e+02 -7.522500e+01  1.510000e+00
   endloop
 endfacet
 facet normal  0.000000e+00  1.000000e+00 -0.000000e+00
   outer loop
     vertex  1.422500e+02 -7.522500e+01  0.000000e+00
     vertex  1.172750e+02 -7.522500e+01  1.510000e+00
     vertex  1.422500e+02 -7.522500e+01  1.510000e+00
   endloop
 endfacet
 facet normal  8.141154e-01 -5.807031e-01  0.000000e+00
   outer loop
     vertex  1.353000e+02 -1.058750e+02  0.000000e+00
     vertex  1.379023e+02 -1.022267e+02  0.000000e+00
     vertex  1.379023e+02 -1.022267e+02  1.510000e+00
   endloop
 endfacet
 facet normal  8.141154e-01 -5.807031e-01  0.000000e+00
   outer loop
     vertex  1.353000e+02 -1.058750e+02  0.000000e+00
     vertex  1.379023e+02 -1.022267e+02  1.510000e+00
     vertex  1.353000e+02 -1.058750e+02  1.510000e+00
   endloop
 endfacet
 facet normal  0.000000e+00  1.000000e+00  0.000000e+00
   outer loop
     vertex  1.172750e+02 -7.522500e+01  0.000000e+00
     vertex  1.152500e+02 -7.522500e+01  0.000000e+00
     vertex  1.152500e+02 -7.522500e+01  1.510000e+00
   endloop
 endfacet
 facet normal  0.000000e+00  1.000000e+00 -0.000000e+00
   outer loop
     vertex  1.172750e+02 -7.522500e+01  0.000000e+00
     vertex  1.152500e+02 -7.522500e+01  1.510000e+00
     vertex  1.172750e+02 -7.522500e+01  1.510000e+00
   endloop
 endfacet
 facet normal  0.000000e+00 -1.000000e+00  0.000000e+00
   outer loop
     vertex  1.216000e+02 -1.058750e+02  0.000000e+00
     vertex  1.353000e+02 -1.058750e+02  0.000000e+00
     vertex  1.353000e+02 -1.058750e+02  1.510000e+00
   endloop
 endfacet
 facet normal  0.000000e+00 -1.000000e+00  0.000000e+00
   outer loop
     vertex  1.216000e+02 -1.058750e+02  0.000000e+00
     vertex  1.353000e+02 -1.058750e+02  1.510000e+00
     vertex  1.216000e+02 -1.058750e+02  1.510000e+00
   endloop
 endfacet
 facet normal -1.000000e+00  0.000000e+00  0.000000e+00
   outer loop
     vertex  1.152500e+02 -7.522500e+01  0.000000e+00
     vertex  1.152500e+02 -7.920000e+01  0.000000e+00
     vertex  1.152500e+02 -7.920000e+01  1.510000e+00
   endloop
 endfacet
 facet normal -1.000000e+00  0.000000e+00  0.000000e+00
   outer loop
     vertex  1.152500e+02 -7.522500e+01  0.000000e+00
     vertex  1.152500e+02 -7.920000e+01  1.510000e+00
     vertex  1.152500e+02 -7.522500e+01  1.510000e+00
   endloop
 endfacet
 facet normal -8.144867e-01 -5.801823e-01  0.000000e+00
   outer loop
     vertex  1.190000e+02 -1.022250e+02  0.000000e+00
     vertex  1.216000e+02 -1.058750e+02  0.000000e+00
     vertex  1.216000e+02 -1.058750e+02  1.510000e+00
   endloop
 endfacet
 facet normal -8.144867e-01 -5.801823e-01  0.000000e+00
   outer loop
     vertex  1.190000e+02 -1.022250e+02  0.000000e+00
     vertex  1.216000e+02 -1.058750e+02  1.510000e+00
     vertex  1.190000e+02 -1.022250e+02  1.510000e+00
   endloop
 endfacet
 facet normal -1.000000e+00  0.000000e+00  0.000000e+00
   outer loop
     vertex  1.152500e+02 -7.920000e+01  0.000000e+00
     vertex  1.152500e+02 -1.022250e+02  0.000000e+00
     vertex  1.152500e+02 -1.022250e+02  1.510000e+00
   endloop
 endfacet
 facet normal -1.000000e+00  0.000000e+00  0.000000e+00
   outer loop
     vertex  1.152500e+02 -7.920000e+01  0.000000e+00
     vertex  1.152500e+02 -1.022250e+02  1.510000e+00
     vertex  1.152500e+02 -7.920000e+01  1.510000e+00
   endloop
 endfacet
 facet normal  0.000000e+00 -1.000000e+00  0.000000e+00
   outer loop
     vertex  1.152500e+02 -1.022250e+02  0.000000e+00
     vertex  1.190000e+02 -1.022250e+02  0.000000e+00
     vertex  1.190000e+02 -1.022250e+02  1.510000e+00
   endloop
 endfacet
 facet normal  0.000000e+00 -1.000000e+00  0.000000e+00
   outer loop
     vertex  1.152500e+02 -1.022250e+02  0.000000e+00
     vertex  1.190000e+02 -1.022250e+02  1.510000e+00
     vertex  1.152500e+02 -1.022250e+02  1.510000e+00
   endloop
 endfacet
 facet normal -1.305262e-01  9.914449e-01  0.000000e+00
   outer loop
     vertex  1.180218e+02 -1.007392e+02  0.000000e+00
     vertex  1.177500e+02 -1.007750e+02  0.000000e+00
     vertex  1.177500e+02 -1.007750e+02  1.510000e+00
   endloop
 endfacet
 facet normal -1.305262e-01  9.914449e-01  0.000000e+00
   outer loop
     vertex  1.180218e+02 -1.007392e+02  0.000000e+00
     vertex  1.177500e+02 -1.007750e+02  1.510000e+00
     vertex  1.180218e+02 -1.007392e+02  1.510000e+00
   endloop
 endfacet
 facet normal -3.826834e-01  9.238795e-01  0.000000e+00
   outer loop
     vertex  1.182750e+02 -1.006343e+02  0.000000e+00
     vertex  1.180218e+02 -1.007392e+02  1.510000e+00
     vertex  1.182750e+02 -1.006343e+02  1.510000e+00
   endloop
 endfacet
 facet normal -3.826834e-01  9.238795e-01  0.000000e+00
   outer loop
     vertex  1.182750e+02 -1.006343e+02  0.000000e+00
     vertex  1.180218e+02 -1.007392e+02  0.000000e+00
     vertex  1.180218e+02 -1.007392e+02  1.510000e+00
   endloop
 endfacet
 facet normal -6.087614e-01  7.933533e-01  0.000000e+00
   outer loop
     vertex  1.184925e+02 -1.004675e+02  0.000000e+00
     vertex  1.182750e+02 -1.006343e+02  1.510000e+00
     vertex  1.184925e+02 -1.004675e+02  1.510000e+00
   endloop
 endfacet
 facet normal -6.087614e-01  7.933533e-01  0.000000e+00
   outer loop
     vertex  1.184925e+02 -1.004675e+02  0.000000e+00
     vertex  1.182750e+02 -1.006343e+02  0.000000e+00
     vertex  1.182750e+02 -1.006343e+02  1.510000e+00
   endloop
 endfacet
 facet normal -7.933533e-01  6.087614e-01  0.000000e+00
   outer loop
     vertex  1.186593e+02 -1.002500e+02  0.000000e+00
     vertex  1.184925e+02 -1.004675e+02  1.510000e+00
     vertex  1.186593e+02 -1.002500e+02  1.510000e+00
   endloop
 endfacet
 facet normal -7.933533e-01  6.087614e-01  0.000000e+00
   outer loop
     vertex  1.186593e+02 -1.002500e+02  0.000000e+00
     vertex  1.184925e+02 -1.004675e+02  0.000000e+00
     vertex  1.184925e+02 -1.004675e+02  1.510000e+00
   endloop
 endfacet
 facet normal -9.238795e-01  3.826834e-01  0.000000e+00
   outer loop
     vertex  1.187642e+02 -9.999676e+01  0.000000e+00
     vertex  1.186593e+02 -1.002500e+02  1.510000e+00
     vertex  1.187642e+02 -9.999676e+01  1.510000e+00
   endloop
 endfacet
 facet normal -9.238795e-01  3.826834e-01  0.000000e+00
   outer loop
     vertex  1.187642e+02 -9.999676e+01  0.000000e+00
     vertex  1.186593e+02 -1.002500e+02  0.000000e+00
     vertex  1.186593e+02 -1.002500e+02  1.510000e+00
   endloop
 endfacet
 facet normal -9.914449e-01  1.305262e-01  0.000000e+00
   outer loop
     vertex  1.188000e+02 -9.972500e+01  0.000000e+00
     vertex  1.187642e+02 -9.999676e+01  1.510000e+00
     vertex  1.188000e+02 -9.972500e+01  1.510000e+00
   endloop
 endfacet
 facet normal -9.914449e-01  1.305262e-01  0.000000e+00
   outer loop
     vertex  1.188000e+02 -9.972500e+01  0.000000e+00
     vertex  1.187642e+02 -9.999676e+01  0.000000e+00
     vertex  1.187642e+02 -9.999676e+01  1.510000e+00
   endloop
 endfacet
 facet normal -9.914449e-01 -1.305262e-01  0.000000e+00
   outer loop
     vertex  1.187642e+02 -9.945324e+01  0.000000e+00
     vertex  1.188000e+02 -9.972500e+01  1.510000e+00
     vertex  1.187642e+02 -9.945324e+01  1.510000e+00
   endloop
 endfacet
 facet normal -9.914449e-01 -1.305262e-01  0.000000e+00
   outer loop
     vertex  1.187642e+02 -9.945324e+01  0.000000e+00
     vertex  1.188000e+02 -9.972500e+01  0.000000e+00
     vertex  1.188000e+02 -9.972500e+01  1.510000e+00
   endloop
 endfacet
 facet normal -9.238795e-01 -3.826834e-01  0.000000e+00
   outer loop
     vertex  1.186593e+02 -9.920000e+01  0.000000e+00
     vertex  1.187642e+02 -9.945324e+01  1.510000e+00
     vertex  1.186593e+02 -9.920000e+01  1.510000e+00
   endloop
 endfacet
 facet normal -9.238795e-01 -3.826834e-01  0.000000e+00
   outer loop
     vertex  1.186593e+02 -9.920000e+01  0.000000e+00
     vertex  1.187642e+02 -9.945324e+01  0.000000e+00
     vertex  1.187642e+02 -9.945324e+01  1.510000e+00
   endloop
 endfacet
 facet normal -7.933533e-01 -6.087614e-01  0.000000e+00
   outer loop
     vertex  1.184925e+02 -9.898254e+01  0.000000e+00
     vertex  1.186593e+02 -9.920000e+01  1.510000e+00
     vertex  1.184925e+02 -9.898254e+01  1.510000e+00
   endloop
 endfacet
 facet normal -7.933533e-01 -6.087614e-01  0.000000e+00
   outer loop
     vertex  1.184925e+02 -9.898254e+01  0.000000e+00
     vertex  1.186593e+02 -9.920000e+01  0.000000e+00
     vertex  1.186593e+02 -9.920000e+01  1.510000e+00
   endloop
 endfacet
 facet normal -6.087614e-01 -7.933533e-01  0.000000e+00
   outer loop
     vertex  1.182750e+02 -9.881567e+01  0.000000e+00
     vertex  1.184925e+02 -9.898254e+01  1.510000e+00
     vertex  1.182750e+02 -9.881567e+01  1.510000e+00
   endloop
 endfacet
 facet normal -6.087614e-01 -7.933533e-01  0.000000e+00
   outer loop
     vertex  1.182750e+02 -9.881567e+01  0.000000e+00
     vertex  1.184925e+02 -9.898254e+01  0.000000e+00
     vertex  1.184925e+02 -9.898254e+01  1.510000e+00
   endloop
 endfacet
 facet normal -3.826834e-01 -9.238795e-01  0.000000e+00
   outer loop
     vertex  1.180218e+02 -9.871078e+01  0.000000e+00
     vertex  1.182750e+02 -9.881567e+01  1.510000e+00
     vertex  1.180218e+02 -9.871078e+01  1.510000e+00
   endloop
 endfacet
 facet normal -3.826834e-01 -9.238795e-01  0.000000e+00
   outer loop
     vertex  1.180218e+02 -9.871078e+01  0.000000e+00
     vertex  1.182750e+02 -9.881567e+01  0.000000e+00
     vertex  1.182750e+02 -9.881567e+01  1.510000e+00
   endloop
 endfacet
 facet normal -1.305262e-01 -9.914449e-01  0.000000e+00
   outer loop
     vertex  1.177500e+02 -9.867500e+01  0.000000e+00
     vertex  1.180218e+02 -9.871078e+01  1.510000e+00
     vertex  1.177500e+02 -9.867500e+01  1.510000e+00
   endloop
 endfacet
 facet normal -1.305262e-01 -9.914449e-01  0.000000e+00
   outer loop
     vertex  1.177500e+02 -9.867500e+01  0.000000e+00
     vertex  1.180218e+02 -9.871078e+01  0.000000e+00
     vertex  1.180218e+02 -9.871078e+01  1.510000e+00
   endloop
 endfacet
 facet normal  1.305262e-01 -9.914449e-01  0.000000e+00
   outer loop
     vertex  1.174782e+02 -9.871078e+01  0.000000e+00
     vertex  1.177500e+02 -9.867500e+01  1.510000e+00
     vertex  1.174782e+02 -9.871078e+01  1.510000e+00
   endloop
 endfacet
 facet normal  1.305262e-01 -9.914449e-01  0.000000e+00
   outer loop
     vertex  1.174782e+02 -9.871078e+01  0.000000e+00
     vertex  1.177500e+02 -9.867500e+01  0.000000e+00
     vertex  1.177500e+02 -9.867500e+01  1.510000e+00
   endloop
 endfacet
 facet normal  3.826834e-01 -9.238795e-01  0.000000e+00
   outer loop
     vertex  1.172250e+02 -9.881567e+01  0.000000e+00
     vertex  1.174782e+02 -9.871078e+01  0.000000e+00
     vertex  1.174782e+02 -9.871078e+01  1.510000e+00
   endloop
 endfacet
 facet normal  3.826834e-01 -9.238795e-01  0.000000e+00
   outer loop
     vertex  1.172250e+02 -9.881567e+01  0.000000e+00
     vertex  1.174782e+02 -9.871078e+01  1.510000e+00
     vertex  1.172250e+02 -9.881567e+01  1.510000e+00
   endloop
 endfacet
 facet normal  6.087614e-01 -7.933533e-01  0.000000e+00
   outer loop
     vertex  1.170075e+02 -9.898254e+01  0.000000e+00
     vertex  1.172250e+02 -9.881567e+01  0.000000e+00
     vertex  1.172250e+02 -9.881567e+01  1.510000e+00
   endloop
 endfacet
 facet normal  7.933533e-01 -6.087614e-01  0.000000e+00
   outer loop
     vertex  1.170075e+02 -9.898254e+01  0.000000e+00
     vertex  1.170075e+02 -9.898254e+01  1.510000e+00
     vertex  1.168407e+02 -9.920000e+01  1.510000e+00
   endloop
 endfacet
 facet normal  6.087614e-01 -7.933533e-01  0.000000e+00
   outer loop
     vertex  1.170075e+02 -9.898254e+01  0.000000e+00
     vertex  1.172250e+02 -9.881567e+01  1.510000e+00
     vertex  1.170075e+02 -9.898254e+01  1.510000e+00
   endloop
 endfacet
 facet normal  7.933533e-01 -6.087614e-01  0.000000e+00
   outer loop
     vertex  1.168407e+02 -9.920000e+01  0.000000e+00
     vertex  1.170075e+02 -9.898254e+01  0.000000e+00
     vertex  1.168407e+02 -9.920000e+01  1.510000e+00
   endloop
 endfacet
 facet normal  9.238795e-01 -3.826834e-01  0.000000e+00
   outer loop
     vertex  1.168407e+02 -9.920000e+01  0.000000e+00
     vertex  1.168407e+02 -9.920000e+01  1.510000e+00
     vertex  1.167358e+02 -9.945324e+01  1.510000e+00
   endloop
 endfacet
 facet normal  9.238795e-01 -3.826834e-01  0.000000e+00
   outer loop
     vertex  1.167358e+02 -9.945324e+01  0.000000e+00
     vertex  1.168407e+02 -9.920000e+01  0.000000e+00
     vertex  1.167358e+02 -9.945324e+01  1.510000e+00
   endloop
 endfacet
 facet normal  9.914449e-01 -1.305262e-01  0.000000e+00
   outer loop
     vertex  1.167000e+02 -9.972500e+01  0.000000e+00
     vertex  1.167358e+02 -9.945324e+01  0.000000e+00
     vertex  1.167358e+02 -9.945324e+01  1.510000e+00
   endloop
 endfacet
 facet normal  9.914449e-01 -1.305262e-01  0.000000e+00
   outer loop
     vertex  1.167000e+02 -9.972500e+01  0.000000e+00
     vertex  1.167358e+02 -9.945324e+01  1.510000e+00
     vertex  1.167000e+02 -9.972500e+01  1.510000e+00
   endloop
 endfacet
 facet normal  9.914449e-01  1.305262e-01 -0.000000e+00
   outer loop
     vertex  1.167358e+02 -9.999676e+01  0.000000e+00
     vertex  1.167000e+02 -9.972500e+01  1.510000e+00
     vertex  1.167358e+02 -9.999676e+01  1.510000e+00
   endloop
 endfacet
 facet normal  9.914449e-01  1.305262e-01  0.000000e+00
   outer loop
     vertex  1.167358e+02 -9.999676e+01  0.000000e+00
     vertex  1.167000e+02 -9.972500e+01  0.000000e+00
     vertex  1.167000e+02 -9.972500e+01  1.510000e+00
   endloop
 endfacet
 facet normal  9.238795e-01  3.826834e-01 -0.000000e+00
   outer loop
     vertex  1.168407e+02 -1.002500e+02  0.000000e+00
     vertex  1.167358e+02 -9.999676e+01  1.510000e+00
     vertex  1.168407e+02 -1.002500e+02  1.510000e+00
   endloop
 endfacet
 facet normal  9.238795e-01  3.826834e-01  0.000000e+00
   outer loop
     vertex  1.168407e+02 -1.002500e+02  0.000000e+00
     vertex  1.167358e+02 -9.999676e+01  0.000000e+00
     vertex  1.167358e+02 -9.999676e+01  1.510000e+00
   endloop
 endfacet
 facet normal  6.087614e-01  7.933533e-01 -0.000000e+00
   outer loop
     vertex  1.170075e+02 -1.004675e+02  0.000000e+00
     vertex  1.170075e+02 -1.004675e+02  1.510000e+00
     vertex  1.172250e+02 -1.006343e+02  1.510000e+00
   endloop
 endfacet
 facet normal  7.933533e-01  6.087614e-01 -0.000000e+00
   outer loop
     vertex  1.170075e+02 -1.004675e+02  0.000000e+00
     vertex  1.168407e+02 -1.002500e+02  1.510000e+00
     vertex  1.170075e+02 -1.004675e+02  1.510000e+00
   endloop
 endfacet
 facet normal  7.933533e-01  6.087614e-01  0.000000e+00
   outer loop
     vertex  1.170075e+02 -1.004675e+02  0.000000e+00
     vertex  1.168407e+02 -1.002500e+02  0.000000e+00
     vertex  1.168407e+02 -1.002500e+02  1.510000e+00
   endloop
 endfacet
 facet normal  6.087614e-01  7.933533e-01 -0.000000e+00
   outer loop
     vertex  1.172250e+02 -1.006343e+02  0.000000e+00
     vertex  1.170075e+02 -1.004675e+02  0.000000e+00
     vertex  1.172250e+02 -1.006343e+02  1.510000e+00
   endloop
 endfacet
 facet normal  3.826834e-01  9.238795e-01 -0.000000e+00
   outer loop
     vertex  1.174782e+02 -1.007392e+02  0.000000e+00
     vertex  1.172250e+02 -1.006343e+02  1.510000e+00
     vertex  1.174782e+02 -1.007392e+02  1.510000e+00
   endloop
 endfacet
 facet normal  3.826834e-01  9.238795e-01  0.000000e+00
   outer loop
     vertex  1.174782e+02 -1.007392e+02  0.000000e+00
     vertex  1.172250e+02 -1.006343e+02  0.000000e+00
     vertex  1.172250e+02 -1.006343e+02  1.510000e+00
   endloop
 endfacet
 facet normal  1.305262e-01  9.914449e-01 -0.000000e+00
   outer loop
     vertex  1.177500e+02 -1.007750e+02  0.000000e+00
     vertex  1.174782e+02 -1.007392e+02  1.510000e+00
     vertex  1.177500e+02 -1.007750e+02  1.510000e+00
   endloop
 endfacet
 facet normal  1.305262e-01  9.914449e-01  0.000000e+00
   outer loop
     vertex  1.177500e+02 -1.007750e+02  0.000000e+00
     vertex  1.174782e+02 -1.007392e+02  0.000000e+00
     vertex  1.174782e+02 -1.007392e+02  1.510000e+00
   endloop
 endfacet
 facet normal -1.305262e-01  9.914449e-01  0.000000e+00
   outer loop
     vertex  1.234994e+02 -1.045830e+02  0.000000e+00
     vertex  1.233700e+02 -1.046000e+02  0.000000e+00
     vertex  1.233700e+02 -1.046000e+02  1.510000e+00
   endloop
 endfacet
 facet normal -1.305262e-01  9.914449e-01  0.000000e+00
   outer loop
     vertex  1.234994e+02 -1.045830e+02  0.000000e+00
     vertex  1.233700e+02 -1.046000e+02  1.510000e+00
     vertex  1.234994e+02 -1.045830e+02  1.510000e+00
   endloop
 endfacet
 facet normal -3.826834e-01  9.238795e-01  0.000000e+00
   outer loop
     vertex  1.236200e+02 -1.045330e+02  0.000000e+00
     vertex  1.234994e+02 -1.045830e+02  1.510000e+00
     vertex  1.236200e+02 -1.045330e+02  1.510000e+00
   endloop
 endfacet
 facet normal -3.826834e-01  9.238795e-01  0.000000e+00
   outer loop
     vertex  1.236200e+02 -1.045330e+02  0.000000e+00
     vertex  1.234994e+02 -1.045830e+02  0.000000e+00
     vertex  1.234994e+02 -1.045830e+02  1.510000e+00
   endloop
 endfacet
 facet normal -6.087614e-01  7.933533e-01  0.000000e+00
   outer loop
     vertex  1.237236e+02 -1.044536e+02  0.000000e+00
     vertex  1.236200e+02 -1.045330e+02  1.510000e+00
     vertex  1.237236e+02 -1.044536e+02  1.510000e+00
   endloop
 endfacet
 facet normal -6.087614e-01  7.933533e-01  0.000000e+00
   outer loop
     vertex  1.237236e+02 -1.044536e+02  0.000000e+00
     vertex  1.236200e+02 -1.045330e+02  0.000000e+00
     vertex  1.236200e+02 -1.045330e+02  1.510000e+00
   endloop
 endfacet
 facet normal -7.933533e-01  6.087614e-01  0.000000e+00
   outer loop
     vertex  1.238030e+02 -1.043500e+02  0.000000e+00
     vertex  1.237236e+02 -1.044536e+02  1.510000e+00
     vertex  1.238030e+02 -1.043500e+02  1.510000e+00
   endloop
 endfacet
 facet normal -7.933533e-01  6.087614e-01  0.000000e+00
   outer loop
     vertex  1.238030e+02 -1.043500e+02  0.000000e+00
     vertex  1.237236e+02 -1.044536e+02  0.000000e+00
     vertex  1.237236e+02 -1.044536e+02  1.510000e+00
   endloop
 endfacet
 facet normal -9.238795e-01  3.826834e-01  0.000000e+00
   outer loop
     vertex  1.238530e+02 -1.042294e+02  0.000000e+00
     vertex  1.238030e+02 -1.043500e+02  1.510000e+00
     vertex  1.238530e+02 -1.042294e+02  1.510000e+00
   endloop
 endfacet
 facet normal -9.238795e-01  3.826834e-01  0.000000e+00
   outer loop
     vertex  1.238530e+02 -1.042294e+02  0.000000e+00
     vertex  1.238030e+02 -1.043500e+02  0.000000e+00
     vertex  1.238030e+02 -1.043500e+02  1.510000e+00
   endloop
 endfacet
 facet normal -9.914449e-01  1.305262e-01  0.000000e+00
   outer loop
     vertex  1.238700e+02 -1.041000e+02  0.000000e+00
     vertex  1.238530e+02 -1.042294e+02  1.510000e+00
     vertex  1.238700e+02 -1.041000e+02  1.510000e+00
   endloop
 endfacet
 facet normal -9.914449e-01  1.305262e-01  0.000000e+00
   outer loop
     vertex  1.238700e+02 -1.041000e+02  0.000000e+00
     vertex  1.238530e+02 -1.042294e+02  0.000000e+00
     vertex  1.238530e+02 -1.042294e+02  1.510000e+00
   endloop
 endfacet
 facet normal -9.914449e-01 -1.305262e-01  0.000000e+00
   outer loop
     vertex  1.238530e+02 -1.039706e+02  0.000000e+00
     vertex  1.238700e+02 -1.041000e+02  1.510000e+00
     vertex  1.238530e+02 -1.039706e+02  1.510000e+00
   endloop
 endfacet
 facet normal -9.914449e-01 -1.305262e-01  0.000000e+00
   outer loop
     vertex  1.238530e+02 -1.039706e+02  0.000000e+00
     vertex  1.238700e+02 -1.041000e+02  0.000000e+00
     vertex  1.238700e+02 -1.041000e+02  1.510000e+00
   endloop
 endfacet
 facet normal -9.238795e-01 -3.826834e-01  0.000000e+00
   outer loop
     vertex  1.238030e+02 -1.038500e+02  0.000000e+00
     vertex  1.238530e+02 -1.039706e+02  1.510000e+00
     vertex  1.238030e+02 -1.038500e+02  1.510000e+00
   endloop
 endfacet
 facet normal -9.238795e-01 -3.826834e-01  0.000000e+00
   outer loop
     vertex  1.238030e+02 -1.038500e+02  0.000000e+00
     vertex  1.238530e+02 -1.039706e+02  0.000000e+00
     vertex  1.238530e+02 -1.039706e+02  1.510000e+00
   endloop
 endfacet
 facet normal -7.933533e-01 -6.087614e-01  0.000000e+00
   outer loop
     vertex  1.237236e+02 -1.037464e+02  0.000000e+00
     vertex  1.238030e+02 -1.038500e+02  1.510000e+00
     vertex  1.237236e+02 -1.037464e+02  1.510000e+00
   endloop
 endfacet
 facet normal -7.933533e-01 -6.087614e-01  0.000000e+00
   outer loop
     vertex  1.237236e+02 -1.037464e+02  0.000000e+00
     vertex  1.238030e+02 -1.038500e+02  0.000000e+00
     vertex  1.238030e+02 -1.038500e+02  1.510000e+00
   endloop
 endfacet
 facet normal -6.087614e-01 -7.933533e-01  0.000000e+00
   outer loop
     vertex  1.236200e+02 -1.036670e+02  0.000000e+00
     vertex  1.237236e+02 -1.037464e+02  1.510000e+00
     vertex  1.236200e+02 -1.036670e+02  1.510000e+00
   endloop
 endfacet
 facet normal -6.087614e-01 -7.933533e-01  0.000000e+00
   outer loop
     vertex  1.236200e+02 -1.036670e+02  0.000000e+00
     vertex  1.237236e+02 -1.037464e+02  0.000000e+00
     vertex  1.237236e+02 -1.037464e+02  1.510000e+00
   endloop
 endfacet
 facet normal -3.826834e-01 -9.238795e-01  0.000000e+00
   outer loop
     vertex  1.234994e+02 -1.036170e+02  0.000000e+00
     vertex  1.236200e+02 -1.036670e+02  1.510000e+00
     vertex  1.234994e+02 -1.036170e+02  1.510000e+00
   endloop
 endfacet
 facet normal -3.826834e-01 -9.238795e-01  0.000000e+00
   outer loop
     vertex  1.234994e+02 -1.036170e+02  0.000000e+00
     vertex  1.236200e+02 -1.036670e+02  0.000000e+00
     vertex  1.236200e+02 -1.036670e+02  1.510000e+00
   endloop
 endfacet
 facet normal -1.305262e-01 -9.914449e-01  0.000000e+00
   outer loop
     vertex  1.233700e+02 -1.036000e+02  0.000000e+00
     vertex  1.234994e+02 -1.036170e+02  1.510000e+00
     vertex  1.233700e+02 -1.036000e+02  1.510000e+00
   endloop
 endfacet
 facet normal -1.305262e-01 -9.914449e-01  0.000000e+00
   outer loop
     vertex  1.233700e+02 -1.036000e+02  0.000000e+00
     vertex  1.234994e+02 -1.036170e+02  0.000000e+00
     vertex  1.234994e+02 -1.036170e+02  1.510000e+00
   endloop
 endfacet
 facet normal  1.305262e-01 -9.914449e-01  0.000000e+00
   outer loop
     vertex  1.232406e+02 -1.036170e+02  0.000000e+00
     vertex  1.233700e+02 -1.036000e+02  1.510000e+00
     vertex  1.232406e+02 -1.036170e+02  1.510000e+00
   endloop
 endfacet
 facet normal  1.305262e-01 -9.914449e-01  0.000000e+00
   outer loop
     vertex  1.232406e+02 -1.036170e+02  0.000000e+00
     vertex  1.233700e+02 -1.036000e+02  0.000000e+00
     vertex  1.233700e+02 -1.036000e+02  1.510000e+00
   endloop
 endfacet
 facet normal  3.826834e-01 -9.238795e-01  0.000000e+00
   outer loop
     vertex  1.231200e+02 -1.036670e+02  0.000000e+00
     vertex  1.232406e+02 -1.036170e+02  0.000000e+00
     vertex  1.232406e+02 -1.036170e+02  1.510000e+00
   endloop
 endfacet
 facet normal  3.826834e-01 -9.238795e-01  0.000000e+00
   outer loop
     vertex  1.231200e+02 -1.036670e+02  0.000000e+00
     vertex  1.232406e+02 -1.036170e+02  1.510000e+00
     vertex  1.231200e+02 -1.036670e+02  1.510000e+00
   endloop
 endfacet
 facet normal  6.087614e-01 -7.933533e-01  0.000000e+00
   outer loop
     vertex  1.230164e+02 -1.037464e+02  0.000000e+00
     vertex  1.231200e+02 -1.036670e+02  0.000000e+00
     vertex  1.231200e+02 -1.036670e+02  1.510000e+00
   endloop
 endfacet
 facet normal  7.933533e-01 -6.087614e-01  0.000000e+00
   outer loop
     vertex  1.230164e+02 -1.037464e+02  0.000000e+00
     vertex  1.230164e+02 -1.037464e+02  1.510000e+00
     vertex  1.229370e+02 -1.038500e+02  1.510000e+00
   endloop
 endfacet
 facet normal  6.087614e-01 -7.933533e-01  0.000000e+00
   outer loop
     vertex  1.230164e+02 -1.037464e+02  0.000000e+00
     vertex  1.231200e+02 -1.036670e+02  1.510000e+00
     vertex  1.230164e+02 -1.037464e+02  1.510000e+00
   endloop
 endfacet
 facet normal  7.933533e-01 -6.087614e-01  0.000000e+00
   outer loop
     vertex  1.229370e+02 -1.038500e+02  0.000000e+00
     vertex  1.230164e+02 -1.037464e+02  0.000000e+00
     vertex  1.229370e+02 -1.038500e+02  1.510000e+00
   endloop
 endfacet
 facet normal  9.238795e-01 -3.826834e-01  0.000000e+00
   outer loop
     vertex  1.229370e+02 -1.038500e+02  0.000000e+00
     vertex  1.229370e+02 -1.038500e+02  1.510000e+00
     vertex  1.228870e+02 -1.039706e+02  1.510000e+00
   endloop
 endfacet
 facet normal  9.238795e-01 -3.826834e-01  0.000000e+00
   outer loop
     vertex  1.228870e+02 -1.039706e+02  0.000000e+00
     vertex  1.229370e+02 -1.038500e+02  0.000000e+00
     vertex  1.228870e+02 -1.039706e+02  1.510000e+00
   endloop
 endfacet
 facet normal  9.914449e-01 -1.305262e-01  0.000000e+00
   outer loop
     vertex  1.228700e+02 -1.041000e+02  0.000000e+00
     vertex  1.228870e+02 -1.039706e+02  0.000000e+00
     vertex  1.228870e+02 -1.039706e+02  1.510000e+00
   endloop
 endfacet
 facet normal  9.914449e-01 -1.305262e-01  0.000000e+00
   outer loop
     vertex  1.228700e+02 -1.041000e+02  0.000000e+00
     vertex  1.228870e+02 -1.039706e+02  1.510000e+00
     vertex  1.228700e+02 -1.041000e+02  1.510000e+00
   endloop
 endfacet
 facet normal  9.914449e-01  1.305262e-01 -0.000000e+00
   outer loop
     vertex  1.228870e+02 -1.042294e+02  0.000000e+00
     vertex  1.228700e+02 -1.041000e+02  1.510000e+00
     vertex  1.228870e+02 -1.042294e+02  1.510000e+00
   endloop
 endfacet
 facet normal  9.914449e-01  1.305262e-01  0.000000e+00
   outer loop
     vertex  1.228870e+02 -1.042294e+02  0.000000e+00
     vertex  1.228700e+02 -1.041000e+02  0.000000e+00
     vertex  1.228700e+02 -1.041000e+02  1.510000e+00
   endloop
 endfacet
 facet normal  9.238795e-01  3.826834e-01 -0.000000e+00
   outer loop
     vertex  1.229370e+02 -1.043500e+02  0.000000e+00
     vertex  1.228870e+02 -1.042294e+02  1.510000e+00
     vertex  1.229370e+02 -1.043500e+02  1.510000e+00
   endloop
 endfacet
 facet normal  9.238795e-01  3.826834e-01  0.000000e+00
   outer loop
     vertex  1.229370e+02 -1.043500e+02  0.000000e+00
     vertex  1.228870e+02 -1.042294e+02  0.000000e+00
     vertex  1.228870e+02 -1.042294e+02  1.510000e+00
   endloop
 endfacet
 facet normal  6.087614e-01  7.933533e-01 -0.000000e+00
   outer loop
     vertex  1.230164e+02 -1.044536e+02  0.000000e+00
     vertex  1.230164e+02 -1.044536e+02  1.510000e+00
     vertex  1.231200e+02 -1.045330e+02  1.510000e+00
   endloop
 endfacet
 facet normal  7.933533e-01  6.087614e-01 -0.000000e+00
   outer loop
     vertex  1.230164e+02 -1.044536e+02  0.000000e+00
     vertex  1.229370e+02 -1.043500e+02  1.510000e+00
     vertex  1.230164e+02 -1.044536e+02  1.510000e+00
   endloop
 endfacet
 facet normal  7.933533e-01  6.087614e-01  0.000000e+00
   outer loop
     vertex  1.230164e+02 -1.044536e+02  0.000000e+00
     vertex  1.229370e+02 -1.043500e+02  0.000000e+00
     vertex  1.229370e+02 -1.043500e+02  1.510000e+00
   endloop
 endfacet
 facet normal  6.087614e-01  7.933533e-01 -0.000000e+00
   outer loop
     vertex  1.231200e+02 -1.045330e+02  0.000000e+00
     vertex  1.230164e+02 -1.044536e+02  0.000000e+00
     vertex  1.231200e+02 -1.045330e+02  1.510000e+00
   endloop
 endfacet
 facet normal  3.826834e-01  9.238795e-01 -0.000000e+00
   outer loop
     vertex  1.232406e+02 -1.045830e+02  0.000000e+00
     vertex  1.231200e+02 -1.045330e+02  1.510000e+00
     vertex  1.232406e+02 -1.045830e+02  1.510000e+00
   endloop
 endfacet
 facet normal  3.826834e-01  9.238795e-01  0.000000e+00
   outer loop
     vertex  1.232406e+02 -1.045830e+02  0.000000e+00
     vertex  1.231200e+02 -1.045330e+02  0.000000e+00
     vertex  1.231200e+02 -1.045330e+02  1.510000e+00
   endloop
 endfacet
 facet normal  1.305262e-01  9.914449e-01 -0.000000e+00
   outer loop
     vertex  1.233700e+02 -1.046000e+02  0.000000e+00
     vertex  1.232406e+02 -1.045830e+02  1.510000e+00
     vertex  1.233700e+02 -1.046000e+02  1.510000e+00
   endloop
 endfacet
 facet normal  1.305262e-01  9.914449e-01  0.000000e+00
   outer loop
     vertex  1.233700e+02 -1.046000e+02  0.000000e+00
     vertex  1.232406e+02 -1.045830e+02  0.000000e+00
     vertex  1.232406e+02 -1.045830e+02  1.510000e+00
   endloop
 endfacet
 facet normal -1.305262e-01  9.914449e-01  0.000000e+00
   outer loop
     vertex  1.260394e+02 -1.045830e+02  0.000000e+00
     vertex  1.259100e+02 -1.046000e+02  0.000000e+00
     vertex  1.259100e+02 -1.046000e+02  1.510000e+00
   endloop
 endfacet
 facet normal -1.305262e-01  9.914449e-01  0.000000e+00
   outer loop
     vertex  1.260394e+02 -1.045830e+02  0.000000e+00
     vertex  1.259100e+02 -1.046000e+02  1.510000e+00
     vertex  1.260394e+02 -1.045830e+02  1.510000e+00
   endloop
 endfacet
 facet normal -3.826834e-01  9.238795e-01  0.000000e+00
   outer loop
     vertex  1.261600e+02 -1.045330e+02  0.000000e+00
     vertex  1.260394e+02 -1.045830e+02  1.510000e+00
     vertex  1.261600e+02 -1.045330e+02  1.510000e+00
   endloop
 endfacet
 facet normal -3.826834e-01  9.238795e-01  0.000000e+00
   outer loop
     vertex  1.261600e+02 -1.045330e+02  0.000000e+00
     vertex  1.260394e+02 -1.045830e+02  0.000000e+00
     vertex  1.260394e+02 -1.045830e+02  1.510000e+00
   endloop
 endfacet
 facet normal -6.087614e-01  7.933533e-01  0.000000e+00
   outer loop
     vertex  1.262636e+02 -1.044536e+02  0.000000e+00
     vertex  1.261600e+02 -1.045330e+02  1.510000e+00
     vertex  1.262636e+02 -1.044536e+02  1.510000e+00
   endloop
 endfacet
 facet normal -6.087614e-01  7.933533e-01  0.000000e+00
   outer loop
     vertex  1.262636e+02 -1.044536e+02  0.000000e+00
     vertex  1.261600e+02 -1.045330e+02  0.000000e+00
     vertex  1.261600e+02 -1.045330e+02  1.510000e+00
   endloop
 endfacet
 facet normal -7.933533e-01  6.087614e-01  0.000000e+00
   outer loop
     vertex  1.263430e+02 -1.043500e+02  0.000000e+00
     vertex  1.262636e+02 -1.044536e+02  1.510000e+00
     vertex  1.263430e+02 -1.043500e+02  1.510000e+00
   endloop
 endfacet
 facet normal -7.933533e-01  6.087614e-01  0.000000e+00
   outer loop
     vertex  1.263430e+02 -1.043500e+02  0.000000e+00
     vertex  1.262636e+02 -1.044536e+02  0.000000e+00
     vertex  1.262636e+02 -1.044536e+02  1.510000e+00
   endloop
 endfacet
 facet normal -9.238795e-01  3.826834e-01  0.000000e+00
   outer loop
     vertex  1.263930e+02 -1.042294e+02  0.000000e+00
     vertex  1.263430e+02 -1.043500e+02  1.510000e+00
     vertex  1.263930e+02 -1.042294e+02  1.510000e+00
   endloop
 endfacet
 facet normal -9.238795e-01  3.826834e-01  0.000000e+00
   outer loop
     vertex  1.263930e+02 -1.042294e+02  0.000000e+00
     vertex  1.263430e+02 -1.043500e+02  0.000000e+00
     vertex  1.263430e+02 -1.043500e+02  1.510000e+00
   endloop
 endfacet
 facet normal -9.914449e-01  1.305262e-01  0.000000e+00
   outer loop
     vertex  1.264100e+02 -1.041000e+02  0.000000e+00
     vertex  1.263930e+02 -1.042294e+02  1.510000e+00
     vertex  1.264100e+02 -1.041000e+02  1.510000e+00
   endloop
 endfacet
 facet normal -9.914449e-01  1.305262e-01  0.000000e+00
   outer loop
     vertex  1.264100e+02 -1.041000e+02  0.000000e+00
     vertex  1.263930e+02 -1.042294e+02  0.000000e+00
     vertex  1.263930e+02 -1.042294e+02  1.510000e+00
   endloop
 endfacet
 facet normal -9.914449e-01 -1.305262e-01  0.000000e+00
   outer loop
     vertex  1.263930e+02 -1.039706e+02  0.000000e+00
     vertex  1.264100e+02 -1.041000e+02  1.510000e+00
     vertex  1.263930e+02 -1.039706e+02  1.510000e+00
   endloop
 endfacet
 facet normal -9.914449e-01 -1.305262e-01  0.000000e+00
   outer loop
     vertex  1.263930e+02 -1.039706e+02  0.000000e+00
     vertex  1.264100e+02 -1.041000e+02  0.000000e+00
     vertex  1.264100e+02 -1.041000e+02  1.510000e+00
   endloop
 endfacet
 facet normal -9.238795e-01 -3.826834e-01  0.000000e+00
   outer loop
     vertex  1.263430e+02 -1.038500e+02  0.000000e+00
     vertex  1.263930e+02 -1.039706e+02  1.510000e+00
     vertex  1.263430e+02 -1.038500e+02  1.510000e+00
   endloop
 endfacet
 facet normal -9.238795e-01 -3.826834e-01  0.000000e+00
   outer loop
     vertex  1.263430e+02 -1.038500e+02  0.000000e+00
     vertex  1.263930e+02 -1.039706e+02  0.000000e+00
     vertex  1.263930e+02 -1.039706e+02  1.510000e+00
   endloop
 endfacet
 facet normal -7.933533e-01 -6.087614e-01  0.000000e+00
   outer loop
     vertex  1.262636e+02 -1.037464e+02  0.000000e+00
     vertex  1.263430e+02 -1.038500e+02  1.510000e+00
     vertex  1.262636e+02 -1.037464e+02  1.510000e+00
   endloop
 endfacet
 facet normal -7.933533e-01 -6.087614e-01  0.000000e+00
   outer loop
     vertex  1.262636e+02 -1.037464e+02  0.000000e+00
     vertex  1.263430e+02 -1.038500e+02  0.000000e+00
     vertex  1.263430e+02 -1.038500e+02  1.510000e+00
   endloop
 endfacet
 facet normal -6.087614e-01 -7.933533e-01  0.000000e+00
   outer loop
     vertex  1.261600e+02 -1.036670e+02  0.000000e+00
     vertex  1.262636e+02 -1.037464e+02  1.510000e+00
     vertex  1.261600e+02 -1.036670e+02  1.510000e+00
   endloop
 endfacet
 facet normal -6.087614e-01 -7.933533e-01  0.000000e+00
   outer loop
     vertex  1.261600e+02 -1.036670e+02  0.000000e+00
     vertex  1.262636e+02 -1.037464e+02  0.000000e+00
     vertex  1.262636e+02 -1.037464e+02  1.510000e+00
   endloop
 endfacet
 facet normal -3.826834e-01 -9.238795e-01  0.000000e+00
   outer loop
     vertex  1.260394e+02 -1.036170e+02  0.000000e+00
     vertex  1.261600e+02 -1.036670e+02  1.510000e+00
     vertex  1.260394e+02 -1.036170e+02  1.510000e+00
   endloop
 endfacet
 facet normal -3.826834e-01 -9.238795e-01  0.000000e+00
   outer loop
     vertex  1.260394e+02 -1.036170e+02  0.000000e+00
     vertex  1.261600e+02 -1.036670e+02  0.000000e+00
     vertex  1.261600e+02 -1.036670e+02  1.510000e+00
   endloop
 endfacet
 facet normal -1.305262e-01 -9.914449e-01  0.000000e+00
   outer loop
     vertex  1.259100e+02 -1.036000e+02  0.000000e+00
     vertex  1.260394e+02 -1.036170e+02  1.510000e+00
     vertex  1.259100e+02 -1.036000e+02  1.510000e+00
   endloop
 endfacet
 facet normal -1.305262e-01 -9.914449e-01  0.000000e+00
   outer loop
     vertex  1.259100e+02 -1.036000e+02  0.000000e+00
     vertex  1.260394e+02 -1.036170e+02  0.000000e+00
     vertex  1.260394e+02 -1.036170e+02  1.510000e+00
   endloop
 endfacet
 facet normal  1.305262e-01 -9.914449e-01  0.000000e+00
   outer loop
     vertex  1.257806e+02 -1.036170e+02  0.000000e+00
     vertex  1.259100e+02 -1.036000e+02  1.510000e+00
     vertex  1.257806e+02 -1.036170e+02  1.510000e+00
   endloop
 endfacet
 facet normal  1.305262e-01 -9.914449e-01  0.000000e+00
   outer loop
     vertex  1.257806e+02 -1.036170e+02  0.000000e+00
     vertex  1.259100e+02 -1.036000e+02  0.000000e+00
     vertex  1.259100e+02 -1.036000e+02  1.510000e+00
   endloop
 endfacet
 facet normal  3.826834e-01 -9.238795e-01  0.000000e+00
   outer loop
     vertex  1.256600e+02 -1.036670e+02  0.000000e+00
     vertex  1.257806e+02 -1.036170e+02  0.000000e+00
     vertex  1.257806e+02 -1.036170e+02  1.510000e+00
   endloop
 endfacet
 facet normal  3.826834e-01 -9.238795e-01  0.000000e+00
   outer loop
     vertex  1.256600e+02 -1.036670e+02  0.000000e+00
     vertex  1.257806e+02 -1.036170e+02  1.510000e+00
     vertex  1.256600e+02 -1.036670e+02  1.510000e+00
   endloop
 endfacet
 facet normal  6.087614e-01 -7.933533e-01  0.000000e+00
   outer loop
     vertex  1.255564e+02 -1.037464e+02  0.000000e+00
     vertex  1.256600e+02 -1.036670e+02  0.000000e+00
     vertex  1.256600e+02 -1.036670e+02  1.510000e+00
   endloop
 endfacet
 facet normal  7.933533e-01 -6.087614e-01  0.000000e+00
   outer loop
     vertex  1.255564e+02 -1.037464e+02  0.000000e+00
     vertex  1.255564e+02 -1.037464e+02  1.510000e+00
     vertex  1.254770e+02 -1.038500e+02  1.510000e+00
   endloop
 endfacet
 facet normal  6.087614e-01 -7.933533e-01  0.000000e+00
   outer loop
     vertex  1.255564e+02 -1.037464e+02  0.000000e+00
     vertex  1.256600e+02 -1.036670e+02  1.510000e+00
     vertex  1.255564e+02 -1.037464e+02  1.510000e+00
   endloop
 endfacet
 facet normal  7.933533e-01 -6.087614e-01  0.000000e+00
   outer loop
     vertex  1.254770e+02 -1.038500e+02  0.000000e+00
     vertex  1.255564e+02 -1.037464e+02  0.000000e+00
     vertex  1.254770e+02 -1.038500e+02  1.510000e+00
   endloop
 endfacet
 facet normal  9.238795e-01 -3.826834e-01  0.000000e+00
   outer loop
     vertex  1.254770e+02 -1.038500e+02  0.000000e+00
     vertex  1.254770e+02 -1.038500e+02  1.510000e+00
     vertex  1.254270e+02 -1.039706e+02  1.510000e+00
   endloop
 endfacet
 facet normal  9.238795e-01 -3.826834e-01  0.000000e+00
   outer loop
     vertex  1.254270e+02 -1.039706e+02  0.000000e+00
     vertex  1.254770e+02 -1.038500e+02  0.000000e+00
     vertex  1.254270e+02 -1.039706e+02  1.510000e+00
   endloop
 endfacet
 facet normal  9.914449e-01 -1.305262e-01  0.000000e+00
   outer loop
     vertex  1.254100e+02 -1.041000e+02  0.000000e+00
     vertex  1.254270e+02 -1.039706e+02  0.000000e+00
     vertex  1.254270e+02 -1.039706e+02  1.510000e+00
   endloop
 endfacet
 facet normal  9.914449e-01 -1.305262e-01  0.000000e+00
   outer loop
     vertex  1.254100e+02 -1.041000e+02  0.000000e+00
     vertex  1.254270e+02 -1.039706e+02  1.510000e+00
     vertex  1.254100e+02 -1.041000e+02  1.510000e+00
   endloop
 endfacet
 facet normal  9.914449e-01  1.305262e-01 -0.000000e+00
   outer loop
     vertex  1.254270e+02 -1.042294e+02  0.000000e+00
     vertex  1.254100e+02 -1.041000e+02  1.510000e+00
     vertex  1.254270e+02 -1.042294e+02  1.510000e+00
   endloop
 endfacet
 facet normal  9.914449e-01  1.305262e-01  0.000000e+00
   outer loop
     vertex  1.254270e+02 -1.042294e+02  0.000000e+00
     vertex  1.254100e+02 -1.041000e+02  0.000000e+00
     vertex  1.254100e+02 -1.041000e+02  1.510000e+00
   endloop
 endfacet
 facet normal  9.238795e-01  3.826834e-01 -0.000000e+00
   outer loop
     vertex  1.254770e+02 -1.043500e+02  0.000000e+00
     vertex  1.254270e+02 -1.042294e+02  1.510000e+00
     vertex  1.254770e+02 -1.043500e+02  1.510000e+00
   endloop
 endfacet
 facet normal  9.238795e-01  3.826834e-01  0.000000e+00
   outer loop
     vertex  1.254770e+02 -1.043500e+02  0.000000e+00
     vertex  1.254270e+02 -1.042294e+02  0.000000e+00
     vertex  1.254270e+02 -1.042294e+02  1.510000e+00
   endloop
 endfacet
 facet normal  6.087614e-01  7.933533e-01 -0.000000e+00
   outer loop
     vertex  1.255564e+02 -1.044536e+02  0.000000e+00
     vertex  1.255564e+02 -1.044536e+02  1.510000e+00
     vertex  1.256600e+02 -1.045330e+02  1.510000e+00
   endloop
 endfacet
 facet normal  7.933533e-01  6.087614e-01 -0.000000e+00
   outer loop
     vertex  1.255564e+02 -1.044536e+02  0.000000e+00
     vertex  1.254770e+02 -1.043500e+02  1.510000e+00
     vertex  1.255564e+02 -1.044536e+02  1.510000e+00
   endloop
 endfacet
 facet normal  7.933533e-01  6.087614e-01  0.000000e+00
   outer loop
     vertex  1.255564e+02 -1.044536e+02  0.000000e+00
     vertex  1.254770e+02 -1.043500e+02  0.000000e+00
     vertex  1.254770e+02 -1.043500e+02  1.510000e+00
   endloop
 endfacet
 facet normal  6.087614e-01  7.933533e-01 -0.000000e+00
   outer loop
     vertex  1.256600e+02 -1.045330e+02  0.000000e+00
     vertex  1.255564e+02 -1.044536e+02  0.000000e+00
     vertex  1.256600e+02 -1.045330e+02  1.510000e+00
   endloop
 endfacet
 facet normal  3.826834e-01  9.238795e-01 -0.000000e+00
   outer loop
     vertex  1.257806e+02 -1.045830e+02  0.000000e+00
     vertex  1.256600e+02 -1.045330e+02  1.510000e+00
     vertex  1.257806e+02 -1.045830e+02  1.510000e+00
   endloop
 endfacet
 facet normal  3.826834e-01  9.238795e-01  0.000000e+00
   outer loop
     vertex  1.257806e+02 -1.045830e+02  0.000000e+00
     vertex  1.256600e+02 -1.045330e+02  0.000000e+00
     vertex  1.256600e+02 -1.045330e+02  1.510000e+00
   endloop
 endfacet
 facet normal  1.305262e-01  9.914449e-01 -0.000000e+00
   outer loop
     vertex  1.259100e+02 -1.046000e+02  0.000000e+00
     vertex  1.257806e+02 -1.045830e+02  1.510000e+00
     vertex  1.259100e+02 -1.046000e+02  1.510000e+00
   endloop
 endfacet
 facet normal  1.305262e-01  9.914449e-01  0.000000e+00
   outer loop
     vertex  1.259100e+02 -1.046000e+02  0.000000e+00
     vertex  1.257806e+02 -1.045830e+02  0.000000e+00
     vertex  1.257806e+02 -1.045830e+02  1.510000e+00
   endloop
 endfacet
 facet normal -1.305262e-01  9.914449e-01  0.000000e+00
   outer loop
     vertex  1.285794e+02 -1.045830e+02  0.000000e+00
     vertex  1.284500e+02 -1.046000e+02  0.000000e+00
     vertex  1.284500e+02 -1.046000e+02  1.510000e+00
   endloop
 endfacet
 facet normal -1.305262e-01  9.914449e-01  0.000000e+00
   outer loop
     vertex  1.285794e+02 -1.045830e+02  0.000000e+00
     vertex  1.284500e+02 -1.046000e+02  1.510000e+00
     vertex  1.285794e+02 -1.045830e+02  1.510000e+00
   endloop
 endfacet
 facet normal -3.826834e-01  9.238795e-01  0.000000e+00
   outer loop
     vertex  1.287000e+02 -1.045330e+02  0.000000e+00
     vertex  1.285794e+02 -1.045830e+02  1.510000e+00
     vertex  1.287000e+02 -1.045330e+02  1.510000e+00
   endloop
 endfacet
 facet normal -3.826834e-01  9.238795e-01  0.000000e+00
   outer loop
     vertex  1.287000e+02 -1.045330e+02  0.000000e+00
     vertex  1.285794e+02 -1.045830e+02  0.000000e+00
     vertex  1.285794e+02 -1.045830e+02  1.510000e+00
   endloop
 endfacet
 facet normal -6.087614e-01  7.933533e-01  0.000000e+00
   outer loop
     vertex  1.288036e+02 -1.044536e+02  0.000000e+00
     vertex  1.287000e+02 -1.045330e+02  1.510000e+00
     vertex  1.288036e+02 -1.044536e+02  1.510000e+00
   endloop
 endfacet
 facet normal -6.087614e-01  7.933533e-01  0.000000e+00
   outer loop
     vertex  1.288036e+02 -1.044536e+02  0.000000e+00
     vertex  1.287000e+02 -1.045330e+02  0.000000e+00
     vertex  1.287000e+02 -1.045330e+02  1.510000e+00
   endloop
 endfacet
 facet normal -7.933533e-01  6.087614e-01  0.000000e+00
   outer loop
     vertex  1.288830e+02 -1.043500e+02  0.000000e+00
     vertex  1.288036e+02 -1.044536e+02  1.510000e+00
     vertex  1.288830e+02 -1.043500e+02  1.510000e+00
   endloop
 endfacet
 facet normal -7.933533e-01  6.087614e-01  0.000000e+00
   outer loop
     vertex  1.288830e+02 -1.043500e+02  0.000000e+00
     vertex  1.288036e+02 -1.044536e+02  0.000000e+00
     vertex  1.288036e+02 -1.044536e+02  1.510000e+00
   endloop
 endfacet
 facet normal -9.238795e-01  3.826834e-01  0.000000e+00
   outer loop
     vertex  1.289330e+02 -1.042294e+02  0.000000e+00
     vertex  1.288830e+02 -1.043500e+02  1.510000e+00
     vertex  1.289330e+02 -1.042294e+02  1.510000e+00
   endloop
 endfacet
 facet normal -9.238795e-01  3.826834e-01  0.000000e+00
   outer loop
     vertex  1.289330e+02 -1.042294e+02  0.000000e+00
     vertex  1.288830e+02 -1.043500e+02  0.000000e+00
     vertex  1.288830e+02 -1.043500e+02  1.510000e+00
   endloop
 endfacet
 facet normal -9.914449e-01  1.305262e-01  0.000000e+00
   outer loop
     vertex  1.289500e+02 -1.041000e+02  0.000000e+00
     vertex  1.289330e+02 -1.042294e+02  1.510000e+00
     vertex  1.289500e+02 -1.041000e+02  1.510000e+00
   endloop
 endfacet
 facet normal -9.914449e-01  1.305262e-01  0.000000e+00
   outer loop
     vertex  1.289500e+02 -1.041000e+02  0.000000e+00
     vertex  1.289330e+02 -1.042294e+02  0.000000e+00
     vertex  1.289330e+02 -1.042294e+02  1.510000e+00
   endloop
 endfacet
 facet normal -9.914449e-01 -1.305262e-01  0.000000e+00
   outer loop
     vertex  1.289330e+02 -1.039706e+02  0.000000e+00
     vertex  1.289500e+02 -1.041000e+02  1.510000e+00
     vertex  1.289330e+02 -1.039706e+02  1.510000e+00
   endloop
 endfacet
 facet normal -9.914449e-01 -1.305262e-01  0.000000e+00
   outer loop
     vertex  1.289330e+02 -1.039706e+02  0.000000e+00
     vertex  1.289500e+02 -1.041000e+02  0.000000e+00
     vertex  1.289500e+02 -1.041000e+02  1.510000e+00
   endloop
 endfacet
 facet normal -9.238795e-01 -3.826834e-01  0.000000e+00
   outer loop
     vertex  1.288830e+02 -1.038500e+02  0.000000e+00
     vertex  1.289330e+02 -1.039706e+02  1.510000e+00
     vertex  1.288830e+02 -1.038500e+02  1.510000e+00
   endloop
 endfacet
 facet normal -9.238795e-01 -3.826834e-01  0.000000e+00
   outer loop
     vertex  1.288830e+02 -1.038500e+02  0.000000e+00
     vertex  1.289330e+02 -1.039706e+02  0.000000e+00
     vertex  1.289330e+02 -1.039706e+02  1.510000e+00
   endloop
 endfacet
 facet normal -7.933533e-01 -6.087614e-01  0.000000e+00
   outer loop
     vertex  1.288036e+02 -1.037464e+02  0.000000e+00
     vertex  1.288830e+02 -1.038500e+02  1.510000e+00
     vertex  1.288036e+02 -1.037464e+02  1.510000e+00
   endloop
 endfacet
 facet normal -7.933533e-01 -6.087614e-01  0.000000e+00
   outer loop
     vertex  1.288036e+02 -1.037464e+02  0.000000e+00
     vertex  1.288830e+02 -1.038500e+02  0.000000e+00
     vertex  1.288830e+02 -1.038500e+02  1.510000e+00
   endloop
 endfacet
 facet normal -6.087614e-01 -7.933533e-01  0.000000e+00
   outer loop
     vertex  1.287000e+02 -1.036670e+02  0.000000e+00
     vertex  1.288036e+02 -1.037464e+02  1.510000e+00
     vertex  1.287000e+02 -1.036670e+02  1.510000e+00
   endloop
 endfacet
 facet normal -6.087614e-01 -7.933533e-01  0.000000e+00
   outer loop
     vertex  1.287000e+02 -1.036670e+02  0.000000e+00
     vertex  1.288036e+02 -1.037464e+02  0.000000e+00
     vertex  1.288036e+02 -1.037464e+02  1.510000e+00
   endloop
 endfacet
 facet normal -3.826834e-01 -9.238795e-01  0.000000e+00
   outer loop
     vertex  1.285794e+02 -1.036170e+02  0.000000e+00
     vertex  1.287000e+02 -1.036670e+02  1.510000e+00
     vertex  1.285794e+02 -1.036170e+02  1.510000e+00
   endloop
 endfacet
 facet normal -3.826834e-01 -9.238795e-01  0.000000e+00
   outer loop
     vertex  1.285794e+02 -1.036170e+02  0.000000e+00
     vertex  1.287000e+02 -1.036670e+02  0.000000e+00
     vertex  1.287000e+02 -1.036670e+02  1.510000e+00
   endloop
 endfacet
 facet normal -1.305262e-01 -9.914449e-01  0.000000e+00
   outer loop
     vertex  1.284500e+02 -1.036000e+02  0.000000e+00
     vertex  1.285794e+02 -1.036170e+02  1.510000e+00
     vertex  1.284500e+02 -1.036000e+02  1.510000e+00
   endloop
 endfacet
 facet normal -1.305262e-01 -9.914449e-01  0.000000e+00
   outer loop
     vertex  1.284500e+02 -1.036000e+02  0.000000e+00
     vertex  1.285794e+02 -1.036170e+02  0.000000e+00
     vertex  1.285794e+02 -1.036170e+02  1.510000e+00
   endloop
 endfacet
 facet normal  1.305262e-01 -9.914449e-01  0.000000e+00
   outer loop
     vertex  1.283206e+02 -1.036170e+02  0.000000e+00
     vertex  1.284500e+02 -1.036000e+02  1.510000e+00
     vertex  1.283206e+02 -1.036170e+02  1.510000e+00
   endloop
 endfacet
 facet normal  1.305262e-01 -9.914449e-01  0.000000e+00
   outer loop
     vertex  1.283206e+02 -1.036170e+02  0.000000e+00
     vertex  1.284500e+02 -1.036000e+02  0.000000e+00
     vertex  1.284500e+02 -1.036000e+02  1.510000e+00
   endloop
 endfacet
 facet normal  3.826834e-01 -9.238795e-01  0.000000e+00
   outer loop
     vertex  1.282000e+02 -1.036670e+02  0.000000e+00
     vertex  1.283206e+02 -1.036170e+02  0.000000e+00
     vertex  1.283206e+02 -1.036170e+02  1.510000e+00
   endloop
 endfacet
 facet normal  3.826834e-01 -9.238795e-01  0.000000e+00
   outer loop
     vertex  1.282000e+02 -1.036670e+02  0.000000e+00
     vertex  1.283206e+02 -1.036170e+02  1.510000e+00
     vertex  1.282000e+02 -1.036670e+02  1.510000e+00
   endloop
 endfacet
 facet normal  6.087614e-01 -7.933533e-01  0.000000e+00
   outer loop
     vertex  1.280964e+02 -1.037464e+02  0.000000e+00
     vertex  1.282000e+02 -1.036670e+02  0.000000e+00
     vertex  1.282000e+02 -1.036670e+02  1.510000e+00
   endloop
 endfacet
 facet normal  7.933533e-01 -6.087614e-01  0.000000e+00
   outer loop
     vertex  1.280964e+02 -1.037464e+02  0.000000e+00
     vertex  1.280964e+02 -1.037464e+02  1.510000e+00
     vertex  1.280170e+02 -1.038500e+02  1.510000e+00
   endloop
 endfacet
 facet normal  6.087614e-01 -7.933533e-01  0.000000e+00
   outer loop
     vertex  1.280964e+02 -1.037464e+02  0.000000e+00
     vertex  1.282000e+02 -1.036670e+02  1.510000e+00
     vertex  1.280964e+02 -1.037464e+02  1.510000e+00
   endloop
 endfacet
 facet normal  7.933533e-01 -6.087614e-01  0.000000e+00
   outer loop
     vertex  1.280170e+02 -1.038500e+02  0.000000e+00
     vertex  1.280964e+02 -1.037464e+02  0.000000e+00
     vertex  1.280170e+02 -1.038500e+02  1.510000e+00
   endloop
 endfacet
 facet normal  9.238795e-01 -3.826834e-01  0.000000e+00
   outer loop
     vertex  1.280170e+02 -1.038500e+02  0.000000e+00
     vertex  1.280170e+02 -1.038500e+02  1.510000e+00
     vertex  1.279670e+02 -1.039706e+02  1.510000e+00
   endloop
 endfacet
 facet normal  9.238795e-01 -3.826834e-01  0.000000e+00
   outer loop
     vertex  1.279670e+02 -1.039706e+02  0.000000e+00
     vertex  1.280170e+02 -1.038500e+02  0.000000e+00
     vertex  1.279670e+02 -1.039706e+02  1.510000e+00
   endloop
 endfacet
 facet normal  9.914449e-01 -1.305262e-01  0.000000e+00
   outer loop
     vertex  1.279500e+02 -1.041000e+02  0.000000e+00
     vertex  1.279670e+02 -1.039706e+02  0.000000e+00
     vertex  1.279670e+02 -1.039706e+02  1.510000e+00
   endloop
 endfacet
 facet normal  9.914449e-01 -1.305262e-01  0.000000e+00
   outer loop
     vertex  1.279500e+02 -1.041000e+02  0.000000e+00
     vertex  1.279670e+02 -1.039706e+02  1.510000e+00
     vertex  1.279500e+02 -1.041000e+02  1.510000e+00
   endloop
 endfacet
 facet normal  9.914449e-01  1.305262e-01 -0.000000e+00
   outer loop
     vertex  1.279670e+02 -1.042294e+02  0.000000e+00
     vertex  1.279500e+02 -1.041000e+02  1.510000e+00
     vertex  1.279670e+02 -1.042294e+02  1.510000e+00
   endloop
 endfacet
 facet normal  9.914449e-01  1.305262e-01  0.000000e+00
   outer loop
     vertex  1.279670e+02 -1.042294e+02  0.000000e+00
     vertex  1.279500e+02 -1.041000e+02  0.000000e+00
     vertex  1.279500e+02 -1.041000e+02  1.510000e+00
   endloop
 endfacet
 facet normal  9.238795e-01  3.826834e-01 -0.000000e+00
   outer loop
     vertex  1.280170e+02 -1.043500e+02  0.000000e+00
     vertex  1.279670e+02 -1.042294e+02  1.510000e+00
     vertex  1.280170e+02 -1.043500e+02  1.510000e+00
   endloop
 endfacet
 facet normal  9.238795e-01  3.826834e-01  0.000000e+00
   outer loop
     vertex  1.280170e+02 -1.043500e+02  0.000000e+00
     vertex  1.279670e+02 -1.042294e+02  0.000000e+00
     vertex  1.279670e+02 -1.042294e+02  1.510000e+00
   endloop
 endfacet
 facet normal  6.087614e-01  7.933533e-01 -0.000000e+00
   outer loop
     vertex  1.280964e+02 -1.044536e+02  0.000000e+00
     vertex  1.280964e+02 -1.044536e+02  1.510000e+00
     vertex  1.282000e+02 -1.045330e+02  1.510000e+00
   endloop
 endfacet
 facet normal  7.933533e-01  6.087614e-01 -0.000000e+00
   outer loop
     vertex  1.280964e+02 -1.044536e+02  0.000000e+00
     vertex  1.280170e+02 -1.043500e+02  1.510000e+00
     vertex  1.280964e+02 -1.044536e+02  1.510000e+00
   endloop
 endfacet
 facet normal  7.933533e-01  6.087614e-01  0.000000e+00
   outer loop
     vertex  1.280964e+02 -1.044536e+02  0.000000e+00
     vertex  1.280170e+02 -1.043500e+02  0.000000e+00
     vertex  1.280170e+02 -1.043500e+02  1.510000e+00
   endloop
 endfacet
 facet normal  6.087614e-01  7.933533e-01 -0.000000e+00
   outer loop
     vertex  1.282000e+02 -1.045330e+02  0.000000e+00
     vertex  1.280964e+02 -1.044536e+02  0.000000e+00
     vertex  1.282000e+02 -1.045330e+02  1.510000e+00
   endloop
 endfacet
 facet normal  3.826834e-01  9.238795e-01 -0.000000e+00
   outer loop
     vertex  1.283206e+02 -1.045830e+02  0.000000e+00
     vertex  1.282000e+02 -1.045330e+02  1.510000e+00
     vertex  1.283206e+02 -1.045830e+02  1.510000e+00
   endloop
 endfacet
 facet normal  3.826834e-01  9.238795e-01  0.000000e+00
   outer loop
     vertex  1.283206e+02 -1.045830e+02  0.000000e+00
     vertex  1.282000e+02 -1.045330e+02  0.000000e+00
     vertex  1.282000e+02 -1.045330e+02  1.510000e+00
   endloop
 endfacet
 facet normal  1.305262e-01  9.914449e-01 -0.000000e+00
   outer loop
     vertex  1.284500e+02 -1.046000e+02  0.000000e+00
     vertex  1.283206e+02 -1.045830e+02  1.510000e+00
     vertex  1.284500e+02 -1.046000e+02  1.510000e+00
   endloop
 endfacet
 facet normal  1.305262e-01  9.914449e-01  0.000000e+00
   outer loop
     vertex  1.284500e+02 -1.046000e+02  0.000000e+00
     vertex  1.283206e+02 -1.045830e+02  0.000000e+00
     vertex  1.283206e+02 -1.045830e+02  1.510000e+00
   endloop
 endfacet
 facet normal -1.305262e-01  9.914449e-01  0.000000e+00
   outer loop
     vertex  1.246294e+02 -9.995796e+01  0.000000e+00
     vertex  1.245000e+02 -9.997500e+01  0.000000e+00
     vertex  1.245000e+02 -9.997500e+01  1.510000e+00
   endloop
 endfacet
 facet normal -1.305262e-01  9.914449e-01  0.000000e+00
   outer loop
     vertex  1.246294e+02 -9.995796e+01  0.000000e+00
     vertex  1.245000e+02 -9.997500e+01  1.510000e+00
     vertex  1.246294e+02 -9.995796e+01  1.510000e+00
   endloop
 endfacet
 facet normal -3.826834e-01  9.238795e-01  0.000000e+00
   outer loop
     vertex  1.247500e+02 -9.990801e+01  0.000000e+00
     vertex  1.246294e+02 -9.995796e+01  1.510000e+00
     vertex  1.247500e+02 -9.990801e+01  1.510000e+00
   endloop
 endfacet
 facet normal -3.826834e-01  9.238795e-01  0.000000e+00
   outer loop
     vertex  1.247500e+02 -9.990801e+01  0.000000e+00
     vertex  1.246294e+02 -9.995796e+01  0.000000e+00
     vertex  1.246294e+02 -9.995796e+01  1.510000e+00
   endloop
 endfacet
 facet normal -6.087614e-01  7.933533e-01  0.000000e+00
   outer loop
     vertex  1.248536e+02 -9.982855e+01  0.000000e+00
     vertex  1.247500e+02 -9.990801e+01  1.510000e+00
     vertex  1.248536e+02 -9.982855e+01  1.510000e+00
   endloop
 endfacet
 facet normal -6.087614e-01  7.933533e-01  0.000000e+00
   outer loop
     vertex  1.248536e+02 -9.982855e+01  0.000000e+00
     vertex  1.247500e+02 -9.990801e+01  0.000000e+00
     vertex  1.247500e+02 -9.990801e+01  1.510000e+00
   endloop
 endfacet
 facet normal -7.933533e-01  6.087614e-01  0.000000e+00
   outer loop
     vertex  1.249330e+02 -9.972500e+01  0.000000e+00
     vertex  1.248536e+02 -9.982855e+01  1.510000e+00
     vertex  1.249330e+02 -9.972500e+01  1.510000e+00
   endloop
 endfacet
 facet normal -7.933533e-01  6.087614e-01  0.000000e+00
   outer loop
     vertex  1.249330e+02 -9.972500e+01  0.000000e+00
     vertex  1.248536e+02 -9.982855e+01  0.000000e+00
     vertex  1.248536e+02 -9.982855e+01  1.510000e+00
   endloop
 endfacet
 facet normal -9.238795e-01  3.826834e-01  0.000000e+00
   outer loop
     vertex  1.249830e+02 -9.960441e+01  0.000000e+00
     vertex  1.249330e+02 -9.972500e+01  1.510000e+00
     vertex  1.249830e+02 -9.960441e+01  1.510000e+00
   endloop
 endfacet
 facet normal -9.238795e-01  3.826834e-01  0.000000e+00
   outer loop
     vertex  1.249830e+02 -9.960441e+01  0.000000e+00
     vertex  1.249330e+02 -9.972500e+01  0.000000e+00
     vertex  1.249330e+02 -9.972500e+01  1.510000e+00
   endloop
 endfacet
 facet normal -9.914449e-01  1.305262e-01  0.000000e+00
   outer loop
     vertex  1.250000e+02 -9.947500e+01  0.000000e+00
     vertex  1.249830e+02 -9.960441e+01  1.510000e+00
     vertex  1.250000e+02 -9.947500e+01  1.510000e+00
   endloop
 endfacet
 facet normal -9.914449e-01  1.305262e-01  0.000000e+00
   outer loop
     vertex  1.250000e+02 -9.947500e+01  0.000000e+00
     vertex  1.249830e+02 -9.960441e+01  0.000000e+00
     vertex  1.249830e+02 -9.960441e+01  1.510000e+00
   endloop
 endfacet
 facet normal -9.914449e-01 -1.305262e-01  0.000000e+00
   outer loop
     vertex  1.249830e+02 -9.934559e+01  0.000000e+00
     vertex  1.250000e+02 -9.947500e+01  1.510000e+00
     vertex  1.249830e+02 -9.934559e+01  1.510000e+00
   endloop
 endfacet
 facet normal -9.914449e-01 -1.305262e-01  0.000000e+00
   outer loop
     vertex  1.249830e+02 -9.934559e+01  0.000000e+00
     vertex  1.250000e+02 -9.947500e+01  0.000000e+00
     vertex  1.250000e+02 -9.947500e+01  1.510000e+00
   endloop
 endfacet
 facet normal -9.238795e-01 -3.826834e-01  0.000000e+00
   outer loop
     vertex  1.249330e+02 -9.922500e+01  0.000000e+00
     vertex  1.249830e+02 -9.934559e+01  1.510000e+00
     vertex  1.249330e+02 -9.922500e+01  1.510000e+00
   endloop
 endfacet
 facet normal -9.238795e-01 -3.826834e-01  0.000000e+00
   outer loop
     vertex  1.249330e+02 -9.922500e+01  0.000000e+00
     vertex  1.249830e+02 -9.934559e+01  0.000000e+00
     vertex  1.249830e+02 -9.934559e+01  1.510000e+00
   endloop
 endfacet
 facet normal -7.933533e-01 -6.087614e-01  0.000000e+00
   outer loop
     vertex  1.248536e+02 -9.912145e+01  0.000000e+00
     vertex  1.249330e+02 -9.922500e+01  1.510000e+00
     vertex  1.248536e+02 -9.912145e+01  1.510000e+00
   endloop
 endfacet
 facet normal -7.933533e-01 -6.087614e-01  0.000000e+00
   outer loop
     vertex  1.248536e+02 -9.912145e+01  0.000000e+00
     vertex  1.249330e+02 -9.922500e+01  0.000000e+00
     vertex  1.249330e+02 -9.922500e+01  1.510000e+00
   endloop
 endfacet
 facet normal -6.087614e-01 -7.933533e-01  0.000000e+00
   outer loop
     vertex  1.247500e+02 -9.904199e+01  0.000000e+00
     vertex  1.248536e+02 -9.912145e+01  1.510000e+00
     vertex  1.247500e+02 -9.904199e+01  1.510000e+00
   endloop
 endfacet
 facet normal -6.087614e-01 -7.933533e-01  0.000000e+00
   outer loop
     vertex  1.247500e+02 -9.904199e+01  0.000000e+00
     vertex  1.248536e+02 -9.912145e+01  0.000000e+00
     vertex  1.248536e+02 -9.912145e+01  1.510000e+00
   endloop
 endfacet
 facet normal -3.826834e-01 -9.238795e-01  0.000000e+00
   outer loop
     vertex  1.246294e+02 -9.899204e+01  0.000000e+00
     vertex  1.247500e+02 -9.904199e+01  1.510000e+00
     vertex  1.246294e+02 -9.899204e+01  1.510000e+00
   endloop
 endfacet
 facet normal -3.826834e-01 -9.238795e-01  0.000000e+00
   outer loop
     vertex  1.246294e+02 -9.899204e+01  0.000000e+00
     vertex  1.247500e+02 -9.904199e+01  0.000000e+00
     vertex  1.247500e+02 -9.904199e+01  1.510000e+00
   endloop
 endfacet
 facet normal -1.305262e-01 -9.914449e-01  0.000000e+00
   outer loop
     vertex  1.245000e+02 -9.897500e+01  0.000000e+00
     vertex  1.246294e+02 -9.899204e+01  1.510000e+00
     vertex  1.245000e+02 -9.897500e+01  1.510000e+00
   endloop
 endfacet
 facet normal -1.305262e-01 -9.914449e-01  0.000000e+00
   outer loop
     vertex  1.245000e+02 -9.897500e+01  0.000000e+00
     vertex  1.246294e+02 -9.899204e+01  0.000000e+00
     vertex  1.246294e+02 -9.899204e+01  1.510000e+00
   endloop
 endfacet
 facet normal  1.305262e-01 -9.914449e-01  0.000000e+00
   outer loop
     vertex  1.243706e+02 -9.899204e+01  0.000000e+00
     vertex  1.245000e+02 -9.897500e+01  1.510000e+00
     vertex  1.243706e+02 -9.899204e+01  1.510000e+00
   endloop
 endfacet
 facet normal  1.305262e-01 -9.914449e-01  0.000000e+00
   outer loop
     vertex  1.243706e+02 -9.899204e+01  0.000000e+00
     vertex  1.245000e+02 -9.897500e+01  0.000000e+00
     vertex  1.245000e+02 -9.897500e+01  1.510000e+00
   endloop
 endfacet
 facet normal  3.826834e-01 -9.238795e-01  0.000000e+00
   outer loop
     vertex  1.242500e+02 -9.904199e+01  0.000000e+00
     vertex  1.243706e+02 -9.899204e+01  0.000000e+00
     vertex  1.243706e+02 -9.899204e+01  1.510000e+00
   endloop
 endfacet
 facet normal  3.826834e-01 -9.238795e-01  0.000000e+00
   outer loop
     vertex  1.242500e+02 -9.904199e+01  0.000000e+00
     vertex  1.243706e+02 -9.899204e+01  1.510000e+00
     vertex  1.242500e+02 -9.904199e+01  1.510000e+00
   endloop
 endfacet
 facet normal  6.087614e-01 -7.933533e-01  0.000000e+00
   outer loop
     vertex  1.241464e+02 -9.912145e+01  0.000000e+00
     vertex  1.242500e+02 -9.904199e+01  0.000000e+00
     vertex  1.242500e+02 -9.904199e+01  1.510000e+00
   endloop
 endfacet
 facet normal  7.933533e-01 -6.087614e-01  0.000000e+00
   outer loop
     vertex  1.241464e+02 -9.912145e+01  0.000000e+00
     vertex  1.241464e+02 -9.912145e+01  1.510000e+00
     vertex  1.240670e+02 -9.922500e+01  1.510000e+00
   endloop
 endfacet
 facet normal  6.087614e-01 -7.933533e-01  0.000000e+00
   outer loop
     vertex  1.241464e+02 -9.912145e+01  0.000000e+00
     vertex  1.242500e+02 -9.904199e+01  1.510000e+00
     vertex  1.241464e+02 -9.912145e+01  1.510000e+00
   endloop
 endfacet
 facet normal  7.933533e-01 -6.087614e-01  0.000000e+00
   outer loop
     vertex  1.240670e+02 -9.922500e+01  0.000000e+00
     vertex  1.241464e+02 -9.912145e+01  0.000000e+00
     vertex  1.240670e+02 -9.922500e+01  1.510000e+00
   endloop
 endfacet
 facet normal  9.238795e-01 -3.826834e-01  0.000000e+00
   outer loop
     vertex  1.240670e+02 -9.922500e+01  0.000000e+00
     vertex  1.240670e+02 -9.922500e+01  1.510000e+00
     vertex  1.240170e+02 -9.934559e+01  1.510000e+00
   endloop
 endfacet
 facet normal  9.238795e-01 -3.826834e-01  0.000000e+00
   outer loop
     vertex  1.240170e+02 -9.934559e+01  0.000000e+00
     vertex  1.240670e+02 -9.922500e+01  0.000000e+00
     vertex  1.240170e+02 -9.934559e+01  1.510000e+00
   endloop
 endfacet
 facet normal  9.914449e-01 -1.305262e-01  0.000000e+00
   outer loop
     vertex  1.240000e+02 -9.947500e+01  0.000000e+00
     vertex  1.240170e+02 -9.934559e+01  0.000000e+00
     vertex  1.240170e+02 -9.934559e+01  1.510000e+00
   endloop
 endfacet
 facet normal  9.914449e-01 -1.305262e-01  0.000000e+00
   outer loop
     vertex  1.240000e+02 -9.947500e+01  0.000000e+00
     vertex  1.240170e+02 -9.934559e+01  1.510000e+00
     vertex  1.240000e+02 -9.947500e+01  1.510000e+00
   endloop
 endfacet
 facet normal  9.914449e-01  1.305262e-01 -0.000000e+00
   outer loop
     vertex  1.240170e+02 -9.960441e+01  0.000000e+00
     vertex  1.240000e+02 -9.947500e+01  1.510000e+00
     vertex  1.240170e+02 -9.960441e+01  1.510000e+00
   endloop
 endfacet
 facet normal  9.914449e-01  1.305262e-01  0.000000e+00
   outer loop
     vertex  1.240170e+02 -9.960441e+01  0.000000e+00
     vertex  1.240000e+02 -9.947500e+01  0.000000e+00
     vertex  1.240000e+02 -9.947500e+01  1.510000e+00
   endloop
 endfacet
 facet normal  9.238795e-01  3.826834e-01 -0.000000e+00
   outer loop
     vertex  1.240670e+02 -9.972500e+01  0.000000e+00
     vertex  1.240170e+02 -9.960441e+01  1.510000e+00
     vertex  1.240670e+02 -9.972500e+01  1.510000e+00
   endloop
 endfacet
 facet normal  9.238795e-01  3.826834e-01  0.000000e+00
   outer loop
     vertex  1.240670e+02 -9.972500e+01  0.000000e+00
     vertex  1.240170e+02 -9.960441e+01  0.000000e+00
     vertex  1.240170e+02 -9.960441e+01  1.510000e+00
   endloop
 endfacet
 facet normal  6.087614e-01  7.933533e-01 -0.000000e+00
   outer loop
     vertex  1.241464e+02 -9.982855e+01  0.000000e+00
     vertex  1.241464e+02 -9.982855e+01  1.510000e+00
     vertex  1.242500e+02 -9.990801e+01  1.510000e+00
   endloop
 endfacet
 facet normal  7.933533e-01  6.087614e-01 -0.000000e+00
   outer loop
     vertex  1.241464e+02 -9.982855e+01  0.000000e+00
     vertex  1.240670e+02 -9.972500e+01  1.510000e+00
     vertex  1.241464e+02 -9.982855e+01  1.510000e+00
   endloop
 endfacet
 facet normal  7.933533e-01  6.087614e-01  0.000000e+00
   outer loop
     vertex  1.241464e+02 -9.982855e+01  0.000000e+00
     vertex  1.240670e+02 -9.972500e+01  0.000000e+00
     vertex  1.240670e+02 -9.972500e+01  1.510000e+00
   endloop
 endfacet
 facet normal  6.087614e-01  7.933533e-01 -0.000000e+00
   outer loop
     vertex  1.242500e+02 -9.990801e+01  0.000000e+00
     vertex  1.241464e+02 -9.982855e+01  0.000000e+00
     vertex  1.242500e+02 -9.990801e+01  1.510000e+00
   endloop
 endfacet
 facet normal  3.826834e-01  9.238795e-01 -0.000000e+00
   outer loop
     vertex  1.243706e+02 -9.995796e+01  0.000000e+00
     vertex  1.242500e+02 -9.990801e+01  1.510000e+00
     vertex  1.243706e+02 -9.995796e+01  1.510000e+00
   endloop
 endfacet
 facet normal  3.826834e-01  9.238795e-01  0.000000e+00
   outer loop
     vertex  1.243706e+02 -9.995796e+01  0.000000e+00
     vertex  1.242500e+02 -9.990801e+01  0.000000e+00
     vertex  1.242500e+02 -9.990801e+01  1.510000e+00
   endloop
 endfacet
 facet normal  1.305262e-01  9.914449e-01 -0.000000e+00
   outer loop
     vertex  1.245000e+02 -9.997500e+01  0.000000e+00
     vertex  1.243706e+02 -9.995796e+01  1.510000e+00
     vertex  1.245000e+02 -9.997500e+01  1.510000e+00
   endloop
 endfacet
 facet normal  1.305262e-01  9.914449e-01  0.000000e+00
   outer loop
     vertex  1.245000e+02 -9.997500e+01  0.000000e+00
     vertex  1.243706e+02 -9.995796e+01  0.000000e+00
     vertex  1.243706e+02 -9.995796e+01  1.510000e+00
   endloop
 endfacet
 facet normal -1.305262e-01  9.914449e-01  0.000000e+00
   outer loop
     vertex  1.181294e+02 -9.345796e+01  0.000000e+00
     vertex  1.180000e+02 -9.347500e+01  0.000000e+00
     vertex  1.180000e+02 -9.347500e+01  1.510000e+00
   endloop
 endfacet
 facet normal -1.305262e-01  9.914449e-01  0.000000e+00
   outer loop
     vertex  1.181294e+02 -9.345796e+01  0.000000e+00
     vertex  1.180000e+02 -9.347500e+01  1.510000e+00
     vertex  1.181294e+02 -9.345796e+01  1.510000e+00
   endloop
 endfacet
 facet normal -3.826834e-01  9.238795e-01  0.000000e+00
   outer loop
     vertex  1.182500e+02 -9.340801e+01  0.000000e+00
     vertex  1.181294e+02 -9.345796e+01  1.510000e+00
     vertex  1.182500e+02 -9.340801e+01  1.510000e+00
   endloop
 endfacet
 facet normal -3.826834e-01  9.238795e-01  0.000000e+00
   outer loop
     vertex  1.182500e+02 -9.340801e+01  0.000000e+00
     vertex  1.181294e+02 -9.345796e+01  0.000000e+00
     vertex  1.181294e+02 -9.345796e+01  1.510000e+00
   endloop
 endfacet
 facet normal -6.087614e-01  7.933533e-01  0.000000e+00
   outer loop
     vertex  1.183536e+02 -9.332855e+01  0.000000e+00
     vertex  1.182500e+02 -9.340801e+01  1.510000e+00
     vertex  1.183536e+02 -9.332855e+01  1.510000e+00
   endloop
 endfacet
 facet normal -6.087614e-01  7.933533e-01  0.000000e+00
   outer loop
     vertex  1.183536e+02 -9.332855e+01  0.000000e+00
     vertex  1.182500e+02 -9.340801e+01  0.000000e+00
     vertex  1.182500e+02 -9.340801e+01  1.510000e+00
   endloop
 endfacet
 facet normal -7.933533e-01  6.087614e-01  0.000000e+00
   outer loop
     vertex  1.184330e+02 -9.322500e+01  0.000000e+00
     vertex  1.183536e+02 -9.332855e+01  1.510000e+00
     vertex  1.184330e+02 -9.322500e+01  1.510000e+00
   endloop
 endfacet
 facet normal -7.933533e-01  6.087614e-01  0.000000e+00
   outer loop
     vertex  1.184330e+02 -9.322500e+01  0.000000e+00
     vertex  1.183536e+02 -9.332855e+01  0.000000e+00
     vertex  1.183536e+02 -9.332855e+01  1.510000e+00
   endloop
 endfacet
 facet normal -9.238795e-01  3.826834e-01  0.000000e+00
   outer loop
     vertex  1.184830e+02 -9.310441e+01  0.000000e+00
     vertex  1.184330e+02 -9.322500e+01  1.510000e+00
     vertex  1.184830e+02 -9.310441e+01  1.510000e+00
   endloop
 endfacet
 facet normal -9.238795e-01  3.826834e-01  0.000000e+00
   outer loop
     vertex  1.184830e+02 -9.310441e+01  0.000000e+00
     vertex  1.184330e+02 -9.322500e+01  0.000000e+00
     vertex  1.184330e+02 -9.322500e+01  1.510000e+00
   endloop
 endfacet
 facet normal -9.914449e-01  1.305262e-01  0.000000e+00
   outer loop
     vertex  1.185000e+02 -9.297500e+01  0.000000e+00
     vertex  1.184830e+02 -9.310441e+01  1.510000e+00
     vertex  1.185000e+02 -9.297500e+01  1.510000e+00
   endloop
 endfacet
 facet normal -9.914449e-01  1.305262e-01  0.000000e+00
   outer loop
     vertex  1.185000e+02 -9.297500e+01  0.000000e+00
     vertex  1.184830e+02 -9.310441e+01  0.000000e+00
     vertex  1.184830e+02 -9.310441e+01  1.510000e+00
   endloop
 endfacet
 facet normal -9.914449e-01 -1.305262e-01  0.000000e+00
   outer loop
     vertex  1.184830e+02 -9.284559e+01  0.000000e+00
     vertex  1.185000e+02 -9.297500e+01  1.510000e+00
     vertex  1.184830e+02 -9.284559e+01  1.510000e+00
   endloop
 endfacet
 facet normal -9.914449e-01 -1.305262e-01  0.000000e+00
   outer loop
     vertex  1.184830e+02 -9.284559e+01  0.000000e+00
     vertex  1.185000e+02 -9.297500e+01  0.000000e+00
     vertex  1.185000e+02 -9.297500e+01  1.510000e+00
   endloop
 endfacet
 facet normal -9.238795e-01 -3.826834e-01  0.000000e+00
   outer loop
     vertex  1.184330e+02 -9.272500e+01  0.000000e+00
     vertex  1.184830e+02 -9.284559e+01  1.510000e+00
     vertex  1.184330e+02 -9.272500e+01  1.510000e+00
   endloop
 endfacet
 facet normal -9.238795e-01 -3.826834e-01  0.000000e+00
   outer loop
     vertex  1.184330e+02 -9.272500e+01  0.000000e+00
     vertex  1.184830e+02 -9.284559e+01  0.000000e+00
     vertex  1.184830e+02 -9.284559e+01  1.510000e+00
   endloop
 endfacet
 facet normal -7.933533e-01 -6.087614e-01  0.000000e+00
   outer loop
     vertex  1.183536e+02 -9.262144e+01  0.000000e+00
     vertex  1.184330e+02 -9.272500e+01  1.510000e+00
     vertex  1.183536e+02 -9.262144e+01  1.510000e+00
   endloop
 endfacet
 facet normal -7.933533e-01 -6.087614e-01  0.000000e+00
   outer loop
     vertex  1.183536e+02 -9.262144e+01  0.000000e+00
     vertex  1.184330e+02 -9.272500e+01  0.000000e+00
     vertex  1.184330e+02 -9.272500e+01  1.510000e+00
   endloop
 endfacet
 facet normal -6.087614e-01 -7.933533e-01  0.000000e+00
   outer loop
     vertex  1.182500e+02 -9.254198e+01  0.000000e+00
     vertex  1.183536e+02 -9.262144e+01  1.510000e+00
     vertex  1.182500e+02 -9.254198e+01  1.510000e+00
   endloop
 endfacet
 facet normal -6.087614e-01 -7.933533e-01  0.000000e+00
   outer loop
     vertex  1.182500e+02 -9.254198e+01  0.000000e+00
     vertex  1.183536e+02 -9.262144e+01  0.000000e+00
     vertex  1.183536e+02 -9.262144e+01  1.510000e+00
   endloop
 endfacet
 facet normal -3.826834e-01 -9.238795e-01  0.000000e+00
   outer loop
     vertex  1.181294e+02 -9.249203e+01  0.000000e+00
     vertex  1.182500e+02 -9.254198e+01  1.510000e+00
     vertex  1.181294e+02 -9.249203e+01  1.510000e+00
   endloop
 endfacet
 facet normal -3.826834e-01 -9.238795e-01  0.000000e+00
   outer loop
     vertex  1.181294e+02 -9.249203e+01  0.000000e+00
     vertex  1.182500e+02 -9.254198e+01  0.000000e+00
     vertex  1.182500e+02 -9.254198e+01  1.510000e+00
   endloop
 endfacet
 facet normal -1.305262e-01 -9.914449e-01  0.000000e+00
   outer loop
     vertex  1.180000e+02 -9.247500e+01  0.000000e+00
     vertex  1.181294e+02 -9.249203e+01  1.510000e+00
     vertex  1.180000e+02 -9.247500e+01  1.510000e+00
   endloop
 endfacet
 facet normal -1.305262e-01 -9.914449e-01  0.000000e+00
   outer loop
     vertex  1.180000e+02 -9.247500e+01  0.000000e+00
     vertex  1.181294e+02 -9.249203e+01  0.000000e+00
     vertex  1.181294e+02 -9.249203e+01  1.510000e+00
   endloop
 endfacet
 facet normal  1.305262e-01 -9.914449e-01  0.000000e+00
   outer loop
     vertex  1.178706e+02 -9.249203e+01  0.000000e+00
     vertex  1.180000e+02 -9.247500e+01  1.510000e+00
     vertex  1.178706e+02 -9.249203e+01  1.510000e+00
   endloop
 endfacet
 facet normal  1.305262e-01 -9.914449e-01  0.000000e+00
   outer loop
     vertex  1.178706e+02 -9.249203e+01  0.000000e+00
     vertex  1.180000e+02 -9.247500e+01  0.000000e+00
     vertex  1.180000e+02 -9.247500e+01  1.510000e+00
   endloop
 endfacet
 facet normal  3.826834e-01 -9.238795e-01  0.000000e+00
   outer loop
     vertex  1.177500e+02 -9.254198e+01  0.000000e+00
     vertex  1.178706e+02 -9.249203e+01  0.000000e+00
     vertex  1.178706e+02 -9.249203e+01  1.510000e+00
   endloop
 endfacet
 facet normal  3.826834e-01 -9.238795e-01  0.000000e+00
   outer loop
     vertex  1.177500e+02 -9.254198e+01  0.000000e+00
     vertex  1.178706e+02 -9.249203e+01  1.510000e+00
     vertex  1.177500e+02 -9.254198e+01  1.510000e+00
   endloop
 endfacet
 facet normal  6.087614e-01 -7.933533e-01  0.000000e+00
   outer loop
     vertex  1.176464e+02 -9.262144e+01  0.000000e+00
     vertex  1.177500e+02 -9.254198e+01  0.000000e+00
     vertex  1.177500e+02 -9.254198e+01  1.510000e+00
   endloop
 endfacet
 facet normal  7.933533e-01 -6.087614e-01  0.000000e+00
   outer loop
     vertex  1.176464e+02 -9.262144e+01  0.000000e+00
     vertex  1.176464e+02 -9.262144e+01  1.510000e+00
     vertex  1.175670e+02 -9.272500e+01  1.510000e+00
   endloop
 endfacet
 facet normal  6.087614e-01 -7.933533e-01  0.000000e+00
   outer loop
     vertex  1.176464e+02 -9.262144e+01  0.000000e+00
     vertex  1.177500e+02 -9.254198e+01  1.510000e+00
     vertex  1.176464e+02 -9.262144e+01  1.510000e+00
   endloop
 endfacet
 facet normal  7.933533e-01 -6.087614e-01  0.000000e+00
   outer loop
     vertex  1.175670e+02 -9.272500e+01  0.000000e+00
     vertex  1.176464e+02 -9.262144e+01  0.000000e+00
     vertex  1.175670e+02 -9.272500e+01  1.510000e+00
   endloop
 endfacet
 facet normal  9.238795e-01 -3.826834e-01  0.000000e+00
   outer loop
     vertex  1.175670e+02 -9.272500e+01  0.000000e+00
     vertex  1.175670e+02 -9.272500e+01  1.510000e+00
     vertex  1.175170e+02 -9.284559e+01  1.510000e+00
   endloop
 endfacet
 facet normal  9.238795e-01 -3.826834e-01  0.000000e+00
   outer loop
     vertex  1.175170e+02 -9.284559e+01  0.000000e+00
     vertex  1.175670e+02 -9.272500e+01  0.000000e+00
     vertex  1.175170e+02 -9.284559e+01  1.510000e+00
   endloop
 endfacet
 facet normal  9.914449e-01 -1.305262e-01  0.000000e+00
   outer loop
     vertex  1.175000e+02 -9.297500e+01  0.000000e+00
     vertex  1.175170e+02 -9.284559e+01  0.000000e+00
     vertex  1.175170e+02 -9.284559e+01  1.510000e+00
   endloop
 endfacet
 facet normal  9.914449e-01 -1.305262e-01  0.000000e+00
   outer loop
     vertex  1.175000e+02 -9.297500e+01  0.000000e+00
     vertex  1.175170e+02 -9.284559e+01  1.510000e+00
     vertex  1.175000e+02 -9.297500e+01  1.510000e+00
   endloop
 endfacet
 facet normal  9.914449e-01  1.305262e-01 -0.000000e+00
   outer loop
     vertex  1.175170e+02 -9.310441e+01  0.000000e+00
     vertex  1.175000e+02 -9.297500e+01  1.510000e+00
     vertex  1.175170e+02 -9.310441e+01  1.510000e+00
   endloop
 endfacet
 facet normal  9.914449e-01  1.305262e-01  0.000000e+00
   outer loop
     vertex  1.175170e+02 -9.310441e+01  0.000000e+00
     vertex  1.175000e+02 -9.297500e+01  0.000000e+00
     vertex  1.175000e+02 -9.297500e+01  1.510000e+00
   endloop
 endfacet
 facet normal  9.238795e-01  3.826834e-01 -0.000000e+00
   outer loop
     vertex  1.175670e+02 -9.322500e+01  0.000000e+00
     vertex  1.175170e+02 -9.310441e+01  1.510000e+00
     vertex  1.175670e+02 -9.322500e+01  1.510000e+00
   endloop
 endfacet
 facet normal  9.238795e-01  3.826834e-01  0.000000e+00
   outer loop
     vertex  1.175670e+02 -9.322500e+01  0.000000e+00
     vertex  1.175170e+02 -9.310441e+01  0.000000e+00
     vertex  1.175170e+02 -9.310441e+01  1.510000e+00
   endloop
 endfacet
 facet normal  6.087614e-01  7.933533e-01 -0.000000e+00
   outer loop
     vertex  1.176464e+02 -9.332855e+01  0.000000e+00
     vertex  1.176464e+02 -9.332855e+01  1.510000e+00
     vertex  1.177500e+02 -9.340801e+01  1.510000e+00
   endloop
 endfacet
 facet normal  7.933533e-01  6.087614e-01 -0.000000e+00
   outer loop
     vertex  1.176464e+02 -9.332855e+01  0.000000e+00
     vertex  1.175670e+02 -9.322500e+01  1.510000e+00
     vertex  1.176464e+02 -9.332855e+01  1.510000e+00
   endloop
 endfacet
 facet normal  7.933533e-01  6.087614e-01  0.000000e+00
   outer loop
     vertex  1.176464e+02 -9.332855e+01  0.000000e+00
     vertex  1.175670e+02 -9.322500e+01  0.000000e+00
     vertex  1.175670e+02 -9.322500e+01  1.510000e+00
   endloop
 endfacet
 facet normal  6.087614e-01  7.933533e-01 -0.000000e+00
   outer loop
     vertex  1.177500e+02 -9.340801e+01  0.000000e+00
     vertex  1.176464e+02 -9.332855e+01  0.000000e+00
     vertex  1.177500e+02 -9.340801e+01  1.510000e+00
   endloop
 endfacet
 facet normal  3.826834e-01  9.238795e-01 -0.000000e+00
   outer loop
     vertex  1.178706e+02 -9.345796e+01  0.000000e+00
     vertex  1.177500e+02 -9.340801e+01  1.510000e+00
     vertex  1.178706e+02 -9.345796e+01  1.510000e+00
   endloop
 endfacet
 facet normal  3.826834e-01  9.238795e-01  0.000000e+00
   outer loop
     vertex  1.178706e+02 -9.345796e+01  0.000000e+00
     vertex  1.177500e+02 -9.340801e+01  0.000000e+00
     vertex  1.177500e+02 -9.340801e+01  1.510000e+00
   endloop
 endfacet
 facet normal  1.305262e-01  9.914449e-01 -0.000000e+00
   outer loop
     vertex  1.180000e+02 -9.347500e+01  0.000000e+00
     vertex  1.178706e+02 -9.345796e+01  1.510000e+00
     vertex  1.180000e+02 -9.347500e+01  1.510000e+00
   endloop
 endfacet
 facet normal  1.305262e-01  9.914449e-01  0.000000e+00
   outer loop
     vertex  1.180000e+02 -9.347500e+01  0.000000e+00
     vertex  1.178706e+02 -9.345796e+01  0.000000e+00
     vertex  1.178706e+02 -9.345796e+01  1.510000e+00
   endloop
 endfacet
 facet normal -1.305262e-01  9.914449e-01  0.000000e+00
   outer loop
     vertex  1.226294e+02 -9.345796e+01  0.000000e+00
     vertex  1.225000e+02 -9.347500e+01  0.000000e+00
     vertex  1.225000e+02 -9.347500e+01  1.510000e+00
   endloop
 endfacet
 facet normal -1.305262e-01  9.914449e-01  0.000000e+00
   outer loop
     vertex  1.226294e+02 -9.345796e+01  0.000000e+00
     vertex  1.225000e+02 -9.347500e+01  1.510000e+00
     vertex  1.226294e+02 -9.345796e+01  1.510000e+00
   endloop
 endfacet
 facet normal -3.826834e-01  9.238795e-01  0.000000e+00
   outer loop
     vertex  1.227500e+02 -9.340801e+01  0.000000e+00
     vertex  1.226294e+02 -9.345796e+01  1.510000e+00
     vertex  1.227500e+02 -9.340801e+01  1.510000e+00
   endloop
 endfacet
 facet normal -3.826834e-01  9.238795e-01  0.000000e+00
   outer loop
     vertex  1.227500e+02 -9.340801e+01  0.000000e+00
     vertex  1.226294e+02 -9.345796e+01  0.000000e+00
     vertex  1.226294e+02 -9.345796e+01  1.510000e+00
   endloop
 endfacet
 facet normal -6.087614e-01  7.933533e-01  0.000000e+00
   outer loop
     vertex  1.228536e+02 -9.332855e+01  0.000000e+00
     vertex  1.227500e+02 -9.340801e+01  1.510000e+00
     vertex  1.228536e+02 -9.332855e+01  1.510000e+00
   endloop
 endfacet
 facet normal -6.087614e-01  7.933533e-01  0.000000e+00
   outer loop
     vertex  1.228536e+02 -9.332855e+01  0.000000e+00
     vertex  1.227500e+02 -9.340801e+01  0.000000e+00
     vertex  1.227500e+02 -9.340801e+01  1.510000e+00
   endloop
 endfacet
 facet normal -7.933533e-01  6.087614e-01  0.000000e+00
   outer loop
     vertex  1.229330e+02 -9.322500e+01  0.000000e+00
     vertex  1.228536e+02 -9.332855e+01  1.510000e+00
     vertex  1.229330e+02 -9.322500e+01  1.510000e+00
   endloop
 endfacet
 facet normal -7.933533e-01  6.087614e-01  0.000000e+00
   outer loop
     vertex  1.229330e+02 -9.322500e+01  0.000000e+00
     vertex  1.228536e+02 -9.332855e+01  0.000000e+00
     vertex  1.228536e+02 -9.332855e+01  1.510000e+00
   endloop
 endfacet
 facet normal -9.238795e-01  3.826834e-01  0.000000e+00
   outer loop
     vertex  1.229830e+02 -9.310441e+01  0.000000e+00
     vertex  1.229330e+02 -9.322500e+01  1.510000e+00
     vertex  1.229830e+02 -9.310441e+01  1.510000e+00
   endloop
 endfacet
 facet normal -9.238795e-01  3.826834e-01  0.000000e+00
   outer loop
     vertex  1.229830e+02 -9.310441e+01  0.000000e+00
     vertex  1.229330e+02 -9.322500e+01  0.000000e+00
     vertex  1.229330e+02 -9.322500e+01  1.510000e+00
   endloop
 endfacet
 facet normal -9.914449e-01  1.305262e-01  0.000000e+00
   outer loop
     vertex  1.230000e+02 -9.297500e+01  0.000000e+00
     vertex  1.229830e+02 -9.310441e+01  1.510000e+00
     vertex  1.230000e+02 -9.297500e+01  1.510000e+00
   endloop
 endfacet
 facet normal -9.914449e-01  1.305262e-01  0.000000e+00
   outer loop
     vertex  1.230000e+02 -9.297500e+01  0.000000e+00
     vertex  1.229830e+02 -9.310441e+01  0.000000e+00
     vertex  1.229830e+02 -9.310441e+01  1.510000e+00
   endloop
 endfacet
 facet normal -9.914449e-01 -1.305262e-01  0.000000e+00
   outer loop
     vertex  1.229830e+02 -9.284559e+01  0.000000e+00
     vertex  1.230000e+02 -9.297500e+01  1.510000e+00
     vertex  1.229830e+02 -9.284559e+01  1.510000e+00
   endloop
 endfacet
 facet normal -9.914449e-01 -1.305262e-01  0.000000e+00
   outer loop
     vertex  1.229830e+02 -9.284559e+01  0.000000e+00
     vertex  1.230000e+02 -9.297500e+01  0.000000e+00
     vertex  1.230000e+02 -9.297500e+01  1.510000e+00
   endloop
 endfacet
 facet normal -9.238795e-01 -3.826834e-01  0.000000e+00
   outer loop
     vertex  1.229330e+02 -9.272500e+01  0.000000e+00
     vertex  1.229830e+02 -9.284559e+01  1.510000e+00
     vertex  1.229330e+02 -9.272500e+01  1.510000e+00
   endloop
 endfacet
 facet normal -9.238795e-01 -3.826834e-01  0.000000e+00
   outer loop
     vertex  1.229330e+02 -9.272500e+01  0.000000e+00
     vertex  1.229830e+02 -9.284559e+01  0.000000e+00
     vertex  1.229830e+02 -9.284559e+01  1.510000e+00
   endloop
 endfacet
 facet normal -7.933533e-01 -6.087614e-01  0.000000e+00
   outer loop
     vertex  1.228536e+02 -9.262145e+01  0.000000e+00
     vertex  1.229330e+02 -9.272500e+01  1.510000e+00
     vertex  1.228536e+02 -9.262145e+01  1.510000e+00
   endloop
 endfacet
 facet normal -7.933533e-01 -6.087614e-01  0.000000e+00
   outer loop
     vertex  1.228536e+02 -9.262145e+01  0.000000e+00
     vertex  1.229330e+02 -9.272500e+01  0.000000e+00
     vertex  1.229330e+02 -9.272500e+01  1.510000e+00
   endloop
 endfacet
 facet normal -6.087614e-01 -7.933533e-01  0.000000e+00
   outer loop
     vertex  1.227500e+02 -9.254199e+01  0.000000e+00
     vertex  1.228536e+02 -9.262145e+01  1.510000e+00
     vertex  1.227500e+02 -9.254199e+01  1.510000e+00
   endloop
 endfacet
 facet normal -6.087614e-01 -7.933533e-01  0.000000e+00
   outer loop
     vertex  1.227500e+02 -9.254199e+01  0.000000e+00
     vertex  1.228536e+02 -9.262145e+01  0.000000e+00
     vertex  1.228536e+02 -9.262145e+01  1.510000e+00
   endloop
 endfacet
 facet normal -3.826834e-01 -9.238795e-01  0.000000e+00
   outer loop
     vertex  1.226294e+02 -9.249204e+01  0.000000e+00
     vertex  1.227500e+02 -9.254199e+01  1.510000e+00
     vertex  1.226294e+02 -9.249204e+01  1.510000e+00
   endloop
 endfacet
 facet normal -3.826834e-01 -9.238795e-01  0.000000e+00
   outer loop
     vertex  1.226294e+02 -9.249204e+01  0.000000e+00
     vertex  1.227500e+02 -9.254199e+01  0.000000e+00
     vertex  1.227500e+02 -9.254199e+01  1.510000e+00
   endloop
 endfacet
 facet normal -1.305262e-01 -9.914449e-01  0.000000e+00
   outer loop
     vertex  1.225000e+02 -9.247500e+01  0.000000e+00
     vertex  1.226294e+02 -9.249204e+01  1.510000e+00
     vertex  1.225000e+02 -9.247500e+01  1.510000e+00
   endloop
 endfacet
 facet normal -1.305262e-01 -9.914449e-01  0.000000e+00
   outer loop
     vertex  1.225000e+02 -9.247500e+01  0.000000e+00
     vertex  1.226294e+02 -9.249204e+01  0.000000e+00
     vertex  1.226294e+02 -9.249204e+01  1.510000e+00
   endloop
 endfacet
 facet normal  1.305262e-01 -9.914449e-01  0.000000e+00
   outer loop
     vertex  1.223706e+02 -9.249204e+01  0.000000e+00
     vertex  1.225000e+02 -9.247500e+01  1.510000e+00
     vertex  1.223706e+02 -9.249204e+01  1.510000e+00
   endloop
 endfacet
 facet normal  1.305262e-01 -9.914449e-01  0.000000e+00
   outer loop
     vertex  1.223706e+02 -9.249204e+01  0.000000e+00
     vertex  1.225000e+02 -9.247500e+01  0.000000e+00
     vertex  1.225000e+02 -9.247500e+01  1.510000e+00
   endloop
 endfacet
 facet normal  3.826834e-01 -9.238795e-01  0.000000e+00
   outer loop
     vertex  1.222500e+02 -9.254199e+01  0.000000e+00
     vertex  1.223706e+02 -9.249204e+01  0.000000e+00
     vertex  1.223706e+02 -9.249204e+01  1.510000e+00
   endloop
 endfacet
 facet normal  3.826834e-01 -9.238795e-01  0.000000e+00
   outer loop
     vertex  1.222500e+02 -9.254199e+01  0.000000e+00
     vertex  1.223706e+02 -9.249204e+01  1.510000e+00
     vertex  1.222500e+02 -9.254199e+01  1.510000e+00
   endloop
 endfacet
 facet normal  6.087614e-01 -7.933533e-01  0.000000e+00
   outer loop
     vertex  1.221464e+02 -9.262145e+01  0.000000e+00
     vertex  1.222500e+02 -9.254199e+01  0.000000e+00
     vertex  1.222500e+02 -9.254199e+01  1.510000e+00
   endloop
 endfacet
 facet normal  7.933533e-01 -6.087614e-01  0.000000e+00
   outer loop
     vertex  1.221464e+02 -9.262145e+01  0.000000e+00
     vertex  1.221464e+02 -9.262145e+01  1.510000e+00
     vertex  1.220670e+02 -9.272500e+01  1.510000e+00
   endloop
 endfacet
 facet normal  6.087614e-01 -7.933533e-01  0.000000e+00
   outer loop
     vertex  1.221464e+02 -9.262145e+01  0.000000e+00
     vertex  1.222500e+02 -9.254199e+01  1.510000e+00
     vertex  1.221464e+02 -9.262145e+01  1.510000e+00
   endloop
 endfacet
 facet normal  7.933533e-01 -6.087614e-01  0.000000e+00
   outer loop
     vertex  1.220670e+02 -9.272500e+01  0.000000e+00
     vertex  1.221464e+02 -9.262145e+01  0.000000e+00
     vertex  1.220670e+02 -9.272500e+01  1.510000e+00
   endloop
 endfacet
 facet normal  9.238795e-01 -3.826834e-01  0.000000e+00
   outer loop
     vertex  1.220670e+02 -9.272500e+01  0.000000e+00
     vertex  1.220670e+02 -9.272500e+01  1.510000e+00
     vertex  1.220170e+02 -9.284559e+01  1.510000e+00
   endloop
 endfacet
 facet normal  9.238795e-01 -3.826834e-01  0.000000e+00
   outer loop
     vertex  1.220170e+02 -9.284559e+01  0.000000e+00
     vertex  1.220670e+02 -9.272500e+01  0.000000e+00
     vertex  1.220170e+02 -9.284559e+01  1.510000e+00
   endloop
 endfacet
 facet normal  9.914449e-01 -1.305262e-01  0.000000e+00
   outer loop
     vertex  1.220000e+02 -9.297500e+01  0.000000e+00
     vertex  1.220170e+02 -9.284559e+01  0.000000e+00
     vertex  1.220170e+02 -9.284559e+01  1.510000e+00
   endloop
 endfacet
 facet normal  9.914449e-01 -1.305262e-01  0.000000e+00
   outer loop
     vertex  1.220000e+02 -9.297500e+01  0.000000e+00
     vertex  1.220170e+02 -9.284559e+01  1.510000e+00
     vertex  1.220000e+02 -9.297500e+01  1.510000e+00
   endloop
 endfacet
 facet normal  9.914449e-01  1.305262e-01 -0.000000e+00
   outer loop
     vertex  1.220170e+02 -9.310441e+01  0.000000e+00
     vertex  1.220000e+02 -9.297500e+01  1.510000e+00
     vertex  1.220170e+02 -9.310441e+01  1.510000e+00
   endloop
 endfacet
 facet normal  9.914449e-01  1.305262e-01  0.000000e+00
   outer loop
     vertex  1.220170e+02 -9.310441e+01  0.000000e+00
     vertex  1.220000e+02 -9.297500e+01  0.000000e+00
     vertex  1.220000e+02 -9.297500e+01  1.510000e+00
   endloop
 endfacet
 facet normal  9.238795e-01  3.826834e-01 -0.000000e+00
   outer loop
     vertex  1.220670e+02 -9.322500e+01  0.000000e+00
     vertex  1.220170e+02 -9.310441e+01  1.510000e+00
     vertex  1.220670e+02 -9.322500e+01  1.510000e+00
   endloop
 endfacet
 facet normal  9.238795e-01  3.826834e-01  0.000000e+00
   outer loop
     vertex  1.220670e+02 -9.322500e+01  0.000000e+00
     vertex  1.220170e+02 -9.310441e+01  0.000000e+00
     vertex  1.220170e+02 -9.310441e+01  1.510000e+00
   endloop
 endfacet
 facet normal  6.087614e-01  7.933533e-01 -0.000000e+00
   outer loop
     vertex  1.221464e+02 -9.332855e+01  0.000000e+00
     vertex  1.221464e+02 -9.332855e+01  1.510000e+00
     vertex  1.222500e+02 -9.340801e+01  1.510000e+00
   endloop
 endfacet
 facet normal  7.933533e-01  6.087614e-01 -0.000000e+00
   outer loop
     vertex  1.221464e+02 -9.332855e+01  0.000000e+00
     vertex  1.220670e+02 -9.322500e+01  1.510000e+00
     vertex  1.221464e+02 -9.332855e+01  1.510000e+00
   endloop
 endfacet
 facet normal  7.933533e-01  6.087614e-01  0.000000e+00
   outer loop
     vertex  1.221464e+02 -9.332855e+01  0.000000e+00
     vertex  1.220670e+02 -9.322500e+01  0.000000e+00
     vertex  1.220670e+02 -9.322500e+01  1.510000e+00
   endloop
 endfacet
 facet normal  6.087614e-01  7.933533e-01 -0.000000e+00
   outer loop
     vertex  1.222500e+02 -9.340801e+01  0.000000e+00
     vertex  1.221464e+02 -9.332855e+01  0.000000e+00
     vertex  1.222500e+02 -9.340801e+01  1.510000e+00
   endloop
 endfacet
 facet normal  3.826834e-01  9.238795e-01 -0.000000e+00
   outer loop
     vertex  1.223706e+02 -9.345796e+01  0.000000e+00
     vertex  1.222500e+02 -9.340801e+01  1.510000e+00
     vertex  1.223706e+02 -9.345796e+01  1.510000e+00
   endloop
 endfacet
 facet normal  3.826834e-01  9.238795e-01  0.000000e+00
   outer loop
     vertex  1.223706e+02 -9.345796e+01  0.000000e+00
     vertex  1.222500e+02 -9.340801e+01  0.000000e+00
     vertex  1.222500e+02 -9.340801e+01  1.510000e+00
   endloop
 endfacet
 facet normal  1.305262e-01  9.914449e-01 -0.000000e+00
   outer loop
     vertex  1.225000e+02 -9.347500e+01  0.000000e+00
     vertex  1.223706e+02 -9.345796e+01  1.510000e+00
     vertex  1.225000e+02 -9.347500e+01  1.510000e+00
   endloop
 endfacet
 facet normal  1.305262e-01  9.914449e-01  0.000000e+00
   outer loop
     vertex  1.225000e+02 -9.347500e+01  0.000000e+00
     vertex  1.223706e+02 -9.345796e+01  0.000000e+00
     vertex  1.223706e+02 -9.345796e+01  1.510000e+00
   endloop
 endfacet
 facet normal -1.305262e-01  9.914449e-01  0.000000e+00
   outer loop
     vertex  1.246294e+02 -9.545796e+01  0.000000e+00
     vertex  1.245000e+02 -9.547500e+01  0.000000e+00
     vertex  1.245000e+02 -9.547500e+01  1.510000e+00
   endloop
 endfacet
 facet normal -1.305262e-01  9.914449e-01  0.000000e+00
   outer loop
     vertex  1.246294e+02 -9.545796e+01  0.000000e+00
     vertex  1.245000e+02 -9.547500e+01  1.510000e+00
     vertex  1.246294e+02 -9.545796e+01  1.510000e+00
   endloop
 endfacet
 facet normal -3.826834e-01  9.238795e-01  0.000000e+00
   outer loop
     vertex  1.247500e+02 -9.540801e+01  0.000000e+00
     vertex  1.246294e+02 -9.545796e+01  1.510000e+00
     vertex  1.247500e+02 -9.540801e+01  1.510000e+00
   endloop
 endfacet
 facet normal -3.826834e-01  9.238795e-01  0.000000e+00
   outer loop
     vertex  1.247500e+02 -9.540801e+01  0.000000e+00
     vertex  1.246294e+02 -9.545796e+01  0.000000e+00
     vertex  1.246294e+02 -9.545796e+01  1.510000e+00
   endloop
 endfacet
 facet normal -6.087614e-01  7.933533e-01  0.000000e+00
   outer loop
     vertex  1.248536e+02 -9.532855e+01  0.000000e+00
     vertex  1.247500e+02 -9.540801e+01  1.510000e+00
     vertex  1.248536e+02 -9.532855e+01  1.510000e+00
   endloop
 endfacet
 facet normal -6.087614e-01  7.933533e-01  0.000000e+00
   outer loop
     vertex  1.248536e+02 -9.532855e+01  0.000000e+00
     vertex  1.247500e+02 -9.540801e+01  0.000000e+00
     vertex  1.247500e+02 -9.540801e+01  1.510000e+00
   endloop
 endfacet
 facet normal -7.933533e-01  6.087614e-01  0.000000e+00
   outer loop
     vertex  1.249330e+02 -9.522500e+01  0.000000e+00
     vertex  1.248536e+02 -9.532855e+01  1.510000e+00
     vertex  1.249330e+02 -9.522500e+01  1.510000e+00
   endloop
 endfacet
 facet normal -7.933533e-01  6.087614e-01  0.000000e+00
   outer loop
     vertex  1.249330e+02 -9.522500e+01  0.000000e+00
     vertex  1.248536e+02 -9.532855e+01  0.000000e+00
     vertex  1.248536e+02 -9.532855e+01  1.510000e+00
   endloop
 endfacet
 facet normal -9.238795e-01  3.826834e-01  0.000000e+00
   outer loop
     vertex  1.249830e+02 -9.510441e+01  0.000000e+00
     vertex  1.249330e+02 -9.522500e+01  1.510000e+00
     vertex  1.249830e+02 -9.510441e+01  1.510000e+00
   endloop
 endfacet
 facet normal -9.238795e-01  3.826834e-01  0.000000e+00
   outer loop
     vertex  1.249830e+02 -9.510441e+01  0.000000e+00
     vertex  1.249330e+02 -9.522500e+01  0.000000e+00
     vertex  1.249330e+02 -9.522500e+01  1.510000e+00
   endloop
 endfacet
 facet normal -9.914449e-01  1.305262e-01  0.000000e+00
   outer loop
     vertex  1.250000e+02 -9.497500e+01  0.000000e+00
     vertex  1.249830e+02 -9.510441e+01  1.510000e+00
     vertex  1.250000e+02 -9.497500e+01  1.510000e+00
   endloop
 endfacet
 facet normal -9.914449e-01  1.305262e-01  0.000000e+00
   outer loop
     vertex  1.250000e+02 -9.497500e+01  0.000000e+00
     vertex  1.249830e+02 -9.510441e+01  0.000000e+00
     vertex  1.249830e+02 -9.510441e+01  1.510000e+00
   endloop
 endfacet
 facet normal -9.914449e-01 -1.305262e-01  0.000000e+00
   outer loop
     vertex  1.249830e+02 -9.484559e+01  0.000000e+00
     vertex  1.250000e+02 -9.497500e+01  1.510000e+00
     vertex  1.249830e+02 -9.484559e+01  1.510000e+00
   endloop
 endfacet
 facet normal -9.914449e-01 -1.305262e-01  0.000000e+00
   outer loop
     vertex  1.249830e+02 -9.484559e+01  0.000000e+00
     vertex  1.250000e+02 -9.497500e+01  0.000000e+00
     vertex  1.250000e+02 -9.497500e+01  1.510000e+00
   endloop
 endfacet
 facet normal -9.238795e-01 -3.826834e-01  0.000000e+00
   outer loop
     vertex  1.249330e+02 -9.472500e+01  0.000000e+00
     vertex  1.249830e+02 -9.484559e+01  1.510000e+00
     vertex  1.249330e+02 -9.472500e+01  1.510000e+00
   endloop
 endfacet
 facet normal -9.238795e-01 -3.826834e-01  0.000000e+00
   outer loop
     vertex  1.249330e+02 -9.472500e+01  0.000000e+00
     vertex  1.249830e+02 -9.484559e+01  0.000000e+00
     vertex  1.249830e+02 -9.484559e+01  1.510000e+00
   endloop
 endfacet
 facet normal -7.933533e-01 -6.087614e-01  0.000000e+00
   outer loop
     vertex  1.248536e+02 -9.462145e+01  0.000000e+00
     vertex  1.249330e+02 -9.472500e+01  1.510000e+00
     vertex  1.248536e+02 -9.462145e+01  1.510000e+00
   endloop
 endfacet
 facet normal -7.933533e-01 -6.087614e-01  0.000000e+00
   outer loop
     vertex  1.248536e+02 -9.462145e+01  0.000000e+00
     vertex  1.249330e+02 -9.472500e+01  0.000000e+00
     vertex  1.249330e+02 -9.472500e+01  1.510000e+00
   endloop
 endfacet
 facet normal -6.087614e-01 -7.933533e-01  0.000000e+00
   outer loop
     vertex  1.247500e+02 -9.454199e+01  0.000000e+00
     vertex  1.248536e+02 -9.462145e+01  1.510000e+00
     vertex  1.247500e+02 -9.454199e+01  1.510000e+00
   endloop
 endfacet
 facet normal -6.087614e-01 -7.933533e-01  0.000000e+00
   outer loop
     vertex  1.247500e+02 -9.454199e+01  0.000000e+00
     vertex  1.248536e+02 -9.462145e+01  0.000000e+00
     vertex  1.248536e+02 -9.462145e+01  1.510000e+00
   endloop
 endfacet
 facet normal -3.826834e-01 -9.238795e-01  0.000000e+00
   outer loop
     vertex  1.246294e+02 -9.449204e+01  0.000000e+00
     vertex  1.247500e+02 -9.454199e+01  1.510000e+00
     vertex  1.246294e+02 -9.449204e+01  1.510000e+00
   endloop
 endfacet
 facet normal -3.826834e-01 -9.238795e-01  0.000000e+00
   outer loop
     vertex  1.246294e+02 -9.449204e+01  0.000000e+00
     vertex  1.247500e+02 -9.454199e+01  0.000000e+00
     vertex  1.247500e+02 -9.454199e+01  1.510000e+00
   endloop
 endfacet
 facet normal -1.305262e-01 -9.914449e-01  0.000000e+00
   outer loop
     vertex  1.245000e+02 -9.447500e+01  0.000000e+00
     vertex  1.246294e+02 -9.449204e+01  1.510000e+00
     vertex  1.245000e+02 -9.447500e+01  1.510000e+00
   endloop
 endfacet
 facet normal -1.305262e-01 -9.914449e-01  0.000000e+00
   outer loop
     vertex  1.245000e+02 -9.447500e+01  0.000000e+00
     vertex  1.246294e+02 -9.449204e+01  0.000000e+00
     vertex  1.246294e+02 -9.449204e+01  1.510000e+00
   endloop
 endfacet
 facet normal  1.305262e-01 -9.914449e-01  0.000000e+00
   outer loop
     vertex  1.243706e+02 -9.449204e+01  0.000000e+00
     vertex  1.245000e+02 -9.447500e+01  1.510000e+00
     vertex  1.243706e+02 -9.449204e+01  1.510000e+00
   endloop
 endfacet
 facet normal  1.305262e-01 -9.914449e-01  0.000000e+00
   outer loop
     vertex  1.243706e+02 -9.449204e+01  0.000000e+00
     vertex  1.245000e+02 -9.447500e+01  0.000000e+00
     vertex  1.245000e+02 -9.447500e+01  1.510000e+00
   endloop
 endfacet
 facet normal  3.826834e-01 -9.238795e-01  0.000000e+00
   outer loop
     vertex  1.242500e+02 -9.454199e+01  0.000000e+00
     vertex  1.243706e+02 -9.449204e+01  0.000000e+00
     vertex  1.243706e+02 -9.449204e+01  1.510000e+00
   endloop
 endfacet
 facet normal  3.826834e-01 -9.238795e-01  0.000000e+00
   outer loop
     vertex  1.242500e+02 -9.454199e+01  0.000000e+00
     vertex  1.243706e+02 -9.449204e+01  1.510000e+00
     vertex  1.242500e+02 -9.454199e+01  1.510000e+00
   endloop
 endfacet
 facet normal  6.087614e-01 -7.933533e-01  0.000000e+00
   outer loop
     vertex  1.241464e+02 -9.462145e+01  0.000000e+00
     vertex  1.242500e+02 -9.454199e+01  0.000000e+00
     vertex  1.242500e+02 -9.454199e+01  1.510000e+00
   endloop
 endfacet
 facet normal  7.933533e-01 -6.087614e-01  0.000000e+00
   outer loop
     vertex  1.241464e+02 -9.462145e+01  0.000000e+00
     vertex  1.241464e+02 -9.462145e+01  1.510000e+00
     vertex  1.240670e+02 -9.472500e+01  1.510000e+00
   endloop
 endfacet
 facet normal  6.087614e-01 -7.933533e-01  0.000000e+00
   outer loop
     vertex  1.241464e+02 -9.462145e+01  0.000000e+00
     vertex  1.242500e+02 -9.454199e+01  1.510000e+00
     vertex  1.241464e+02 -9.462145e+01  1.510000e+00
   endloop
 endfacet
 facet normal  7.933533e-01 -6.087614e-01  0.000000e+00
   outer loop
     vertex  1.240670e+02 -9.472500e+01  0.000000e+00
     vertex  1.241464e+02 -9.462145e+01  0.000000e+00
     vertex  1.240670e+02 -9.472500e+01  1.510000e+00
   endloop
 endfacet
 facet normal  9.238795e-01 -3.826834e-01  0.000000e+00
   outer loop
     vertex  1.240670e+02 -9.472500e+01  0.000000e+00
     vertex  1.240670e+02 -9.472500e+01  1.510000e+00
     vertex  1.240170e+02 -9.484559e+01  1.510000e+00
   endloop
 endfacet
 facet normal  9.238795e-01 -3.826834e-01  0.000000e+00
   outer loop
     vertex  1.240170e+02 -9.484559e+01  0.000000e+00
     vertex  1.240670e+02 -9.472500e+01  0.000000e+00
     vertex  1.240170e+02 -9.484559e+01  1.510000e+00
   endloop
 endfacet
 facet normal  9.914449e-01 -1.305262e-01  0.000000e+00
   outer loop
     vertex  1.240000e+02 -9.497500e+01  0.000000e+00
     vertex  1.240170e+02 -9.484559e+01  0.000000e+00
     vertex  1.240170e+02 -9.484559e+01  1.510000e+00
   endloop
 endfacet
 facet normal  9.914449e-01 -1.305262e-01  0.000000e+00
   outer loop
     vertex  1.240000e+02 -9.497500e+01  0.000000e+00
     vertex  1.240170e+02 -9.484559e+01  1.510000e+00
     vertex  1.240000e+02 -9.497500e+01  1.510000e+00
   endloop
 endfacet
 facet normal  9.914449e-01  1.305262e-01 -0.000000e+00
   outer loop
     vertex  1.240170e+02 -9.510441e+01  0.000000e+00
     vertex  1.240000e+02 -9.497500e+01  1.510000e+00
     vertex  1.240170e+02 -9.510441e+01  1.510000e+00
   endloop
 endfacet
 facet normal  9.914449e-01  1.305262e-01  0.000000e+00
   outer loop
     vertex  1.240170e+02 -9.510441e+01  0.000000e+00
     vertex  1.240000e+02 -9.497500e+01  0.000000e+00
     vertex  1.240000e+02 -9.497500e+01  1.510000e+00
   endloop
 endfacet
 facet normal  9.238795e-01  3.826834e-01 -0.000000e+00
   outer loop
     vertex  1.240670e+02 -9.522500e+01  0.000000e+00
     vertex  1.240170e+02 -9.510441e+01  1.510000e+00
     vertex  1.240670e+02 -9.522500e+01  1.510000e+00
   endloop
 endfacet
 facet normal  9.238795e-01  3.826834e-01  0.000000e+00
   outer loop
     vertex  1.240670e+02 -9.522500e+01  0.000000e+00
     vertex  1.240170e+02 -9.510441e+01  0.000000e+00
     vertex  1.240170e+02 -9.510441e+01  1.510000e+00
   endloop
 endfacet
 facet normal  6.087614e-01  7.933533e-01 -0.000000e+00
   outer loop
     vertex  1.241464e+02 -9.532855e+01  0.000000e+00
     vertex  1.241464e+02 -9.532855e+01  1.510000e+00
     vertex  1.242500e+02 -9.540801e+01  1.510000e+00
   endloop
 endfacet
 facet normal  7.933533e-01  6.087614e-01 -0.000000e+00
   outer loop
     vertex  1.241464e+02 -9.532855e+01  0.000000e+00
     vertex  1.240670e+02 -9.522500e+01  1.510000e+00
     vertex  1.241464e+02 -9.532855e+01  1.510000e+00
   endloop
 endfacet
 facet normal  7.933533e-01  6.087614e-01  0.000000e+00
   outer loop
     vertex  1.241464e+02 -9.532855e+01  0.000000e+00
     vertex  1.240670e+02 -9.522500e+01  0.000000e+00
     vertex  1.240670e+02 -9.522500e+01  1.510000e+00
   endloop
 endfacet
 facet normal  6.087614e-01  7.933533e-01 -0.000000e+00
   outer loop
     vertex  1.242500e+02 -9.540801e+01  0.000000e+00
     vertex  1.241464e+02 -9.532855e+01  0.000000e+00
     vertex  1.242500e+02 -9.540801e+01  1.510000e+00
   endloop
 endfacet
 facet normal  3.826834e-01  9.238795e-01 -0.000000e+00
   outer loop
     vertex  1.243706e+02 -9.545796e+01  0.000000e+00
     vertex  1.242500e+02 -9.540801e+01  1.510000e+00
     vertex  1.243706e+02 -9.545796e+01  1.510000e+00
   endloop
 endfacet
 facet normal  3.826834e-01  9.238795e-01  0.000000e+00
   outer loop
     vertex  1.243706e+02 -9.545796e+01  0.000000e+00
     vertex  1.242500e+02 -9.540801e+01  0.000000e+00
     vertex  1.242500e+02 -9.540801e+01  1.510000e+00
   endloop
 endfacet
 facet normal  1.305262e-01  9.914449e-01 -0.000000e+00
   outer loop
     vertex  1.245000e+02 -9.547500e+01  0.000000e+00
     vertex  1.243706e+02 -9.545796e+01  1.510000e+00
     vertex  1.245000e+02 -9.547500e+01  1.510000e+00
   endloop
 endfacet
 facet normal  1.305262e-01  9.914449e-01  0.000000e+00
   outer loop
     vertex  1.245000e+02 -9.547500e+01  0.000000e+00
     vertex  1.243706e+02 -9.545796e+01  0.000000e+00
     vertex  1.243706e+02 -9.545796e+01  1.510000e+00
   endloop
 endfacet
 facet normal -1.305262e-01  9.914449e-01  0.000000e+00
   outer loop
     vertex  1.311194e+02 -1.045830e+02  0.000000e+00
     vertex  1.309900e+02 -1.046000e+02  0.000000e+00
     vertex  1.309900e+02 -1.046000e+02  1.510000e+00
   endloop
 endfacet
 facet normal -1.305262e-01  9.914449e-01  0.000000e+00
   outer loop
     vertex  1.311194e+02 -1.045830e+02  0.000000e+00
     vertex  1.309900e+02 -1.046000e+02  1.510000e+00
     vertex  1.311194e+02 -1.045830e+02  1.510000e+00
   endloop
 endfacet
 facet normal -3.826834e-01  9.238795e-01  0.000000e+00
   outer loop
     vertex  1.312400e+02 -1.045330e+02  0.000000e+00
     vertex  1.311194e+02 -1.045830e+02  1.510000e+00
     vertex  1.312400e+02 -1.045330e+02  1.510000e+00
   endloop
 endfacet
 facet normal -3.826834e-01  9.238795e-01  0.000000e+00
   outer loop
     vertex  1.312400e+02 -1.045330e+02  0.000000e+00
     vertex  1.311194e+02 -1.045830e+02  0.000000e+00
     vertex  1.311194e+02 -1.045830e+02  1.510000e+00
   endloop
 endfacet
 facet normal -6.087614e-01  7.933533e-01  0.000000e+00
   outer loop
     vertex  1.313436e+02 -1.044536e+02  0.000000e+00
     vertex  1.312400e+02 -1.045330e+02  1.510000e+00
     vertex  1.313436e+02 -1.044536e+02  1.510000e+00
   endloop
 endfacet
 facet normal -6.087614e-01  7.933533e-01  0.000000e+00
   outer loop
     vertex  1.313436e+02 -1.044536e+02  0.000000e+00
     vertex  1.312400e+02 -1.045330e+02  0.000000e+00
     vertex  1.312400e+02 -1.045330e+02  1.510000e+00
   endloop
 endfacet
 facet normal -7.933533e-01  6.087614e-01  0.000000e+00
   outer loop
     vertex  1.314230e+02 -1.043500e+02  0.000000e+00
     vertex  1.313436e+02 -1.044536e+02  1.510000e+00
     vertex  1.314230e+02 -1.043500e+02  1.510000e+00
   endloop
 endfacet
 facet normal -7.933533e-01  6.087614e-01  0.000000e+00
   outer loop
     vertex  1.314230e+02 -1.043500e+02  0.000000e+00
     vertex  1.313436e+02 -1.044536e+02  0.000000e+00
     vertex  1.313436e+02 -1.044536e+02  1.510000e+00
   endloop
 endfacet
 facet normal -9.238795e-01  3.826834e-01  0.000000e+00
   outer loop
     vertex  1.314730e+02 -1.042294e+02  0.000000e+00
     vertex  1.314230e+02 -1.043500e+02  1.510000e+00
     vertex  1.314730e+02 -1.042294e+02  1.510000e+00
   endloop
 endfacet
 facet normal -9.238795e-01  3.826834e-01  0.000000e+00
   outer loop
     vertex  1.314730e+02 -1.042294e+02  0.000000e+00
     vertex  1.314230e+02 -1.043500e+02  0.000000e+00
     vertex  1.314230e+02 -1.043500e+02  1.510000e+00
   endloop
 endfacet
 facet normal -9.914449e-01  1.305262e-01  0.000000e+00
   outer loop
     vertex  1.314900e+02 -1.041000e+02  0.000000e+00
     vertex  1.314730e+02 -1.042294e+02  1.510000e+00
     vertex  1.314900e+02 -1.041000e+02  1.510000e+00
   endloop
 endfacet
 facet normal -9.914449e-01  1.305262e-01  0.000000e+00
   outer loop
     vertex  1.314900e+02 -1.041000e+02  0.000000e+00
     vertex  1.314730e+02 -1.042294e+02  0.000000e+00
     vertex  1.314730e+02 -1.042294e+02  1.510000e+00
   endloop
 endfacet
 facet normal -9.914449e-01 -1.305262e-01  0.000000e+00
   outer loop
     vertex  1.314730e+02 -1.039706e+02  0.000000e+00
     vertex  1.314900e+02 -1.041000e+02  1.510000e+00
     vertex  1.314730e+02 -1.039706e+02  1.510000e+00
   endloop
 endfacet
 facet normal -9.914449e-01 -1.305262e-01  0.000000e+00
   outer loop
     vertex  1.314730e+02 -1.039706e+02  0.000000e+00
     vertex  1.314900e+02 -1.041000e+02  0.000000e+00
     vertex  1.314900e+02 -1.041000e+02  1.510000e+00
   endloop
 endfacet
 facet normal -9.238795e-01 -3.826834e-01  0.000000e+00
   outer loop
     vertex  1.314230e+02 -1.038500e+02  0.000000e+00
     vertex  1.314730e+02 -1.039706e+02  1.510000e+00
     vertex  1.314230e+02 -1.038500e+02  1.510000e+00
   endloop
 endfacet
 facet normal -9.238795e-01 -3.826834e-01  0.000000e+00
   outer loop
     vertex  1.314230e+02 -1.038500e+02  0.000000e+00
     vertex  1.314730e+02 -1.039706e+02  0.000000e+00
     vertex  1.314730e+02 -1.039706e+02  1.510000e+00
   endloop
 endfacet
 facet normal -7.933533e-01 -6.087614e-01  0.000000e+00
   outer loop
     vertex  1.313436e+02 -1.037464e+02  0.000000e+00
     vertex  1.314230e+02 -1.038500e+02  1.510000e+00
     vertex  1.313436e+02 -1.037464e+02  1.510000e+00
   endloop
 endfacet
 facet normal -7.933533e-01 -6.087614e-01  0.000000e+00
   outer loop
     vertex  1.313436e+02 -1.037464e+02  0.000000e+00
     vertex  1.314230e+02 -1.038500e+02  0.000000e+00
     vertex  1.314230e+02 -1.038500e+02  1.510000e+00
   endloop
 endfacet
 facet normal -6.087614e-01 -7.933533e-01  0.000000e+00
   outer loop
     vertex  1.312400e+02 -1.036670e+02  0.000000e+00
     vertex  1.313436e+02 -1.037464e+02  1.510000e+00
     vertex  1.312400e+02 -1.036670e+02  1.510000e+00
   endloop
 endfacet
 facet normal -6.087614e-01 -7.933533e-01  0.000000e+00
   outer loop
     vertex  1.312400e+02 -1.036670e+02  0.000000e+00
     vertex  1.313436e+02 -1.037464e+02  0.000000e+00
     vertex  1.313436e+02 -1.037464e+02  1.510000e+00
   endloop
 endfacet
 facet normal -3.826834e-01 -9.238795e-01  0.000000e+00
   outer loop
     vertex  1.311194e+02 -1.036170e+02  0.000000e+00
     vertex  1.312400e+02 -1.036670e+02  1.510000e+00
     vertex  1.311194e+02 -1.036170e+02  1.510000e+00
   endloop
 endfacet
 facet normal -3.826834e-01 -9.238795e-01  0.000000e+00
   outer loop
     vertex  1.311194e+02 -1.036170e+02  0.000000e+00
     vertex  1.312400e+02 -1.036670e+02  0.000000e+00
     vertex  1.312400e+02 -1.036670e+02  1.510000e+00
   endloop
 endfacet
 facet normal -1.305262e-01 -9.914449e-01  0.000000e+00
   outer loop
     vertex  1.309900e+02 -1.036000e+02  0.000000e+00
     vertex  1.311194e+02 -1.036170e+02  1.510000e+00
     vertex  1.309900e+02 -1.036000e+02  1.510000e+00
   endloop
 endfacet
 facet normal -1.305262e-01 -9.914449e-01  0.000000e+00
   outer loop
     vertex  1.309900e+02 -1.036000e+02  0.000000e+00
     vertex  1.311194e+02 -1.036170e+02  0.000000e+00
     vertex  1.311194e+02 -1.036170e+02  1.510000e+00
   endloop
 endfacet
 facet normal  1.305262e-01 -9.914449e-01  0.000000e+00
   outer loop
     vertex  1.308606e+02 -1.036170e+02  0.000000e+00
     vertex  1.309900e+02 -1.036000e+02  1.510000e+00
     vertex  1.308606e+02 -1.036170e+02  1.510000e+00
   endloop
 endfacet
 facet normal  1.305262e-01 -9.914449e-01  0.000000e+00
   outer loop
     vertex  1.308606e+02 -1.036170e+02  0.000000e+00
     vertex  1.309900e+02 -1.036000e+02  0.000000e+00
     vertex  1.309900e+02 -1.036000e+02  1.510000e+00
   endloop
 endfacet
 facet normal  3.826834e-01 -9.238795e-01  0.000000e+00
   outer loop
     vertex  1.307400e+02 -1.036670e+02  0.000000e+00
     vertex  1.308606e+02 -1.036170e+02  0.000000e+00
     vertex  1.308606e+02 -1.036170e+02  1.510000e+00
   endloop
 endfacet
 facet normal  3.826834e-01 -9.238795e-01  0.000000e+00
   outer loop
     vertex  1.307400e+02 -1.036670e+02  0.000000e+00
     vertex  1.308606e+02 -1.036170e+02  1.510000e+00
     vertex  1.307400e+02 -1.036670e+02  1.510000e+00
   endloop
 endfacet
 facet normal  6.087614e-01 -7.933533e-01  0.000000e+00
   outer loop
     vertex  1.306364e+02 -1.037464e+02  0.000000e+00
     vertex  1.307400e+02 -1.036670e+02  0.000000e+00
     vertex  1.307400e+02 -1.036670e+02  1.510000e+00
   endloop
 endfacet
 facet normal  7.933533e-01 -6.087614e-01  0.000000e+00
   outer loop
     vertex  1.306364e+02 -1.037464e+02  0.000000e+00
     vertex  1.306364e+02 -1.037464e+02  1.510000e+00
     vertex  1.305570e+02 -1.038500e+02  1.510000e+00
   endloop
 endfacet
 facet normal  6.087614e-01 -7.933533e-01  0.000000e+00
   outer loop
     vertex  1.306364e+02 -1.037464e+02  0.000000e+00
     vertex  1.307400e+02 -1.036670e+02  1.510000e+00
     vertex  1.306364e+02 -1.037464e+02  1.510000e+00
   endloop
 endfacet
 facet normal  7.933533e-01 -6.087614e-01  0.000000e+00
   outer loop
     vertex  1.305570e+02 -1.038500e+02  0.000000e+00
     vertex  1.306364e+02 -1.037464e+02  0.000000e+00
     vertex  1.305570e+02 -1.038500e+02  1.510000e+00
   endloop
 endfacet
 facet normal  9.238795e-01 -3.826834e-01  0.000000e+00
   outer loop
     vertex  1.305570e+02 -1.038500e+02  0.000000e+00
     vertex  1.305570e+02 -1.038500e+02  1.510000e+00
     vertex  1.305070e+02 -1.039706e+02  1.510000e+00
   endloop
 endfacet
 facet normal  9.238795e-01 -3.826834e-01  0.000000e+00
   outer loop
     vertex  1.305070e+02 -1.039706e+02  0.000000e+00
     vertex  1.305570e+02 -1.038500e+02  0.000000e+00
     vertex  1.305070e+02 -1.039706e+02  1.510000e+00
   endloop
 endfacet
 facet normal  9.914449e-01 -1.305262e-01  0.000000e+00
   outer loop
     vertex  1.304900e+02 -1.041000e+02  0.000000e+00
     vertex  1.305070e+02 -1.039706e+02  0.000000e+00
     vertex  1.305070e+02 -1.039706e+02  1.510000e+00
   endloop
 endfacet
 facet normal  9.914449e-01 -1.305262e-01  0.000000e+00
   outer loop
     vertex  1.304900e+02 -1.041000e+02  0.000000e+00
     vertex  1.305070e+02 -1.039706e+02  1.510000e+00
     vertex  1.304900e+02 -1.041000e+02  1.510000e+00
   endloop
 endfacet
 facet normal  9.914449e-01  1.305262e-01 -0.000000e+00
   outer loop
     vertex  1.305070e+02 -1.042294e+02  0.000000e+00
     vertex  1.304900e+02 -1.041000e+02  1.510000e+00
     vertex  1.305070e+02 -1.042294e+02  1.510000e+00
   endloop
 endfacet
 facet normal  9.914449e-01  1.305262e-01  0.000000e+00
   outer loop
     vertex  1.305070e+02 -1.042294e+02  0.000000e+00
     vertex  1.304900e+02 -1.041000e+02  0.000000e+00
     vertex  1.304900e+02 -1.041000e+02  1.510000e+00
   endloop
 endfacet
 facet normal  9.238795e-01  3.826834e-01 -0.000000e+00
   outer loop
     vertex  1.305570e+02 -1.043500e+02  0.000000e+00
     vertex  1.305070e+02 -1.042294e+02  1.510000e+00
     vertex  1.305570e+02 -1.043500e+02  1.510000e+00
   endloop
 endfacet
 facet normal  9.238795e-01  3.826834e-01  0.000000e+00
   outer loop
     vertex  1.305570e+02 -1.043500e+02  0.000000e+00
     vertex  1.305070e+02 -1.042294e+02  0.000000e+00
     vertex  1.305070e+02 -1.042294e+02  1.510000e+00
   endloop
 endfacet
 facet normal  6.087614e-01  7.933533e-01 -0.000000e+00
   outer loop
     vertex  1.306364e+02 -1.044536e+02  0.000000e+00
     vertex  1.306364e+02 -1.044536e+02  1.510000e+00
     vertex  1.307400e+02 -1.045330e+02  1.510000e+00
   endloop
 endfacet
 facet normal  7.933533e-01  6.087614e-01 -0.000000e+00
   outer loop
     vertex  1.306364e+02 -1.044536e+02  0.000000e+00
     vertex  1.305570e+02 -1.043500e+02  1.510000e+00
     vertex  1.306364e+02 -1.044536e+02  1.510000e+00
   endloop
 endfacet
 facet normal  7.933533e-01  6.087614e-01  0.000000e+00
   outer loop
     vertex  1.306364e+02 -1.044536e+02  0.000000e+00
     vertex  1.305570e+02 -1.043500e+02  0.000000e+00
     vertex  1.305570e+02 -1.043500e+02  1.510000e+00
   endloop
 endfacet
 facet normal  6.087614e-01  7.933533e-01 -0.000000e+00
   outer loop
     vertex  1.307400e+02 -1.045330e+02  0.000000e+00
     vertex  1.306364e+02 -1.044536e+02  0.000000e+00
     vertex  1.307400e+02 -1.045330e+02  1.510000e+00
   endloop
 endfacet
 facet normal  3.826834e-01  9.238795e-01 -0.000000e+00
   outer loop
     vertex  1.308606e+02 -1.045830e+02  0.000000e+00
     vertex  1.307400e+02 -1.045330e+02  1.510000e+00
     vertex  1.308606e+02 -1.045830e+02  1.510000e+00
   endloop
 endfacet
 facet normal  3.826834e-01  9.238795e-01  0.000000e+00
   outer loop
     vertex  1.308606e+02 -1.045830e+02  0.000000e+00
     vertex  1.307400e+02 -1.045330e+02  0.000000e+00
     vertex  1.307400e+02 -1.045330e+02  1.510000e+00
   endloop
 endfacet
 facet normal  1.305262e-01  9.914449e-01 -0.000000e+00
   outer loop
     vertex  1.309900e+02 -1.046000e+02  0.000000e+00
     vertex  1.308606e+02 -1.045830e+02  1.510000e+00
     vertex  1.309900e+02 -1.046000e+02  1.510000e+00
   endloop
 endfacet
 facet normal  1.305262e-01  9.914449e-01  0.000000e+00
   outer loop
     vertex  1.309900e+02 -1.046000e+02  0.000000e+00
     vertex  1.308606e+02 -1.045830e+02  0.000000e+00
     vertex  1.308606e+02 -1.045830e+02  1.510000e+00
   endloop
 endfacet
 facet normal -1.305262e-01  9.914449e-01  0.000000e+00
   outer loop
     vertex  1.336594e+02 -1.045830e+02  0.000000e+00
     vertex  1.335300e+02 -1.046000e+02  0.000000e+00
     vertex  1.335300e+02 -1.046000e+02  1.510000e+00
   endloop
 endfacet
 facet normal -1.305262e-01  9.914449e-01  0.000000e+00
   outer loop
     vertex  1.336594e+02 -1.045830e+02  0.000000e+00
     vertex  1.335300e+02 -1.046000e+02  1.510000e+00
     vertex  1.336594e+02 -1.045830e+02  1.510000e+00
   endloop
 endfacet
 facet normal -3.826834e-01  9.238795e-01  0.000000e+00
   outer loop
     vertex  1.337800e+02 -1.045330e+02  0.000000e+00
     vertex  1.336594e+02 -1.045830e+02  1.510000e+00
     vertex  1.337800e+02 -1.045330e+02  1.510000e+00
   endloop
 endfacet
 facet normal -3.826834e-01  9.238795e-01  0.000000e+00
   outer loop
     vertex  1.337800e+02 -1.045330e+02  0.000000e+00
     vertex  1.336594e+02 -1.045830e+02  0.000000e+00
     vertex  1.336594e+02 -1.045830e+02  1.510000e+00
   endloop
 endfacet
 facet normal -6.087614e-01  7.933533e-01  0.000000e+00
   outer loop
     vertex  1.338836e+02 -1.044536e+02  0.000000e+00
     vertex  1.337800e+02 -1.045330e+02  1.510000e+00
     vertex  1.338836e+02 -1.044536e+02  1.510000e+00
   endloop
 endfacet
 facet normal -6.087614e-01  7.933533e-01  0.000000e+00
   outer loop
     vertex  1.338836e+02 -1.044536e+02  0.000000e+00
     vertex  1.337800e+02 -1.045330e+02  0.000000e+00
     vertex  1.337800e+02 -1.045330e+02  1.510000e+00
   endloop
 endfacet
 facet normal -7.933533e-01  6.087614e-01  0.000000e+00
   outer loop
     vertex  1.339630e+02 -1.043500e+02  0.000000e+00
     vertex  1.338836e+02 -1.044536e+02  1.510000e+00
     vertex  1.339630e+02 -1.043500e+02  1.510000e+00
   endloop
 endfacet
 facet normal -7.933533e-01  6.087614e-01  0.000000e+00
   outer loop
     vertex  1.339630e+02 -1.043500e+02  0.000000e+00
     vertex  1.338836e+02 -1.044536e+02  0.000000e+00
     vertex  1.338836e+02 -1.044536e+02  1.510000e+00
   endloop
 endfacet
 facet normal -9.238795e-01  3.826834e-01  0.000000e+00
   outer loop
     vertex  1.340130e+02 -1.042294e+02  0.000000e+00
     vertex  1.339630e+02 -1.043500e+02  1.510000e+00
     vertex  1.340130e+02 -1.042294e+02  1.510000e+00
   endloop
 endfacet
 facet normal -9.238795e-01  3.826834e-01  0.000000e+00
   outer loop
     vertex  1.340130e+02 -1.042294e+02  0.000000e+00
     vertex  1.339630e+02 -1.043500e+02  0.000000e+00
     vertex  1.339630e+02 -1.043500e+02  1.510000e+00
   endloop
 endfacet
 facet normal -9.914449e-01  1.305262e-01  0.000000e+00
   outer loop
     vertex  1.340300e+02 -1.041000e+02  0.000000e+00
     vertex  1.340130e+02 -1.042294e+02  1.510000e+00
     vertex  1.340300e+02 -1.041000e+02  1.510000e+00
   endloop
 endfacet
 facet normal -9.914449e-01  1.305262e-01  0.000000e+00
   outer loop
     vertex  1.340300e+02 -1.041000e+02  0.000000e+00
     vertex  1.340130e+02 -1.042294e+02  0.000000e+00
     vertex  1.340130e+02 -1.042294e+02  1.510000e+00
   endloop
 endfacet
 facet normal -9.914449e-01 -1.305262e-01  0.000000e+00
   outer loop
     vertex  1.340130e+02 -1.039706e+02  0.000000e+00
     vertex  1.340300e+02 -1.041000e+02  1.510000e+00
     vertex  1.340130e+02 -1.039706e+02  1.510000e+00
   endloop
 endfacet
 facet normal -9.914449e-01 -1.305262e-01  0.000000e+00
   outer loop
     vertex  1.340130e+02 -1.039706e+02  0.000000e+00
     vertex  1.340300e+02 -1.041000e+02  0.000000e+00
     vertex  1.340300e+02 -1.041000e+02  1.510000e+00
   endloop
 endfacet
 facet normal -9.238795e-01 -3.826834e-01  0.000000e+00
   outer loop
     vertex  1.339630e+02 -1.038500e+02  0.000000e+00
     vertex  1.340130e+02 -1.039706e+02  1.510000e+00
     vertex  1.339630e+02 -1.038500e+02  1.510000e+00
   endloop
 endfacet
 facet normal -9.238795e-01 -3.826834e-01  0.000000e+00
   outer loop
     vertex  1.339630e+02 -1.038500e+02  0.000000e+00
     vertex  1.340130e+02 -1.039706e+02  0.000000e+00
     vertex  1.340130e+02 -1.039706e+02  1.510000e+00
   endloop
 endfacet
 facet normal -7.933533e-01 -6.087614e-01  0.000000e+00
   outer loop
     vertex  1.338836e+02 -1.037464e+02  0.000000e+00
     vertex  1.339630e+02 -1.038500e+02  1.510000e+00
     vertex  1.338836e+02 -1.037464e+02  1.510000e+00
   endloop
 endfacet
 facet normal -7.933533e-01 -6.087614e-01  0.000000e+00
   outer loop
     vertex  1.338836e+02 -1.037464e+02  0.000000e+00
     vertex  1.339630e+02 -1.038500e+02  0.000000e+00
     vertex  1.339630e+02 -1.038500e+02  1.510000e+00
   endloop
 endfacet
 facet normal -6.087614e-01 -7.933533e-01  0.000000e+00
   outer loop
     vertex  1.337800e+02 -1.036670e+02  0.000000e+00
     vertex  1.338836e+02 -1.037464e+02  1.510000e+00
     vertex  1.337800e+02 -1.036670e+02  1.510000e+00
   endloop
 endfacet
 facet normal -6.087614e-01 -7.933533e-01  0.000000e+00
   outer loop
     vertex  1.337800e+02 -1.036670e+02  0.000000e+00
     vertex  1.338836e+02 -1.037464e+02  0.000000e+00
     vertex  1.338836e+02 -1.037464e+02  1.510000e+00
   endloop
 endfacet
 facet normal -3.826834e-01 -9.238795e-01  0.000000e+00
   outer loop
     vertex  1.336594e+02 -1.036170e+02  0.000000e+00
     vertex  1.337800e+02 -1.036670e+02  1.510000e+00
     vertex  1.336594e+02 -1.036170e+02  1.510000e+00
   endloop
 endfacet
 facet normal -3.826834e-01 -9.238795e-01  0.000000e+00
   outer loop
     vertex  1.336594e+02 -1.036170e+02  0.000000e+00
     vertex  1.337800e+02 -1.036670e+02  0.000000e+00
     vertex  1.337800e+02 -1.036670e+02  1.510000e+00
   endloop
 endfacet
 facet normal -1.305262e-01 -9.914449e-01  0.000000e+00
   outer loop
     vertex  1.335300e+02 -1.036000e+02  0.000000e+00
     vertex  1.336594e+02 -1.036170e+02  1.510000e+00
     vertex  1.335300e+02 -1.036000e+02  1.510000e+00
   endloop
 endfacet
 facet normal -1.305262e-01 -9.914449e-01  0.000000e+00
   outer loop
     vertex  1.335300e+02 -1.036000e+02  0.000000e+00
     vertex  1.336594e+02 -1.036170e+02  0.000000e+00
     vertex  1.336594e+02 -1.036170e+02  1.510000e+00
   endloop
 endfacet
 facet normal  1.305262e-01 -9.914449e-01  0.000000e+00
   outer loop
     vertex  1.334006e+02 -1.036170e+02  0.000000e+00
     vertex  1.335300e+02 -1.036000e+02  1.510000e+00
     vertex  1.334006e+02 -1.036170e+02  1.510000e+00
   endloop
 endfacet
 facet normal  1.305262e-01 -9.914449e-01  0.000000e+00
   outer loop
     vertex  1.334006e+02 -1.036170e+02  0.000000e+00
     vertex  1.335300e+02 -1.036000e+02  0.000000e+00
     vertex  1.335300e+02 -1.036000e+02  1.510000e+00
   endloop
 endfacet
 facet normal  3.826834e-01 -9.238795e-01  0.000000e+00
   outer loop
     vertex  1.332800e+02 -1.036670e+02  0.000000e+00
     vertex  1.334006e+02 -1.036170e+02  0.000000e+00
     vertex  1.334006e+02 -1.036170e+02  1.510000e+00
   endloop
 endfacet
 facet normal  3.826834e-01 -9.238795e-01  0.000000e+00
   outer loop
     vertex  1.332800e+02 -1.036670e+02  0.000000e+00
     vertex  1.334006e+02 -1.036170e+02  1.510000e+00
     vertex  1.332800e+02 -1.036670e+02  1.510000e+00
   endloop
 endfacet
 facet normal  6.087614e-01 -7.933533e-01  0.000000e+00
   outer loop
     vertex  1.331764e+02 -1.037464e+02  0.000000e+00
     vertex  1.332800e+02 -1.036670e+02  0.000000e+00
     vertex  1.332800e+02 -1.036670e+02  1.510000e+00
   endloop
 endfacet
 facet normal  7.933533e-01 -6.087614e-01  0.000000e+00
   outer loop
     vertex  1.331764e+02 -1.037464e+02  0.000000e+00
     vertex  1.331764e+02 -1.037464e+02  1.510000e+00
     vertex  1.330970e+02 -1.038500e+02  1.510000e+00
   endloop
 endfacet
 facet normal  6.087614e-01 -7.933533e-01  0.000000e+00
   outer loop
     vertex  1.331764e+02 -1.037464e+02  0.000000e+00
     vertex  1.332800e+02 -1.036670e+02  1.510000e+00
     vertex  1.331764e+02 -1.037464e+02  1.510000e+00
   endloop
 endfacet
 facet normal  7.933533e-01 -6.087614e-01  0.000000e+00
   outer loop
     vertex  1.330970e+02 -1.038500e+02  0.000000e+00
     vertex  1.331764e+02 -1.037464e+02  0.000000e+00
     vertex  1.330970e+02 -1.038500e+02  1.510000e+00
   endloop
 endfacet
 facet normal  9.238795e-01 -3.826834e-01  0.000000e+00
   outer loop
     vertex  1.330970e+02 -1.038500e+02  0.000000e+00
     vertex  1.330970e+02 -1.038500e+02  1.510000e+00
     vertex  1.330470e+02 -1.039706e+02  1.510000e+00
   endloop
 endfacet
 facet normal  9.238795e-01 -3.826834e-01  0.000000e+00
   outer loop
     vertex  1.330470e+02 -1.039706e+02  0.000000e+00
     vertex  1.330970e+02 -1.038500e+02  0.000000e+00
     vertex  1.330470e+02 -1.039706e+02  1.510000e+00
   endloop
 endfacet
 facet normal  9.914449e-01 -1.305262e-01  0.000000e+00
   outer loop
     vertex  1.330300e+02 -1.041000e+02  0.000000e+00
     vertex  1.330470e+02 -1.039706e+02  0.000000e+00
     vertex  1.330470e+02 -1.039706e+02  1.510000e+00
   endloop
 endfacet
 facet normal  9.914449e-01 -1.305262e-01  0.000000e+00
   outer loop
     vertex  1.330300e+02 -1.041000e+02  0.000000e+00
     vertex  1.330470e+02 -1.039706e+02  1.510000e+00
     vertex  1.330300e+02 -1.041000e+02  1.510000e+00
   endloop
 endfacet
 facet normal  9.914449e-01  1.305262e-01 -0.000000e+00
   outer loop
     vertex  1.330470e+02 -1.042294e+02  0.000000e+00
     vertex  1.330300e+02 -1.041000e+02  1.510000e+00
     vertex  1.330470e+02 -1.042294e+02  1.510000e+00
   endloop
 endfacet
 facet normal  9.914449e-01  1.305262e-01  0.000000e+00
   outer loop
     vertex  1.330470e+02 -1.042294e+02  0.000000e+00
     vertex  1.330300e+02 -1.041000e+02  0.000000e+00
     vertex  1.330300e+02 -1.041000e+02  1.510000e+00
   endloop
 endfacet
 facet normal  9.238795e-01  3.826834e-01 -0.000000e+00
   outer loop
     vertex  1.330970e+02 -1.043500e+02  0.000000e+00
     vertex  1.330470e+02 -1.042294e+02  1.510000e+00
     vertex  1.330970e+02 -1.043500e+02  1.510000e+00
   endloop
 endfacet
 facet normal  9.238795e-01  3.826834e-01  0.000000e+00
   outer loop
     vertex  1.330970e+02 -1.043500e+02  0.000000e+00
     vertex  1.330470e+02 -1.042294e+02  0.000000e+00
     vertex  1.330470e+02 -1.042294e+02  1.510000e+00
   endloop
 endfacet
 facet normal  6.087614e-01  7.933533e-01 -0.000000e+00
   outer loop
     vertex  1.331764e+02 -1.044536e+02  0.000000e+00
     vertex  1.331764e+02 -1.044536e+02  1.510000e+00
     vertex  1.332800e+02 -1.045330e+02  1.510000e+00
   endloop
 endfacet
 facet normal  7.933533e-01  6.087614e-01 -0.000000e+00
   outer loop
     vertex  1.331764e+02 -1.044536e+02  0.000000e+00
     vertex  1.330970e+02 -1.043500e+02  1.510000e+00
     vertex  1.331764e+02 -1.044536e+02  1.510000e+00
   endloop
 endfacet
 facet normal  7.933533e-01  6.087614e-01  0.000000e+00
   outer loop
     vertex  1.331764e+02 -1.044536e+02  0.000000e+00
     vertex  1.330970e+02 -1.043500e+02  0.000000e+00
     vertex  1.330970e+02 -1.043500e+02  1.510000e+00
   endloop
 endfacet
 facet normal  6.087614e-01  7.933533e-01 -0.000000e+00
   outer loop
     vertex  1.332800e+02 -1.045330e+02  0.000000e+00
     vertex  1.331764e+02 -1.044536e+02  0.000000e+00
     vertex  1.332800e+02 -1.045330e+02  1.510000e+00
   endloop
 endfacet
 facet normal  3.826834e-01  9.238795e-01 -0.000000e+00
   outer loop
     vertex  1.334006e+02 -1.045830e+02  0.000000e+00
     vertex  1.332800e+02 -1.045330e+02  1.510000e+00
     vertex  1.334006e+02 -1.045830e+02  1.510000e+00
   endloop
 endfacet
 facet normal  3.826834e-01  9.238795e-01  0.000000e+00
   outer loop
     vertex  1.334006e+02 -1.045830e+02  0.000000e+00
     vertex  1.332800e+02 -1.045330e+02  0.000000e+00
     vertex  1.332800e+02 -1.045330e+02  1.510000e+00
   endloop
 endfacet
 facet normal  1.305262e-01  9.914449e-01 -0.000000e+00
   outer loop
     vertex  1.335300e+02 -1.046000e+02  0.000000e+00
     vertex  1.334006e+02 -1.045830e+02  1.510000e+00
     vertex  1.335300e+02 -1.046000e+02  1.510000e+00
   endloop
 endfacet
 facet normal  1.305262e-01  9.914449e-01  0.000000e+00
   outer loop
     vertex  1.335300e+02 -1.046000e+02  0.000000e+00
     vertex  1.334006e+02 -1.045830e+02  0.000000e+00
     vertex  1.334006e+02 -1.045830e+02  1.510000e+00
   endloop
 endfacet
 facet normal -1.305262e-01  9.914449e-01  0.000000e+00
   outer loop
     vertex  1.331294e+02 -9.995796e+01  0.000000e+00
     vertex  1.330000e+02 -9.997500e+01  0.000000e+00
     vertex  1.330000e+02 -9.997500e+01  1.510000e+00
   endloop
 endfacet
 facet normal -1.305262e-01  9.914449e-01  0.000000e+00
   outer loop
     vertex  1.331294e+02 -9.995796e+01  0.000000e+00
     vertex  1.330000e+02 -9.997500e+01  1.510000e+00
     vertex  1.331294e+02 -9.995796e+01  1.510000e+00
   endloop
 endfacet
 facet normal -3.826834e-01  9.238795e-01  0.000000e+00
   outer loop
     vertex  1.332500e+02 -9.990801e+01  0.000000e+00
     vertex  1.331294e+02 -9.995796e+01  1.510000e+00
     vertex  1.332500e+02 -9.990801e+01  1.510000e+00
   endloop
 endfacet
 facet normal -3.826834e-01  9.238795e-01  0.000000e+00
   outer loop
     vertex  1.332500e+02 -9.990801e+01  0.000000e+00
     vertex  1.331294e+02 -9.995796e+01  0.000000e+00
     vertex  1.331294e+02 -9.995796e+01  1.510000e+00
   endloop
 endfacet
 facet normal -6.087614e-01  7.933533e-01  0.000000e+00
   outer loop
     vertex  1.333536e+02 -9.982855e+01  0.000000e+00
     vertex  1.332500e+02 -9.990801e+01  1.510000e+00
     vertex  1.333536e+02 -9.982855e+01  1.510000e+00
   endloop
 endfacet
 facet normal -6.087614e-01  7.933533e-01  0.000000e+00
   outer loop
     vertex  1.333536e+02 -9.982855e+01  0.000000e+00
     vertex  1.332500e+02 -9.990801e+01  0.000000e+00
     vertex  1.332500e+02 -9.990801e+01  1.510000e+00
   endloop
 endfacet
 facet normal -7.933533e-01  6.087614e-01  0.000000e+00
   outer loop
     vertex  1.334330e+02 -9.972500e+01  0.000000e+00
     vertex  1.333536e+02 -9.982855e+01  1.510000e+00
     vertex  1.334330e+02 -9.972500e+01  1.510000e+00
   endloop
 endfacet
 facet normal -7.933533e-01  6.087614e-01  0.000000e+00
   outer loop
     vertex  1.334330e+02 -9.972500e+01  0.000000e+00
     vertex  1.333536e+02 -9.982855e+01  0.000000e+00
     vertex  1.333536e+02 -9.982855e+01  1.510000e+00
   endloop
 endfacet
 facet normal -9.238795e-01  3.826834e-01  0.000000e+00
   outer loop
     vertex  1.334830e+02 -9.960441e+01  0.000000e+00
     vertex  1.334330e+02 -9.972500e+01  1.510000e+00
     vertex  1.334830e+02 -9.960441e+01  1.510000e+00
   endloop
 endfacet
 facet normal -9.238795e-01  3.826834e-01  0.000000e+00
   outer loop
     vertex  1.334830e+02 -9.960441e+01  0.000000e+00
     vertex  1.334330e+02 -9.972500e+01  0.000000e+00
     vertex  1.334330e+02 -9.972500e+01  1.510000e+00
   endloop
 endfacet
 facet normal -9.914449e-01  1.305262e-01  0.000000e+00
   outer loop
     vertex  1.335000e+02 -9.947500e+01  0.000000e+00
     vertex  1.334830e+02 -9.960441e+01  1.510000e+00
     vertex  1.335000e+02 -9.947500e+01  1.510000e+00
   endloop
 endfacet
 facet normal -9.914449e-01  1.305262e-01  0.000000e+00
   outer loop
     vertex  1.335000e+02 -9.947500e+01  0.000000e+00
     vertex  1.334830e+02 -9.960441e+01  0.000000e+00
     vertex  1.334830e+02 -9.960441e+01  1.510000e+00
   endloop
 endfacet
 facet normal -9.914449e-01 -1.305262e-01  0.000000e+00
   outer loop
     vertex  1.334830e+02 -9.934559e+01  0.000000e+00
     vertex  1.335000e+02 -9.947500e+01  1.510000e+00
     vertex  1.334830e+02 -9.934559e+01  1.510000e+00
   endloop
 endfacet
 facet normal -9.914449e-01 -1.305262e-01  0.000000e+00
   outer loop
     vertex  1.334830e+02 -9.934559e+01  0.000000e+00
     vertex  1.335000e+02 -9.947500e+01  0.000000e+00
     vertex  1.335000e+02 -9.947500e+01  1.510000e+00
   endloop
 endfacet
 facet normal -9.238795e-01 -3.826834e-01  0.000000e+00
   outer loop
     vertex  1.334330e+02 -9.922500e+01  0.000000e+00
     vertex  1.334830e+02 -9.934559e+01  1.510000e+00
     vertex  1.334330e+02 -9.922500e+01  1.510000e+00
   endloop
 endfacet
 facet normal -9.238795e-01 -3.826834e-01  0.000000e+00
   outer loop
     vertex  1.334330e+02 -9.922500e+01  0.000000e+00
     vertex  1.334830e+02 -9.934559e+01  0.000000e+00
     vertex  1.334830e+02 -9.934559e+01  1.510000e+00
   endloop
 endfacet
 facet normal -7.933533e-01 -6.087614e-01  0.000000e+00
   outer loop
     vertex  1.333536e+02 -9.912145e+01  0.000000e+00
     vertex  1.334330e+02 -9.922500e+01  1.510000e+00
     vertex  1.333536e+02 -9.912145e+01  1.510000e+00
   endloop
 endfacet
 facet normal -7.933533e-01 -6.087614e-01  0.000000e+00
   outer loop
     vertex  1.333536e+02 -9.912145e+01  0.000000e+00
     vertex  1.334330e+02 -9.922500e+01  0.000000e+00
     vertex  1.334330e+02 -9.922500e+01  1.510000e+00
   endloop
 endfacet
 facet normal -6.087614e-01 -7.933533e-01  0.000000e+00
   outer loop
     vertex  1.332500e+02 -9.904199e+01  0.000000e+00
     vertex  1.333536e+02 -9.912145e+01  1.510000e+00
     vertex  1.332500e+02 -9.904199e+01  1.510000e+00
   endloop
 endfacet
 facet normal -6.087614e-01 -7.933533e-01  0.000000e+00
   outer loop
     vertex  1.332500e+02 -9.904199e+01  0.000000e+00
     vertex  1.333536e+02 -9.912145e+01  0.000000e+00
     vertex  1.333536e+02 -9.912145e+01  1.510000e+00
   endloop
 endfacet
 facet normal -3.826834e-01 -9.238795e-01  0.000000e+00
   outer loop
     vertex  1.331294e+02 -9.899204e+01  0.000000e+00
     vertex  1.332500e+02 -9.904199e+01  1.510000e+00
     vertex  1.331294e+02 -9.899204e+01  1.510000e+00
   endloop
 endfacet
 facet normal -3.826834e-01 -9.238795e-01  0.000000e+00
   outer loop
     vertex  1.331294e+02 -9.899204e+01  0.000000e+00
     vertex  1.332500e+02 -9.904199e+01  0.000000e+00
     vertex  1.332500e+02 -9.904199e+01  1.510000e+00
   endloop
 endfacet
 facet normal -1.305262e-01 -9.914449e-01  0.000000e+00
   outer loop
     vertex  1.330000e+02 -9.897500e+01  0.000000e+00
     vertex  1.331294e+02 -9.899204e+01  1.510000e+00
     vertex  1.330000e+02 -9.897500e+01  1.510000e+00
   endloop
 endfacet
 facet normal -1.305262e-01 -9.914449e-01  0.000000e+00
   outer loop
     vertex  1.330000e+02 -9.897500e+01  0.000000e+00
     vertex  1.331294e+02 -9.899204e+01  0.000000e+00
     vertex  1.331294e+02 -9.899204e+01  1.510000e+00
   endloop
 endfacet
 facet normal  1.305262e-01 -9.914449e-01  0.000000e+00
   outer loop
     vertex  1.328706e+02 -9.899204e+01  0.000000e+00
     vertex  1.330000e+02 -9.897500e+01  1.510000e+00
     vertex  1.328706e+02 -9.899204e+01  1.510000e+00
   endloop
 endfacet
 facet normal  1.305262e-01 -9.914449e-01  0.000000e+00
   outer loop
     vertex  1.328706e+02 -9.899204e+01  0.000000e+00
     vertex  1.330000e+02 -9.897500e+01  0.000000e+00
     vertex  1.330000e+02 -9.897500e+01  1.510000e+00
   endloop
 endfacet
 facet normal  3.826834e-01 -9.238795e-01  0.000000e+00
   outer loop
     vertex  1.327500e+02 -9.904199e+01  0.000000e+00
     vertex  1.328706e+02 -9.899204e+01  0.000000e+00
     vertex  1.328706e+02 -9.899204e+01  1.510000e+00
   endloop
 endfacet
 facet normal  3.826834e-01 -9.238795e-01  0.000000e+00
   outer loop
     vertex  1.327500e+02 -9.904199e+01  0.000000e+00
     vertex  1.328706e+02 -9.899204e+01  1.510000e+00
     vertex  1.327500e+02 -9.904199e+01  1.510000e+00
   endloop
 endfacet
 facet normal  6.087614e-01 -7.933533e-01  0.000000e+00
   outer loop
     vertex  1.326464e+02 -9.912145e+01  0.000000e+00
     vertex  1.327500e+02 -9.904199e+01  0.000000e+00
     vertex  1.327500e+02 -9.904199e+01  1.510000e+00
   endloop
 endfacet
 facet normal  7.933533e-01 -6.087614e-01  0.000000e+00
   outer loop
     vertex  1.326464e+02 -9.912145e+01  0.000000e+00
     vertex  1.326464e+02 -9.912145e+01  1.510000e+00
     vertex  1.325670e+02 -9.922500e+01  1.510000e+00
   endloop
 endfacet
 facet normal  6.087614e-01 -7.933533e-01  0.000000e+00
   outer loop
     vertex  1.326464e+02 -9.912145e+01  0.000000e+00
     vertex  1.327500e+02 -9.904199e+01  1.510000e+00
     vertex  1.326464e+02 -9.912145e+01  1.510000e+00
   endloop
 endfacet
 facet normal  7.933533e-01 -6.087614e-01  0.000000e+00
   outer loop
     vertex  1.325670e+02 -9.922500e+01  0.000000e+00
     vertex  1.326464e+02 -9.912145e+01  0.000000e+00
     vertex  1.325670e+02 -9.922500e+01  1.510000e+00
   endloop
 endfacet
 facet normal  9.238795e-01 -3.826834e-01  0.000000e+00
   outer loop
     vertex  1.325670e+02 -9.922500e+01  0.000000e+00
     vertex  1.325670e+02 -9.922500e+01  1.510000e+00
     vertex  1.325170e+02 -9.934559e+01  1.510000e+00
   endloop
 endfacet
 facet normal  9.238795e-01 -3.826834e-01  0.000000e+00
   outer loop
     vertex  1.325170e+02 -9.934559e+01  0.000000e+00
     vertex  1.325670e+02 -9.922500e+01  0.000000e+00
     vertex  1.325170e+02 -9.934559e+01  1.510000e+00
   endloop
 endfacet
 facet normal  9.914449e-01 -1.305262e-01  0.000000e+00
   outer loop
     vertex  1.325000e+02 -9.947500e+01  0.000000e+00
     vertex  1.325170e+02 -9.934559e+01  0.000000e+00
     vertex  1.325170e+02 -9.934559e+01  1.510000e+00
   endloop
 endfacet
 facet normal  9.914449e-01 -1.305262e-01  0.000000e+00
   outer loop
     vertex  1.325000e+02 -9.947500e+01  0.000000e+00
     vertex  1.325170e+02 -9.934559e+01  1.510000e+00
     vertex  1.325000e+02 -9.947500e+01  1.510000e+00
   endloop
 endfacet
 facet normal  9.914449e-01  1.305262e-01 -0.000000e+00
   outer loop
     vertex  1.325170e+02 -9.960441e+01  0.000000e+00
     vertex  1.325000e+02 -9.947500e+01  1.510000e+00
     vertex  1.325170e+02 -9.960441e+01  1.510000e+00
   endloop
 endfacet
 facet normal  9.914449e-01  1.305262e-01  0.000000e+00
   outer loop
     vertex  1.325170e+02 -9.960441e+01  0.000000e+00
     vertex  1.325000e+02 -9.947500e+01  0.000000e+00
     vertex  1.325000e+02 -9.947500e+01  1.510000e+00
   endloop
 endfacet
 facet normal  9.238795e-01  3.826834e-01 -0.000000e+00
   outer loop
     vertex  1.325670e+02 -9.972500e+01  0.000000e+00
     vertex  1.325170e+02 -9.960441e+01  1.510000e+00
     vertex  1.325670e+02 -9.972500e+01  1.510000e+00
   endloop
 endfacet
 facet normal  9.238795e-01  3.826834e-01  0.000000e+00
   outer loop
     vertex  1.325670e+02 -9.972500e+01  0.000000e+00
     vertex  1.325170e+02 -9.960441e+01  0.000000e+00
     vertex  1.325170e+02 -9.960441e+01  1.510000e+00
   endloop
 endfacet
 facet normal  6.087614e-01  7.933533e-01 -0.000000e+00
   outer loop
     vertex  1.326464e+02 -9.982855e+01  0.000000e+00
     vertex  1.326464e+02 -9.982855e+01  1.510000e+00
     vertex  1.327500e+02 -9.990801e+01  1.510000e+00
   endloop
 endfacet
 facet normal  7.933533e-01  6.087614e-01 -0.000000e+00
   outer loop
     vertex  1.326464e+02 -9.982855e+01  0.000000e+00
     vertex  1.325670e+02 -9.972500e+01  1.510000e+00
     vertex  1.326464e+02 -9.982855e+01  1.510000e+00
   endloop
 endfacet
 facet normal  7.933533e-01  6.087614e-01  0.000000e+00
   outer loop
     vertex  1.326464e+02 -9.982855e+01  0.000000e+00
     vertex  1.325670e+02 -9.972500e+01  0.000000e+00
     vertex  1.325670e+02 -9.972500e+01  1.510000e+00
   endloop
 endfacet
 facet normal  6.087614e-01  7.933533e-01 -0.000000e+00
   outer loop
     vertex  1.327500e+02 -9.990801e+01  0.000000e+00
     vertex  1.326464e+02 -9.982855e+01  0.000000e+00
     vertex  1.327500e+02 -9.990801e+01  1.510000e+00
   endloop
 endfacet
 facet normal  3.826834e-01  9.238795e-01 -0.000000e+00
   outer loop
     vertex  1.328706e+02 -9.995796e+01  0.000000e+00
     vertex  1.327500e+02 -9.990801e+01  1.510000e+00
     vertex  1.328706e+02 -9.995796e+01  1.510000e+00
   endloop
 endfacet
 facet normal  3.826834e-01  9.238795e-01  0.000000e+00
   outer loop
     vertex  1.328706e+02 -9.995796e+01  0.000000e+00
     vertex  1.327500e+02 -9.990801e+01  0.000000e+00
     vertex  1.327500e+02 -9.990801e+01  1.510000e+00
   endloop
 endfacet
 facet normal  1.305262e-01  9.914449e-01 -0.000000e+00
   outer loop
     vertex  1.330000e+02 -9.997500e+01  0.000000e+00
     vertex  1.328706e+02 -9.995796e+01  1.510000e+00
     vertex  1.330000e+02 -9.997500e+01  1.510000e+00
   endloop
 endfacet
 facet normal  1.305262e-01  9.914449e-01  0.000000e+00
   outer loop
     vertex  1.330000e+02 -9.997500e+01  0.000000e+00
     vertex  1.328706e+02 -9.995796e+01  0.000000e+00
     vertex  1.328706e+02 -9.995796e+01  1.510000e+00
   endloop
 endfacet
 facet normal -1.305262e-01  9.914449e-01  0.000000e+00
   outer loop
     vertex  1.400218e+02 -1.007392e+02  0.000000e+00
     vertex  1.397500e+02 -1.007750e+02  0.000000e+00
     vertex  1.397500e+02 -1.007750e+02  1.510000e+00
   endloop
 endfacet
 facet normal -1.305262e-01  9.914449e-01  0.000000e+00
   outer loop
     vertex  1.400218e+02 -1.007392e+02  0.000000e+00
     vertex  1.397500e+02 -1.007750e+02  1.510000e+00
     vertex  1.400218e+02 -1.007392e+02  1.510000e+00
   endloop
 endfacet
 facet normal -3.826834e-01  9.238795e-01  0.000000e+00
   outer loop
     vertex  1.402750e+02 -1.006343e+02  0.000000e+00
     vertex  1.400218e+02 -1.007392e+02  1.510000e+00
     vertex  1.402750e+02 -1.006343e+02  1.510000e+00
   endloop
 endfacet
 facet normal -3.826834e-01  9.238795e-01  0.000000e+00
   outer loop
     vertex  1.402750e+02 -1.006343e+02  0.000000e+00
     vertex  1.400218e+02 -1.007392e+02  0.000000e+00
     vertex  1.400218e+02 -1.007392e+02  1.510000e+00
   endloop
 endfacet
 facet normal -6.087614e-01  7.933533e-01  0.000000e+00
   outer loop
     vertex  1.404925e+02 -1.004675e+02  0.000000e+00
     vertex  1.402750e+02 -1.006343e+02  1.510000e+00
     vertex  1.404925e+02 -1.004675e+02  1.510000e+00
   endloop
 endfacet
 facet normal -6.087614e-01  7.933533e-01  0.000000e+00
   outer loop
     vertex  1.404925e+02 -1.004675e+02  0.000000e+00
     vertex  1.402750e+02 -1.006343e+02  0.000000e+00
     vertex  1.402750e+02 -1.006343e+02  1.510000e+00
   endloop
 endfacet
 facet normal -7.933533e-01  6.087614e-01  0.000000e+00
   outer loop
     vertex  1.406593e+02 -1.002500e+02  0.000000e+00
     vertex  1.404925e+02 -1.004675e+02  1.510000e+00
     vertex  1.406593e+02 -1.002500e+02  1.510000e+00
   endloop
 endfacet
 facet normal -7.933533e-01  6.087614e-01  0.000000e+00
   outer loop
     vertex  1.406593e+02 -1.002500e+02  0.000000e+00
     vertex  1.404925e+02 -1.004675e+02  0.000000e+00
     vertex  1.404925e+02 -1.004675e+02  1.510000e+00
   endloop
 endfacet
 facet normal -9.238795e-01  3.826834e-01  0.000000e+00
   outer loop
     vertex  1.407642e+02 -9.999676e+01  0.000000e+00
     vertex  1.406593e+02 -1.002500e+02  1.510000e+00
     vertex  1.407642e+02 -9.999676e+01  1.510000e+00
   endloop
 endfacet
 facet normal -9.238795e-01  3.826834e-01  0.000000e+00
   outer loop
     vertex  1.407642e+02 -9.999676e+01  0.000000e+00
     vertex  1.406593e+02 -1.002500e+02  0.000000e+00
     vertex  1.406593e+02 -1.002500e+02  1.510000e+00
   endloop
 endfacet
 facet normal -9.914449e-01  1.305262e-01  0.000000e+00
   outer loop
     vertex  1.408000e+02 -9.972500e+01  0.000000e+00
     vertex  1.407642e+02 -9.999676e+01  1.510000e+00
     vertex  1.408000e+02 -9.972500e+01  1.510000e+00
   endloop
 endfacet
 facet normal -9.914449e-01  1.305262e-01  0.000000e+00
   outer loop
     vertex  1.408000e+02 -9.972500e+01  0.000000e+00
     vertex  1.407642e+02 -9.999676e+01  0.000000e+00
     vertex  1.407642e+02 -9.999676e+01  1.510000e+00
   endloop
 endfacet
 facet normal -9.914449e-01 -1.305262e-01  0.000000e+00
   outer loop
     vertex  1.407642e+02 -9.945324e+01  0.000000e+00
     vertex  1.408000e+02 -9.972500e+01  1.510000e+00
     vertex  1.407642e+02 -9.945324e+01  1.510000e+00
   endloop
 endfacet
 facet normal -9.914449e-01 -1.305262e-01  0.000000e+00
   outer loop
     vertex  1.407642e+02 -9.945324e+01  0.000000e+00
     vertex  1.408000e+02 -9.972500e+01  0.000000e+00
     vertex  1.408000e+02 -9.972500e+01  1.510000e+00
   endloop
 endfacet
 facet normal -9.238795e-01 -3.826834e-01  0.000000e+00
   outer loop
     vertex  1.406593e+02 -9.920000e+01  0.000000e+00
     vertex  1.407642e+02 -9.945324e+01  1.510000e+00
     vertex  1.406593e+02 -9.920000e+01  1.510000e+00
   endloop
 endfacet
 facet normal -9.238795e-01 -3.826834e-01  0.000000e+00
   outer loop
     vertex  1.406593e+02 -9.920000e+01  0.000000e+00
     vertex  1.407642e+02 -9.945324e+01  0.000000e+00
     vertex  1.407642e+02 -9.945324e+01  1.510000e+00
   endloop
 endfacet
 facet normal -7.933533e-01 -6.087614e-01  0.000000e+00
   outer loop
     vertex  1.404925e+02 -9.898254e+01  0.000000e+00
     vertex  1.406593e+02 -9.920000e+01  1.510000e+00
     vertex  1.404925e+02 -9.898254e+01  1.510000e+00
   endloop
 endfacet
 facet normal -7.933533e-01 -6.087614e-01  0.000000e+00
   outer loop
     vertex  1.404925e+02 -9.898254e+01  0.000000e+00
     vertex  1.406593e+02 -9.920000e+01  0.000000e+00
     vertex  1.406593e+02 -9.920000e+01  1.510000e+00
   endloop
 endfacet
 facet normal -6.087614e-01 -7.933533e-01  0.000000e+00
   outer loop
     vertex  1.402750e+02 -9.881567e+01  0.000000e+00
     vertex  1.404925e+02 -9.898254e+01  1.510000e+00
     vertex  1.402750e+02 -9.881567e+01  1.510000e+00
   endloop
 endfacet
 facet normal -6.087614e-01 -7.933533e-01  0.000000e+00
   outer loop
     vertex  1.402750e+02 -9.881567e+01  0.000000e+00
     vertex  1.404925e+02 -9.898254e+01  0.000000e+00
     vertex  1.404925e+02 -9.898254e+01  1.510000e+00
   endloop
 endfacet
 facet normal -3.826834e-01 -9.238795e-01  0.000000e+00
   outer loop
     vertex  1.400218e+02 -9.871078e+01  0.000000e+00
     vertex  1.402750e+02 -9.881567e+01  1.510000e+00
     vertex  1.400218e+02 -9.871078e+01  1.510000e+00
   endloop
 endfacet
 facet normal -3.826834e-01 -9.238795e-01  0.000000e+00
   outer loop
     vertex  1.400218e+02 -9.871078e+01  0.000000e+00
     vertex  1.402750e+02 -9.881567e+01  0.000000e+00
     vertex  1.402750e+02 -9.881567e+01  1.510000e+00
   endloop
 endfacet
 facet normal -1.305262e-01 -9.914449e-01  0.000000e+00
   outer loop
     vertex  1.397500e+02 -9.867500e+01  0.000000e+00
     vertex  1.400218e+02 -9.871078e+01  1.510000e+00
     vertex  1.397500e+02 -9.867500e+01  1.510000e+00
   endloop
 endfacet
 facet normal -1.305262e-01 -9.914449e-01  0.000000e+00
   outer loop
     vertex  1.397500e+02 -9.867500e+01  0.000000e+00
     vertex  1.400218e+02 -9.871078e+01  0.000000e+00
     vertex  1.400218e+02 -9.871078e+01  1.510000e+00
   endloop
 endfacet
 facet normal  1.305262e-01 -9.914449e-01  0.000000e+00
   outer loop
     vertex  1.394782e+02 -9.871078e+01  0.000000e+00
     vertex  1.397500e+02 -9.867500e+01  1.510000e+00
     vertex  1.394782e+02 -9.871078e+01  1.510000e+00
   endloop
 endfacet
 facet normal  1.305262e-01 -9.914449e-01  0.000000e+00
   outer loop
     vertex  1.394782e+02 -9.871078e+01  0.000000e+00
     vertex  1.397500e+02 -9.867500e+01  0.000000e+00
     vertex  1.397500e+02 -9.867500e+01  1.510000e+00
   endloop
 endfacet
 facet normal  3.826834e-01 -9.238795e-01  0.000000e+00
   outer loop
     vertex  1.392250e+02 -9.881567e+01  0.000000e+00
     vertex  1.394782e+02 -9.871078e+01  0.000000e+00
     vertex  1.394782e+02 -9.871078e+01  1.510000e+00
   endloop
 endfacet
 facet normal  3.826834e-01 -9.238795e-01  0.000000e+00
   outer loop
     vertex  1.392250e+02 -9.881567e+01  0.000000e+00
     vertex  1.394782e+02 -9.871078e+01  1.510000e+00
     vertex  1.392250e+02 -9.881567e+01  1.510000e+00
   endloop
 endfacet
 facet normal  6.087614e-01 -7.933533e-01  0.000000e+00
   outer loop
     vertex  1.390075e+02 -9.898254e+01  0.000000e+00
     vertex  1.392250e+02 -9.881567e+01  0.000000e+00
     vertex  1.392250e+02 -9.881567e+01  1.510000e+00
   endloop
 endfacet
 facet normal  7.933533e-01 -6.087614e-01  0.000000e+00
   outer loop
     vertex  1.390075e+02 -9.898254e+01  0.000000e+00
     vertex  1.390075e+02 -9.898254e+01  1.510000e+00
     vertex  1.388407e+02 -9.920000e+01  1.510000e+00
   endloop
 endfacet
 facet normal  6.087614e-01 -7.933533e-01  0.000000e+00
   outer loop
     vertex  1.390075e+02 -9.898254e+01  0.000000e+00
     vertex  1.392250e+02 -9.881567e+01  1.510000e+00
     vertex  1.390075e+02 -9.898254e+01  1.510000e+00
   endloop
 endfacet
 facet normal  7.933533e-01 -6.087614e-01  0.000000e+00
   outer loop
     vertex  1.388407e+02 -9.920000e+01  0.000000e+00
     vertex  1.390075e+02 -9.898254e+01  0.000000e+00
     vertex  1.388407e+02 -9.920000e+01  1.510000e+00
   endloop
 endfacet
 facet normal  9.238795e-01 -3.826834e-01  0.000000e+00
   outer loop
     vertex  1.388407e+02 -9.920000e+01  0.000000e+00
     vertex  1.388407e+02 -9.920000e+01  1.510000e+00
     vertex  1.387358e+02 -9.945324e+01  1.510000e+00
   endloop
 endfacet
 facet normal  9.238795e-01 -3.826834e-01  0.000000e+00
   outer loop
     vertex  1.387358e+02 -9.945324e+01  0.000000e+00
     vertex  1.388407e+02 -9.920000e+01  0.000000e+00
     vertex  1.387358e+02 -9.945324e+01  1.510000e+00
   endloop
 endfacet
 facet normal  9.914449e-01 -1.305262e-01  0.000000e+00
   outer loop
     vertex  1.387000e+02 -9.972500e+01  0.000000e+00
     vertex  1.387358e+02 -9.945324e+01  0.000000e+00
     vertex  1.387358e+02 -9.945324e+01  1.510000e+00
   endloop
 endfacet
 facet normal  9.914449e-01 -1.305262e-01  0.000000e+00
   outer loop
     vertex  1.387000e+02 -9.972500e+01  0.000000e+00
     vertex  1.387358e+02 -9.945324e+01  1.510000e+00
     vertex  1.387000e+02 -9.972500e+01  1.510000e+00
   endloop
 endfacet
 facet normal  9.914449e-01  1.305262e-01 -0.000000e+00
   outer loop
     vertex  1.387358e+02 -9.999676e+01  0.000000e+00
     vertex  1.387000e+02 -9.972500e+01  1.510000e+00
     vertex  1.387358e+02 -9.999676e+01  1.510000e+00
   endloop
 endfacet
 facet normal  9.914449e-01  1.305262e-01  0.000000e+00
   outer loop
     vertex  1.387358e+02 -9.999676e+01  0.000000e+00
     vertex  1.387000e+02 -9.972500e+01  0.000000e+00
     vertex  1.387000e+02 -9.972500e+01  1.510000e+00
   endloop
 endfacet
 facet normal  9.238795e-01  3.826834e-01 -0.000000e+00
   outer loop
     vertex  1.388407e+02 -1.002500e+02  0.000000e+00
     vertex  1.387358e+02 -9.999676e+01  1.510000e+00
     vertex  1.388407e+02 -1.002500e+02  1.510000e+00
   endloop
 endfacet
 facet normal  9.238795e-01  3.826834e-01  0.000000e+00
   outer loop
     vertex  1.388407e+02 -1.002500e+02  0.000000e+00
     vertex  1.387358e+02 -9.999676e+01  0.000000e+00
     vertex  1.387358e+02 -9.999676e+01  1.510000e+00
   endloop
 endfacet
 facet normal  6.087614e-01  7.933533e-01 -0.000000e+00
   outer loop
     vertex  1.390075e+02 -1.004675e+02  0.000000e+00
     vertex  1.390075e+02 -1.004675e+02  1.510000e+00
     vertex  1.392250e+02 -1.006343e+02  1.510000e+00
   endloop
 endfacet
 facet normal  7.933533e-01  6.087614e-01 -0.000000e+00
   outer loop
     vertex  1.390075e+02 -1.004675e+02  0.000000e+00
     vertex  1.388407e+02 -1.002500e+02  1.510000e+00
     vertex  1.390075e+02 -1.004675e+02  1.510000e+00
   endloop
 endfacet
 facet normal  7.933533e-01  6.087614e-01  0.000000e+00
   outer loop
     vertex  1.390075e+02 -1.004675e+02  0.000000e+00
     vertex  1.388407e+02 -1.002500e+02  0.000000e+00
     vertex  1.388407e+02 -1.002500e+02  1.510000e+00
   endloop
 endfacet
 facet normal  6.087614e-01  7.933533e-01 -0.000000e+00
   outer loop
     vertex  1.392250e+02 -1.006343e+02  0.000000e+00
     vertex  1.390075e+02 -1.004675e+02  0.000000e+00
     vertex  1.392250e+02 -1.006343e+02  1.510000e+00
   endloop
 endfacet
 facet normal  3.826834e-01  9.238795e-01 -0.000000e+00
   outer loop
     vertex  1.394782e+02 -1.007392e+02  0.000000e+00
     vertex  1.392250e+02 -1.006343e+02  1.510000e+00
     vertex  1.394782e+02 -1.007392e+02  1.510000e+00
   endloop
 endfacet
 facet normal  3.826834e-01  9.238795e-01  0.000000e+00
   outer loop
     vertex  1.394782e+02 -1.007392e+02  0.000000e+00
     vertex  1.392250e+02 -1.006343e+02  0.000000e+00
     vertex  1.392250e+02 -1.006343e+02  1.510000e+00
   endloop
 endfacet
 facet normal  1.305262e-01  9.914449e-01 -0.000000e+00
   outer loop
     vertex  1.397500e+02 -1.007750e+02  0.000000e+00
     vertex  1.394782e+02 -1.007392e+02  1.510000e+00
     vertex  1.397500e+02 -1.007750e+02  1.510000e+00
   endloop
 endfacet
 facet normal  1.305262e-01  9.914449e-01  0.000000e+00
   outer loop
     vertex  1.397500e+02 -1.007750e+02  0.000000e+00
     vertex  1.394782e+02 -1.007392e+02  0.000000e+00
     vertex  1.394782e+02 -1.007392e+02  1.510000e+00
   endloop
 endfacet
 facet normal -1.305262e-01  9.914449e-01  0.000000e+00
   outer loop
     vertex  1.331294e+02 -9.545796e+01  0.000000e+00
     vertex  1.330000e+02 -9.547500e+01  0.000000e+00
     vertex  1.330000e+02 -9.547500e+01  1.510000e+00
   endloop
 endfacet
 facet normal -1.305262e-01  9.914449e-01  0.000000e+00
   outer loop
     vertex  1.331294e+02 -9.545796e+01  0.000000e+00
     vertex  1.330000e+02 -9.547500e+01  1.510000e+00
     vertex  1.331294e+02 -9.545796e+01  1.510000e+00
   endloop
 endfacet
 facet normal -3.826834e-01  9.238795e-01  0.000000e+00
   outer loop
     vertex  1.332500e+02 -9.540801e+01  0.000000e+00
     vertex  1.331294e+02 -9.545796e+01  1.510000e+00
     vertex  1.332500e+02 -9.540801e+01  1.510000e+00
   endloop
 endfacet
 facet normal -3.826834e-01  9.238795e-01  0.000000e+00
   outer loop
     vertex  1.332500e+02 -9.540801e+01  0.000000e+00
     vertex  1.331294e+02 -9.545796e+01  0.000000e+00
     vertex  1.331294e+02 -9.545796e+01  1.510000e+00
   endloop
 endfacet
 facet normal -6.087614e-01  7.933533e-01  0.000000e+00
   outer loop
     vertex  1.333536e+02 -9.532855e+01  0.000000e+00
     vertex  1.332500e+02 -9.540801e+01  1.510000e+00
     vertex  1.333536e+02 -9.532855e+01  1.510000e+00
   endloop
 endfacet
 facet normal -6.087614e-01  7.933533e-01  0.000000e+00
   outer loop
     vertex  1.333536e+02 -9.532855e+01  0.000000e+00
     vertex  1.332500e+02 -9.540801e+01  0.000000e+00
     vertex  1.332500e+02 -9.540801e+01  1.510000e+00
   endloop
 endfacet
 facet normal -7.933533e-01  6.087614e-01  0.000000e+00
   outer loop
     vertex  1.334330e+02 -9.522500e+01  0.000000e+00
     vertex  1.333536e+02 -9.532855e+01  1.510000e+00
     vertex  1.334330e+02 -9.522500e+01  1.510000e+00
   endloop
 endfacet
 facet normal -7.933533e-01  6.087614e-01  0.000000e+00
   outer loop
     vertex  1.334330e+02 -9.522500e+01  0.000000e+00
     vertex  1.333536e+02 -9.532855e+01  0.000000e+00
     vertex  1.333536e+02 -9.532855e+01  1.510000e+00
   endloop
 endfacet
 facet normal -9.238795e-01  3.826834e-01  0.000000e+00
   outer loop
     vertex  1.334830e+02 -9.510441e+01  0.000000e+00
     vertex  1.334330e+02 -9.522500e+01  1.510000e+00
     vertex  1.334830e+02 -9.510441e+01  1.510000e+00
   endloop
 endfacet
 facet normal -9.238795e-01  3.826834e-01  0.000000e+00
   outer loop
     vertex  1.334830e+02 -9.510441e+01  0.000000e+00
     vertex  1.334330e+02 -9.522500e+01  0.000000e+00
     vertex  1.334330e+02 -9.522500e+01  1.510000e+00
   endloop
 endfacet
 facet normal -9.914449e-01  1.305262e-01  0.000000e+00
   outer loop
     vertex  1.335000e+02 -9.497500e+01  0.000000e+00
     vertex  1.334830e+02 -9.510441e+01  1.510000e+00
     vertex  1.335000e+02 -9.497500e+01  1.510000e+00
   endloop
 endfacet
 facet normal -9.914449e-01  1.305262e-01  0.000000e+00
   outer loop
     vertex  1.335000e+02 -9.497500e+01  0.000000e+00
     vertex  1.334830e+02 -9.510441e+01  0.000000e+00
     vertex  1.334830e+02 -9.510441e+01  1.510000e+00
   endloop
 endfacet
 facet normal -9.914449e-01 -1.305262e-01  0.000000e+00
   outer loop
     vertex  1.334830e+02 -9.484559e+01  0.000000e+00
     vertex  1.335000e+02 -9.497500e+01  1.510000e+00
     vertex  1.334830e+02 -9.484559e+01  1.510000e+00
   endloop
 endfacet
 facet normal -9.914449e-01 -1.305262e-01  0.000000e+00
   outer loop
     vertex  1.334830e+02 -9.484559e+01  0.000000e+00
     vertex  1.335000e+02 -9.497500e+01  0.000000e+00
     vertex  1.335000e+02 -9.497500e+01  1.510000e+00
   endloop
 endfacet
 facet normal -9.238795e-01 -3.826834e-01  0.000000e+00
   outer loop
     vertex  1.334330e+02 -9.472500e+01  0.000000e+00
     vertex  1.334830e+02 -9.484559e+01  1.510000e+00
     vertex  1.334330e+02 -9.472500e+01  1.510000e+00
   endloop
 endfacet
 facet normal -9.238795e-01 -3.826834e-01  0.000000e+00
   outer loop
     vertex  1.334330e+02 -9.472500e+01  0.000000e+00
     vertex  1.334830e+02 -9.484559e+01  0.000000e+00
     vertex  1.334830e+02 -9.484559e+01  1.510000e+00
   endloop
 endfacet
 facet normal -7.933533e-01 -6.087614e-01  0.000000e+00
   outer loop
     vertex  1.333536e+02 -9.462145e+01  0.000000e+00
     vertex  1.334330e+02 -9.472500e+01  1.510000e+00
     vertex  1.333536e+02 -9.462145e+01  1.510000e+00
   endloop
 endfacet
 facet normal -7.933533e-01 -6.087614e-01  0.000000e+00
   outer loop
     vertex  1.333536e+02 -9.462145e+01  0.000000e+00
     vertex  1.334330e+02 -9.472500e+01  0.000000e+00
     vertex  1.334330e+02 -9.472500e+01  1.510000e+00
   endloop
 endfacet
 facet normal -6.087614e-01 -7.933533e-01  0.000000e+00
   outer loop
     vertex  1.332500e+02 -9.454199e+01  0.000000e+00
     vertex  1.333536e+02 -9.462145e+01  1.510000e+00
     vertex  1.332500e+02 -9.454199e+01  1.510000e+00
   endloop
 endfacet
 facet normal -6.087614e-01 -7.933533e-01  0.000000e+00
   outer loop
     vertex  1.332500e+02 -9.454199e+01  0.000000e+00
     vertex  1.333536e+02 -9.462145e+01  0.000000e+00
     vertex  1.333536e+02 -9.462145e+01  1.510000e+00
   endloop
 endfacet
 facet normal -3.826834e-01 -9.238795e-01  0.000000e+00
   outer loop
     vertex  1.331294e+02 -9.449204e+01  0.000000e+00
     vertex  1.332500e+02 -9.454199e+01  1.510000e+00
     vertex  1.331294e+02 -9.449204e+01  1.510000e+00
   endloop
 endfacet
 facet normal -3.826834e-01 -9.238795e-01  0.000000e+00
   outer loop
     vertex  1.331294e+02 -9.449204e+01  0.000000e+00
     vertex  1.332500e+02 -9.454199e+01  0.000000e+00
     vertex  1.332500e+02 -9.454199e+01  1.510000e+00
   endloop
 endfacet
 facet normal -1.305262e-01 -9.914449e-01  0.000000e+00
   outer loop
     vertex  1.330000e+02 -9.447500e+01  0.000000e+00
     vertex  1.331294e+02 -9.449204e+01  1.510000e+00
     vertex  1.330000e+02 -9.447500e+01  1.510000e+00
   endloop
 endfacet
 facet normal -1.305262e-01 -9.914449e-01  0.000000e+00
   outer loop
     vertex  1.330000e+02 -9.447500e+01  0.000000e+00
     vertex  1.331294e+02 -9.449204e+01  0.000000e+00
     vertex  1.331294e+02 -9.449204e+01  1.510000e+00
   endloop
 endfacet
 facet normal  1.305262e-01 -9.914449e-01  0.000000e+00
   outer loop
     vertex  1.328706e+02 -9.449204e+01  0.000000e+00
     vertex  1.330000e+02 -9.447500e+01  1.510000e+00
     vertex  1.328706e+02 -9.449204e+01  1.510000e+00
   endloop
 endfacet
 facet normal  1.305262e-01 -9.914449e-01  0.000000e+00
   outer loop
     vertex  1.328706e+02 -9.449204e+01  0.000000e+00
     vertex  1.330000e+02 -9.447500e+01  0.000000e+00
     vertex  1.330000e+02 -9.447500e+01  1.510000e+00
   endloop
 endfacet
 facet normal  3.826834e-01 -9.238795e-01  0.000000e+00
   outer loop
     vertex  1.327500e+02 -9.454199e+01  0.000000e+00
     vertex  1.328706e+02 -9.449204e+01  0.000000e+00
     vertex  1.328706e+02 -9.449204e+01  1.510000e+00
   endloop
 endfacet
 facet normal  3.826834e-01 -9.238795e-01  0.000000e+00
   outer loop
     vertex  1.327500e+02 -9.454199e+01  0.000000e+00
     vertex  1.328706e+02 -9.449204e+01  1.510000e+00
     vertex  1.327500e+02 -9.454199e+01  1.510000e+00
   endloop
 endfacet
 facet normal  6.087614e-01 -7.933533e-01  0.000000e+00
   outer loop
     vertex  1.326464e+02 -9.462145e+01  0.000000e+00
     vertex  1.327500e+02 -9.454199e+01  0.000000e+00
     vertex  1.327500e+02 -9.454199e+01  1.510000e+00
   endloop
 endfacet
 facet normal  7.933533e-01 -6.087614e-01  0.000000e+00
   outer loop
     vertex  1.326464e+02 -9.462145e+01  0.000000e+00
     vertex  1.326464e+02 -9.462145e+01  1.510000e+00
     vertex  1.325670e+02 -9.472500e+01  1.510000e+00
   endloop
 endfacet
 facet normal  6.087614e-01 -7.933533e-01  0.000000e+00
   outer loop
     vertex  1.326464e+02 -9.462145e+01  0.000000e+00
     vertex  1.327500e+02 -9.454199e+01  1.510000e+00
     vertex  1.326464e+02 -9.462145e+01  1.510000e+00
   endloop
 endfacet
 facet normal  7.933533e-01 -6.087614e-01  0.000000e+00
   outer loop
     vertex  1.325670e+02 -9.472500e+01  0.000000e+00
     vertex  1.326464e+02 -9.462145e+01  0.000000e+00
     vertex  1.325670e+02 -9.472500e+01  1.510000e+00
   endloop
 endfacet
 facet normal  9.238795e-01 -3.826834e-01  0.000000e+00
   outer loop
     vertex  1.325670e+02 -9.472500e+01  0.000000e+00
     vertex  1.325670e+02 -9.472500e+01  1.510000e+00
     vertex  1.325170e+02 -9.484559e+01  1.510000e+00
   endloop
 endfacet
 facet normal  9.238795e-01 -3.826834e-01  0.000000e+00
   outer loop
     vertex  1.325170e+02 -9.484559e+01  0.000000e+00
     vertex  1.325670e+02 -9.472500e+01  0.000000e+00
     vertex  1.325170e+02 -9.484559e+01  1.510000e+00
   endloop
 endfacet
 facet normal  9.914449e-01 -1.305262e-01  0.000000e+00
   outer loop
     vertex  1.325000e+02 -9.497500e+01  0.000000e+00
     vertex  1.325170e+02 -9.484559e+01  0.000000e+00
     vertex  1.325170e+02 -9.484559e+01  1.510000e+00
   endloop
 endfacet
 facet normal  9.914449e-01 -1.305262e-01  0.000000e+00
   outer loop
     vertex  1.325000e+02 -9.497500e+01  0.000000e+00
     vertex  1.325170e+02 -9.484559e+01  1.510000e+00
     vertex  1.325000e+02 -9.497500e+01  1.510000e+00
   endloop
 endfacet
 facet normal  9.914449e-01  1.305262e-01 -0.000000e+00
   outer loop
     vertex  1.325170e+02 -9.510441e+01  0.000000e+00
     vertex  1.325000e+02 -9.497500e+01  1.510000e+00
     vertex  1.325170e+02 -9.510441e+01  1.510000e+00
   endloop
 endfacet
 facet normal  9.914449e-01  1.305262e-01  0.000000e+00
   outer loop
     vertex  1.325170e+02 -9.510441e+01  0.000000e+00
     vertex  1.325000e+02 -9.497500e+01  0.000000e+00
     vertex  1.325000e+02 -9.497500e+01  1.510000e+00
   endloop
 endfacet
 facet normal  9.238795e-01  3.826834e-01 -0.000000e+00
   outer loop
     vertex  1.325670e+02 -9.522500e+01  0.000000e+00
     vertex  1.325170e+02 -9.510441e+01  1.510000e+00
     vertex  1.325670e+02 -9.522500e+01  1.510000e+00
   endloop
 endfacet
 facet normal  9.238795e-01  3.826834e-01  0.000000e+00
   outer loop
     vertex  1.325670e+02 -9.522500e+01  0.000000e+00
     vertex  1.325170e+02 -9.510441e+01  0.000000e+00
     vertex  1.325170e+02 -9.510441e+01  1.510000e+00
   endloop
 endfacet
 facet normal  6.087614e-01  7.933533e-01 -0.000000e+00
   outer loop
     vertex  1.326464e+02 -9.532855e+01  0.000000e+00
     vertex  1.326464e+02 -9.532855e+01  1.510000e+00
     vertex  1.327500e+02 -9.540801e+01  1.510000e+00
   endloop
 endfacet
 facet normal  7.933533e-01  6.087614e-01 -0.000000e+00
   outer loop
     vertex  1.326464e+02 -9.532855e+01  0.000000e+00
     vertex  1.325670e+02 -9.522500e+01  1.510000e+00
     vertex  1.326464e+02 -9.532855e+01  1.510000e+00
   endloop
 endfacet
 facet normal  7.933533e-01  6.087614e-01  0.000000e+00
   outer loop
     vertex  1.326464e+02 -9.532855e+01  0.000000e+00
     vertex  1.325670e+02 -9.522500e+01  0.000000e+00
     vertex  1.325670e+02 -9.522500e+01  1.510000e+00
   endloop
 endfacet
 facet normal  6.087614e-01  7.933533e-01 -0.000000e+00
   outer loop
     vertex  1.327500e+02 -9.540801e+01  0.000000e+00
     vertex  1.326464e+02 -9.532855e+01  0.000000e+00
     vertex  1.327500e+02 -9.540801e+01  1.510000e+00
   endloop
 endfacet
 facet normal  3.826834e-01  9.238795e-01 -0.000000e+00
   outer loop
     vertex  1.328706e+02 -9.545796e+01  0.000000e+00
     vertex  1.327500e+02 -9.540801e+01  1.510000e+00
     vertex  1.328706e+02 -9.545796e+01  1.510000e+00
   endloop
 endfacet
 facet normal  3.826834e-01  9.238795e-01  0.000000e+00
   outer loop
     vertex  1.328706e+02 -9.545796e+01  0.000000e+00
     vertex  1.327500e+02 -9.540801e+01  0.000000e+00
     vertex  1.327500e+02 -9.540801e+01  1.510000e+00
   endloop
 endfacet
 facet normal  1.305262e-01  9.914449e-01 -0.000000e+00
   outer loop
     vertex  1.330000e+02 -9.547500e+01  0.000000e+00
     vertex  1.328706e+02 -9.545796e+01  1.510000e+00
     vertex  1.330000e+02 -9.547500e+01  1.510000e+00
   endloop
 endfacet
 facet normal  1.305262e-01  9.914449e-01  0.000000e+00
   outer loop
     vertex  1.330000e+02 -9.547500e+01  0.000000e+00
     vertex  1.328706e+02 -9.545796e+01  0.000000e+00
     vertex  1.328706e+02 -9.545796e+01  1.510000e+00
   endloop
 endfacet
 facet normal -1.305262e-01  9.914449e-01  0.000000e+00
   outer loop
     vertex  1.351294e+02 -9.345796e+01  0.000000e+00
     vertex  1.350000e+02 -9.347499e+01  0.000000e+00
     vertex  1.350000e+02 -9.347499e+01  1.510000e+00
   endloop
 endfacet
 facet normal -1.305262e-01  9.914449e-01  0.000000e+00
   outer loop
     vertex  1.351294e+02 -9.345796e+01  0.000000e+00
     vertex  1.350000e+02 -9.347499e+01  1.510000e+00
     vertex  1.351294e+02 -9.345796e+01  1.510000e+00
   endloop
 endfacet
 facet normal -3.826834e-01  9.238795e-01  0.000000e+00
   outer loop
     vertex  1.352500e+02 -9.340801e+01  0.000000e+00
     vertex  1.351294e+02 -9.345796e+01  1.510000e+00
     vertex  1.352500e+02 -9.340801e+01  1.510000e+00
   endloop
 endfacet
 facet normal -3.826834e-01  9.238795e-01  0.000000e+00
   outer loop
     vertex  1.352500e+02 -9.340801e+01  0.000000e+00
     vertex  1.351294e+02 -9.345796e+01  0.000000e+00
     vertex  1.351294e+02 -9.345796e+01  1.510000e+00
   endloop
 endfacet
 facet normal -6.087614e-01  7.933533e-01  0.000000e+00
   outer loop
     vertex  1.353536e+02 -9.332855e+01  0.000000e+00
     vertex  1.352500e+02 -9.340801e+01  1.510000e+00
     vertex  1.353536e+02 -9.332855e+01  1.510000e+00
   endloop
 endfacet
 facet normal -6.087614e-01  7.933533e-01  0.000000e+00
   outer loop
     vertex  1.353536e+02 -9.332855e+01  0.000000e+00
     vertex  1.352500e+02 -9.340801e+01  0.000000e+00
     vertex  1.352500e+02 -9.340801e+01  1.510000e+00
   endloop
 endfacet
 facet normal -7.933533e-01  6.087614e-01  0.000000e+00
   outer loop
     vertex  1.354330e+02 -9.322499e+01  0.000000e+00
     vertex  1.353536e+02 -9.332855e+01  1.510000e+00
     vertex  1.354330e+02 -9.322499e+01  1.510000e+00
   endloop
 endfacet
 facet normal -7.933533e-01  6.087614e-01  0.000000e+00
   outer loop
     vertex  1.354330e+02 -9.322499e+01  0.000000e+00
     vertex  1.353536e+02 -9.332855e+01  0.000000e+00
     vertex  1.353536e+02 -9.332855e+01  1.510000e+00
   endloop
 endfacet
 facet normal -9.238795e-01  3.826834e-01  0.000000e+00
   outer loop
     vertex  1.354830e+02 -9.310440e+01  0.000000e+00
     vertex  1.354330e+02 -9.322499e+01  1.510000e+00
     vertex  1.354830e+02 -9.310440e+01  1.510000e+00
   endloop
 endfacet
 facet normal -9.238795e-01  3.826834e-01  0.000000e+00
   outer loop
     vertex  1.354830e+02 -9.310440e+01  0.000000e+00
     vertex  1.354330e+02 -9.322499e+01  0.000000e+00
     vertex  1.354330e+02 -9.322499e+01  1.510000e+00
   endloop
 endfacet
 facet normal -9.914449e-01  1.305262e-01  0.000000e+00
   outer loop
     vertex  1.355000e+02 -9.297499e+01  0.000000e+00
     vertex  1.354830e+02 -9.310440e+01  1.510000e+00
     vertex  1.355000e+02 -9.297499e+01  1.510000e+00
   endloop
 endfacet
 facet normal -9.914449e-01  1.305262e-01  0.000000e+00
   outer loop
     vertex  1.355000e+02 -9.297499e+01  0.000000e+00
     vertex  1.354830e+02 -9.310440e+01  0.000000e+00
     vertex  1.354830e+02 -9.310440e+01  1.510000e+00
   endloop
 endfacet
 facet normal -9.914449e-01 -1.305262e-01  0.000000e+00
   outer loop
     vertex  1.354830e+02 -9.284558e+01  0.000000e+00
     vertex  1.355000e+02 -9.297499e+01  1.510000e+00
     vertex  1.354830e+02 -9.284558e+01  1.510000e+00
   endloop
 endfacet
 facet normal -9.914449e-01 -1.305262e-01  0.000000e+00
   outer loop
     vertex  1.354830e+02 -9.284558e+01  0.000000e+00
     vertex  1.355000e+02 -9.297499e+01  0.000000e+00
     vertex  1.355000e+02 -9.297499e+01  1.510000e+00
   endloop
 endfacet
 facet normal -9.238795e-01 -3.826834e-01  0.000000e+00
   outer loop
     vertex  1.354330e+02 -9.272499e+01  0.000000e+00
     vertex  1.354830e+02 -9.284558e+01  1.510000e+00
     vertex  1.354330e+02 -9.272499e+01  1.510000e+00
   endloop
 endfacet
 facet normal -9.238795e-01 -3.826834e-01  0.000000e+00
   outer loop
     vertex  1.354330e+02 -9.272499e+01  0.000000e+00
     vertex  1.354830e+02 -9.284558e+01  0.000000e+00
     vertex  1.354830e+02 -9.284558e+01  1.510000e+00
   endloop
 endfacet
 facet normal -7.933533e-01 -6.087614e-01  0.000000e+00
   outer loop
     vertex  1.353536e+02 -9.262144e+01  0.000000e+00
     vertex  1.354330e+02 -9.272499e+01  1.510000e+00
     vertex  1.353536e+02 -9.262144e+01  1.510000e+00
   endloop
 endfacet
 facet normal -7.933533e-01 -6.087614e-01  0.000000e+00
   outer loop
     vertex  1.353536e+02 -9.262144e+01  0.000000e+00
     vertex  1.354330e+02 -9.272499e+01  0.000000e+00
     vertex  1.354330e+02 -9.272499e+01  1.510000e+00
   endloop
 endfacet
 facet normal -6.087614e-01 -7.933533e-01  0.000000e+00
   outer loop
     vertex  1.352500e+02 -9.254198e+01  0.000000e+00
     vertex  1.353536e+02 -9.262144e+01  1.510000e+00
     vertex  1.352500e+02 -9.254198e+01  1.510000e+00
   endloop
 endfacet
 facet normal -6.087614e-01 -7.933533e-01  0.000000e+00
   outer loop
     vertex  1.352500e+02 -9.254198e+01  0.000000e+00
     vertex  1.353536e+02 -9.262144e+01  0.000000e+00
     vertex  1.353536e+02 -9.262144e+01  1.510000e+00
   endloop
 endfacet
 facet normal -3.826834e-01 -9.238795e-01  0.000000e+00
   outer loop
     vertex  1.351294e+02 -9.249203e+01  0.000000e+00
     vertex  1.352500e+02 -9.254198e+01  1.510000e+00
     vertex  1.351294e+02 -9.249203e+01  1.510000e+00
   endloop
 endfacet
 facet normal -3.826834e-01 -9.238795e-01  0.000000e+00
   outer loop
     vertex  1.351294e+02 -9.249203e+01  0.000000e+00
     vertex  1.352500e+02 -9.254198e+01  0.000000e+00
     vertex  1.352500e+02 -9.254198e+01  1.510000e+00
   endloop
 endfacet
 facet normal -1.305262e-01 -9.914449e-01  0.000000e+00
   outer loop
     vertex  1.350000e+02 -9.247499e+01  0.000000e+00
     vertex  1.351294e+02 -9.249203e+01  1.510000e+00
     vertex  1.350000e+02 -9.247499e+01  1.510000e+00
   endloop
 endfacet
 facet normal -1.305262e-01 -9.914449e-01  0.000000e+00
   outer loop
     vertex  1.350000e+02 -9.247499e+01  0.000000e+00
     vertex  1.351294e+02 -9.249203e+01  0.000000e+00
     vertex  1.351294e+02 -9.249203e+01  1.510000e+00
   endloop
 endfacet
 facet normal  1.305262e-01 -9.914449e-01  0.000000e+00
   outer loop
     vertex  1.348706e+02 -9.249203e+01  0.000000e+00
     vertex  1.350000e+02 -9.247499e+01  1.510000e+00
     vertex  1.348706e+02 -9.249203e+01  1.510000e+00
   endloop
 endfacet
 facet normal  1.305262e-01 -9.914449e-01  0.000000e+00
   outer loop
     vertex  1.348706e+02 -9.249203e+01  0.000000e+00
     vertex  1.350000e+02 -9.247499e+01  0.000000e+00
     vertex  1.350000e+02 -9.247499e+01  1.510000e+00
   endloop
 endfacet
 facet normal  3.826834e-01 -9.238795e-01  0.000000e+00
   outer loop
     vertex  1.347500e+02 -9.254198e+01  0.000000e+00
     vertex  1.348706e+02 -9.249203e+01  0.000000e+00
     vertex  1.348706e+02 -9.249203e+01  1.510000e+00
   endloop
 endfacet
 facet normal  3.826834e-01 -9.238795e-01  0.000000e+00
   outer loop
     vertex  1.347500e+02 -9.254198e+01  0.000000e+00
     vertex  1.348706e+02 -9.249203e+01  1.510000e+00
     vertex  1.347500e+02 -9.254198e+01  1.510000e+00
   endloop
 endfacet
 facet normal  6.087614e-01 -7.933533e-01  0.000000e+00
   outer loop
     vertex  1.346464e+02 -9.262144e+01  0.000000e+00
     vertex  1.347500e+02 -9.254198e+01  0.000000e+00
     vertex  1.347500e+02 -9.254198e+01  1.510000e+00
   endloop
 endfacet
 facet normal  7.933533e-01 -6.087614e-01  0.000000e+00
   outer loop
     vertex  1.346464e+02 -9.262144e+01  0.000000e+00
     vertex  1.346464e+02 -9.262144e+01  1.510000e+00
     vertex  1.345670e+02 -9.272499e+01  1.510000e+00
   endloop
 endfacet
 facet normal  6.087614e-01 -7.933533e-01  0.000000e+00
   outer loop
     vertex  1.346464e+02 -9.262144e+01  0.000000e+00
     vertex  1.347500e+02 -9.254198e+01  1.510000e+00
     vertex  1.346464e+02 -9.262144e+01  1.510000e+00
   endloop
 endfacet
 facet normal  7.933533e-01 -6.087614e-01  0.000000e+00
   outer loop
     vertex  1.345670e+02 -9.272499e+01  0.000000e+00
     vertex  1.346464e+02 -9.262144e+01  0.000000e+00
     vertex  1.345670e+02 -9.272499e+01  1.510000e+00
   endloop
 endfacet
 facet normal  9.238795e-01 -3.826834e-01  0.000000e+00
   outer loop
     vertex  1.345670e+02 -9.272499e+01  0.000000e+00
     vertex  1.345670e+02 -9.272499e+01  1.510000e+00
     vertex  1.345170e+02 -9.284558e+01  1.510000e+00
   endloop
 endfacet
 facet normal  9.238795e-01 -3.826834e-01  0.000000e+00
   outer loop
     vertex  1.345170e+02 -9.284558e+01  0.000000e+00
     vertex  1.345670e+02 -9.272499e+01  0.000000e+00
     vertex  1.345170e+02 -9.284558e+01  1.510000e+00
   endloop
 endfacet
 facet normal  9.914449e-01 -1.305262e-01  0.000000e+00
   outer loop
     vertex  1.345000e+02 -9.297499e+01  0.000000e+00
     vertex  1.345170e+02 -9.284558e+01  0.000000e+00
     vertex  1.345170e+02 -9.284558e+01  1.510000e+00
   endloop
 endfacet
 facet normal  9.914449e-01 -1.305262e-01  0.000000e+00
   outer loop
     vertex  1.345000e+02 -9.297499e+01  0.000000e+00
     vertex  1.345170e+02 -9.284558e+01  1.510000e+00
     vertex  1.345000e+02 -9.297499e+01  1.510000e+00
   endloop
 endfacet
 facet normal  9.914449e-01  1.305262e-01 -0.000000e+00
   outer loop
     vertex  1.345170e+02 -9.310440e+01  0.000000e+00
     vertex  1.345000e+02 -9.297499e+01  1.510000e+00
     vertex  1.345170e+02 -9.310440e+01  1.510000e+00
   endloop
 endfacet
 facet normal  9.914449e-01  1.305262e-01  0.000000e+00
   outer loop
     vertex  1.345170e+02 -9.310440e+01  0.000000e+00
     vertex  1.345000e+02 -9.297499e+01  0.000000e+00
     vertex  1.345000e+02 -9.297499e+01  1.510000e+00
   endloop
 endfacet
 facet normal  9.238795e-01  3.826834e-01 -0.000000e+00
   outer loop
     vertex  1.345670e+02 -9.322499e+01  0.000000e+00
     vertex  1.345170e+02 -9.310440e+01  1.510000e+00
     vertex  1.345670e+02 -9.322499e+01  1.510000e+00
   endloop
 endfacet
 facet normal  9.238795e-01  3.826834e-01  0.000000e+00
   outer loop
     vertex  1.345670e+02 -9.322499e+01  0.000000e+00
     vertex  1.345170e+02 -9.310440e+01  0.000000e+00
     vertex  1.345170e+02 -9.310440e+01  1.510000e+00
   endloop
 endfacet
 facet normal  6.087614e-01  7.933533e-01 -0.000000e+00
   outer loop
     vertex  1.346464e+02 -9.332855e+01  0.000000e+00
     vertex  1.346464e+02 -9.332855e+01  1.510000e+00
     vertex  1.347500e+02 -9.340801e+01  1.510000e+00
   endloop
 endfacet
 facet normal  7.933533e-01  6.087614e-01 -0.000000e+00
   outer loop
     vertex  1.346464e+02 -9.332855e+01  0.000000e+00
     vertex  1.345670e+02 -9.322499e+01  1.510000e+00
     vertex  1.346464e+02 -9.332855e+01  1.510000e+00
   endloop
 endfacet
 facet normal  7.933533e-01  6.087614e-01  0.000000e+00
   outer loop
     vertex  1.346464e+02 -9.332855e+01  0.000000e+00
     vertex  1.345670e+02 -9.322499e+01  0.000000e+00
     vertex  1.345670e+02 -9.322499e+01  1.510000e+00
   endloop
 endfacet
 facet normal  6.087614e-01  7.933533e-01 -0.000000e+00
   outer loop
     vertex  1.347500e+02 -9.340801e+01  0.000000e+00
     vertex  1.346464e+02 -9.332855e+01  0.000000e+00
     vertex  1.347500e+02 -9.340801e+01  1.510000e+00
   endloop
 endfacet
 facet normal  3.826834e-01  9.238795e-01 -0.000000e+00
   outer loop
     vertex  1.348706e+02 -9.345796e+01  0.000000e+00
     vertex  1.347500e+02 -9.340801e+01  1.510000e+00
     vertex  1.348706e+02 -9.345796e+01  1.510000e+00
   endloop
 endfacet
 facet normal  3.826834e-01  9.238795e-01  0.000000e+00
   outer loop
     vertex  1.348706e+02 -9.345796e+01  0.000000e+00
     vertex  1.347500e+02 -9.340801e+01  0.000000e+00
     vertex  1.347500e+02 -9.340801e+01  1.510000e+00
   endloop
 endfacet
 facet normal  1.305262e-01  9.914449e-01 -0.000000e+00
   outer loop
     vertex  1.350000e+02 -9.347499e+01  0.000000e+00
     vertex  1.348706e+02 -9.345796e+01  1.510000e+00
     vertex  1.350000e+02 -9.347499e+01  1.510000e+00
   endloop
 endfacet
 facet normal  1.305262e-01  9.914449e-01  0.000000e+00
   outer loop
     vertex  1.350000e+02 -9.347499e+01  0.000000e+00
     vertex  1.348706e+02 -9.345796e+01  0.000000e+00
     vertex  1.348706e+02 -9.345796e+01  1.510000e+00
   endloop
 endfacet
 facet normal -1.305262e-01  9.914449e-01  0.000000e+00
   outer loop
     vertex  1.396294e+02 -9.345797e+01  0.000000e+00
     vertex  1.395000e+02 -9.347500e+01  0.000000e+00
     vertex  1.395000e+02 -9.347500e+01  1.510000e+00
   endloop
 endfacet
 facet normal -1.305262e-01  9.914449e-01  0.000000e+00
   outer loop
     vertex  1.396294e+02 -9.345797e+01  0.000000e+00
     vertex  1.395000e+02 -9.347500e+01  1.510000e+00
     vertex  1.396294e+02 -9.345797e+01  1.510000e+00
   endloop
 endfacet
 facet normal -3.826834e-01  9.238795e-01  0.000000e+00
   outer loop
     vertex  1.397500e+02 -9.340802e+01  0.000000e+00
     vertex  1.396294e+02 -9.345797e+01  1.510000e+00
     vertex  1.397500e+02 -9.340802e+01  1.510000e+00
   endloop
 endfacet
 facet normal -3.826834e-01  9.238795e-01  0.000000e+00
   outer loop
     vertex  1.397500e+02 -9.340802e+01  0.000000e+00
     vertex  1.396294e+02 -9.345797e+01  0.000000e+00
     vertex  1.396294e+02 -9.345797e+01  1.510000e+00
   endloop
 endfacet
 facet normal -6.087614e-01  7.933533e-01  0.000000e+00
   outer loop
     vertex  1.398536e+02 -9.332856e+01  0.000000e+00
     vertex  1.397500e+02 -9.340802e+01  1.510000e+00
     vertex  1.398536e+02 -9.332856e+01  1.510000e+00
   endloop
 endfacet
 facet normal -6.087614e-01  7.933533e-01  0.000000e+00
   outer loop
     vertex  1.398536e+02 -9.332856e+01  0.000000e+00
     vertex  1.397500e+02 -9.340802e+01  0.000000e+00
     vertex  1.397500e+02 -9.340802e+01  1.510000e+00
   endloop
 endfacet
 facet normal -7.933533e-01  6.087614e-01  0.000000e+00
   outer loop
     vertex  1.399330e+02 -9.322500e+01  0.000000e+00
     vertex  1.398536e+02 -9.332856e+01  1.510000e+00
     vertex  1.399330e+02 -9.322500e+01  1.510000e+00
   endloop
 endfacet
 facet normal -7.933533e-01  6.087614e-01  0.000000e+00
   outer loop
     vertex  1.399330e+02 -9.322500e+01  0.000000e+00
     vertex  1.398536e+02 -9.332856e+01  0.000000e+00
     vertex  1.398536e+02 -9.332856e+01  1.510000e+00
   endloop
 endfacet
 facet normal -9.238795e-01  3.826834e-01  0.000000e+00
   outer loop
     vertex  1.399830e+02 -9.310441e+01  0.000000e+00
     vertex  1.399330e+02 -9.322500e+01  1.510000e+00
     vertex  1.399830e+02 -9.310441e+01  1.510000e+00
   endloop
 endfacet
 facet normal -9.238795e-01  3.826834e-01  0.000000e+00
   outer loop
     vertex  1.399830e+02 -9.310441e+01  0.000000e+00
     vertex  1.399330e+02 -9.322500e+01  0.000000e+00
     vertex  1.399330e+02 -9.322500e+01  1.510000e+00
   endloop
 endfacet
 facet normal -9.914449e-01  1.305262e-01  0.000000e+00
   outer loop
     vertex  1.400000e+02 -9.297500e+01  0.000000e+00
     vertex  1.399830e+02 -9.310441e+01  1.510000e+00
     vertex  1.400000e+02 -9.297500e+01  1.510000e+00
   endloop
 endfacet
 facet normal -9.914449e-01  1.305262e-01  0.000000e+00
   outer loop
     vertex  1.400000e+02 -9.297500e+01  0.000000e+00
     vertex  1.399830e+02 -9.310441e+01  0.000000e+00
     vertex  1.399830e+02 -9.310441e+01  1.510000e+00
   endloop
 endfacet
 facet normal -9.914449e-01 -1.305262e-01  0.000000e+00
   outer loop
     vertex  1.399830e+02 -9.284559e+01  0.000000e+00
     vertex  1.400000e+02 -9.297500e+01  1.510000e+00
     vertex  1.399830e+02 -9.284559e+01  1.510000e+00
   endloop
 endfacet
 facet normal -9.914449e-01 -1.305262e-01  0.000000e+00
   outer loop
     vertex  1.399830e+02 -9.284559e+01  0.000000e+00
     vertex  1.400000e+02 -9.297500e+01  0.000000e+00
     vertex  1.400000e+02 -9.297500e+01  1.510000e+00
   endloop
 endfacet
 facet normal -9.238795e-01 -3.826834e-01  0.000000e+00
   outer loop
     vertex  1.399330e+02 -9.272500e+01  0.000000e+00
     vertex  1.399830e+02 -9.284559e+01  1.510000e+00
     vertex  1.399330e+02 -9.272500e+01  1.510000e+00
   endloop
 endfacet
 facet normal -9.238795e-01 -3.826834e-01  0.000000e+00
   outer loop
     vertex  1.399330e+02 -9.272500e+01  0.000000e+00
     vertex  1.399830e+02 -9.284559e+01  0.000000e+00
     vertex  1.399830e+02 -9.284559e+01  1.510000e+00
   endloop
 endfacet
 facet normal -7.933533e-01 -6.087614e-01  0.000000e+00
   outer loop
     vertex  1.398536e+02 -9.262145e+01  0.000000e+00
     vertex  1.399330e+02 -9.272500e+01  1.510000e+00
     vertex  1.398536e+02 -9.262145e+01  1.510000e+00
   endloop
 endfacet
 facet normal -7.933533e-01 -6.087614e-01  0.000000e+00
   outer loop
     vertex  1.398536e+02 -9.262145e+01  0.000000e+00
     vertex  1.399330e+02 -9.272500e+01  0.000000e+00
     vertex  1.399330e+02 -9.272500e+01  1.510000e+00
   endloop
 endfacet
 facet normal -6.087614e-01 -7.933533e-01  0.000000e+00
   outer loop
     vertex  1.397500e+02 -9.254199e+01  0.000000e+00
     vertex  1.398536e+02 -9.262145e+01  1.510000e+00
     vertex  1.397500e+02 -9.254199e+01  1.510000e+00
   endloop
 endfacet
 facet normal -6.087614e-01 -7.933533e-01  0.000000e+00
   outer loop
     vertex  1.397500e+02 -9.254199e+01  0.000000e+00
     vertex  1.398536e+02 -9.262145e+01  0.000000e+00
     vertex  1.398536e+02 -9.262145e+01  1.510000e+00
   endloop
 endfacet
 facet normal -3.826834e-01 -9.238795e-01  0.000000e+00
   outer loop
     vertex  1.396294e+02 -9.249204e+01  0.000000e+00
     vertex  1.397500e+02 -9.254199e+01  1.510000e+00
     vertex  1.396294e+02 -9.249204e+01  1.510000e+00
   endloop
 endfacet
 facet normal -3.826834e-01 -9.238795e-01  0.000000e+00
   outer loop
     vertex  1.396294e+02 -9.249204e+01  0.000000e+00
     vertex  1.397500e+02 -9.254199e+01  0.000000e+00
     vertex  1.397500e+02 -9.254199e+01  1.510000e+00
   endloop
 endfacet
 facet normal -1.305262e-01 -9.914449e-01  0.000000e+00
   outer loop
     vertex  1.395000e+02 -9.247500e+01  0.000000e+00
     vertex  1.396294e+02 -9.249204e+01  1.510000e+00
     vertex  1.395000e+02 -9.247500e+01  1.510000e+00
   endloop
 endfacet
 facet normal -1.305262e-01 -9.914449e-01  0.000000e+00
   outer loop
     vertex  1.395000e+02 -9.247500e+01  0.000000e+00
     vertex  1.396294e+02 -9.249204e+01  0.000000e+00
     vertex  1.396294e+02 -9.249204e+01  1.510000e+00
   endloop
 endfacet
 facet normal  1.305262e-01 -9.914449e-01  0.000000e+00
   outer loop
     vertex  1.393706e+02 -9.249204e+01  0.000000e+00
     vertex  1.395000e+02 -9.247500e+01  1.510000e+00
     vertex  1.393706e+02 -9.249204e+01  1.510000e+00
   endloop
 endfacet
 facet normal  1.305262e-01 -9.914449e-01  0.000000e+00
   outer loop
     vertex  1.393706e+02 -9.249204e+01  0.000000e+00
     vertex  1.395000e+02 -9.247500e+01  0.000000e+00
     vertex  1.395000e+02 -9.247500e+01  1.510000e+00
   endloop
 endfacet
 facet normal  3.826834e-01 -9.238795e-01  0.000000e+00
   outer loop
     vertex  1.392500e+02 -9.254199e+01  0.000000e+00
     vertex  1.393706e+02 -9.249204e+01  0.000000e+00
     vertex  1.393706e+02 -9.249204e+01  1.510000e+00
   endloop
 endfacet
 facet normal  3.826834e-01 -9.238795e-01  0.000000e+00
   outer loop
     vertex  1.392500e+02 -9.254199e+01  0.000000e+00
     vertex  1.393706e+02 -9.249204e+01  1.510000e+00
     vertex  1.392500e+02 -9.254199e+01  1.510000e+00
   endloop
 endfacet
 facet normal  6.087614e-01 -7.933533e-01  0.000000e+00
   outer loop
     vertex  1.391464e+02 -9.262145e+01  0.000000e+00
     vertex  1.392500e+02 -9.254199e+01  0.000000e+00
     vertex  1.392500e+02 -9.254199e+01  1.510000e+00
   endloop
 endfacet
 facet normal  7.933533e-01 -6.087614e-01  0.000000e+00
   outer loop
     vertex  1.391464e+02 -9.262145e+01  0.000000e+00
     vertex  1.391464e+02 -9.262145e+01  1.510000e+00
     vertex  1.390670e+02 -9.272500e+01  1.510000e+00
   endloop
 endfacet
 facet normal  6.087614e-01 -7.933533e-01  0.000000e+00
   outer loop
     vertex  1.391464e+02 -9.262145e+01  0.000000e+00
     vertex  1.392500e+02 -9.254199e+01  1.510000e+00
     vertex  1.391464e+02 -9.262145e+01  1.510000e+00
   endloop
 endfacet
 facet normal  7.933533e-01 -6.087614e-01  0.000000e+00
   outer loop
     vertex  1.390670e+02 -9.272500e+01  0.000000e+00
     vertex  1.391464e+02 -9.262145e+01  0.000000e+00
     vertex  1.390670e+02 -9.272500e+01  1.510000e+00
   endloop
 endfacet
 facet normal  9.238795e-01 -3.826834e-01  0.000000e+00
   outer loop
     vertex  1.390670e+02 -9.272500e+01  0.000000e+00
     vertex  1.390670e+02 -9.272500e+01  1.510000e+00
     vertex  1.390170e+02 -9.284559e+01  1.510000e+00
   endloop
 endfacet
 facet normal  9.238795e-01 -3.826834e-01  0.000000e+00
   outer loop
     vertex  1.390170e+02 -9.284559e+01  0.000000e+00
     vertex  1.390670e+02 -9.272500e+01  0.000000e+00
     vertex  1.390170e+02 -9.284559e+01  1.510000e+00
   endloop
 endfacet
 facet normal  9.914449e-01 -1.305262e-01  0.000000e+00
   outer loop
     vertex  1.390000e+02 -9.297500e+01  0.000000e+00
     vertex  1.390170e+02 -9.284559e+01  0.000000e+00
     vertex  1.390170e+02 -9.284559e+01  1.510000e+00
   endloop
 endfacet
 facet normal  9.914449e-01 -1.305262e-01  0.000000e+00
   outer loop
     vertex  1.390000e+02 -9.297500e+01  0.000000e+00
     vertex  1.390170e+02 -9.284559e+01  1.510000e+00
     vertex  1.390000e+02 -9.297500e+01  1.510000e+00
   endloop
 endfacet
 facet normal  9.914449e-01  1.305262e-01 -0.000000e+00
   outer loop
     vertex  1.390170e+02 -9.310441e+01  0.000000e+00
     vertex  1.390000e+02 -9.297500e+01  1.510000e+00
     vertex  1.390170e+02 -9.310441e+01  1.510000e+00
   endloop
 endfacet
 facet normal  9.914449e-01  1.305262e-01  0.000000e+00
   outer loop
     vertex  1.390170e+02 -9.310441e+01  0.000000e+00
     vertex  1.390000e+02 -9.297500e+01  0.000000e+00
     vertex  1.390000e+02 -9.297500e+01  1.510000e+00
   endloop
 endfacet
 facet normal  9.238795e-01  3.826834e-01 -0.000000e+00
   outer loop
     vertex  1.390670e+02 -9.322500e+01  0.000000e+00
     vertex  1.390170e+02 -9.310441e+01  1.510000e+00
     vertex  1.390670e+02 -9.322500e+01  1.510000e+00
   endloop
 endfacet
 facet normal  9.238795e-01  3.826834e-01  0.000000e+00
   outer loop
     vertex  1.390670e+02 -9.322500e+01  0.000000e+00
     vertex  1.390170e+02 -9.310441e+01  0.000000e+00
     vertex  1.390170e+02 -9.310441e+01  1.510000e+00
   endloop
 endfacet
 facet normal  6.087614e-01  7.933533e-01 -0.000000e+00
   outer loop
     vertex  1.391464e+02 -9.332856e+01  0.000000e+00
     vertex  1.391464e+02 -9.332856e+01  1.510000e+00
     vertex  1.392500e+02 -9.340802e+01  1.510000e+00
   endloop
 endfacet
 facet normal  7.933533e-01  6.087614e-01 -0.000000e+00
   outer loop
     vertex  1.391464e+02 -9.332856e+01  0.000000e+00
     vertex  1.390670e+02 -9.322500e+01  1.510000e+00
     vertex  1.391464e+02 -9.332856e+01  1.510000e+00
   endloop
 endfacet
 facet normal  7.933533e-01  6.087614e-01  0.000000e+00
   outer loop
     vertex  1.391464e+02 -9.332856e+01  0.000000e+00
     vertex  1.390670e+02 -9.322500e+01  0.000000e+00
     vertex  1.390670e+02 -9.322500e+01  1.510000e+00
   endloop
 endfacet
 facet normal  6.087614e-01  7.933533e-01 -0.000000e+00
   outer loop
     vertex  1.392500e+02 -9.340802e+01  0.000000e+00
     vertex  1.391464e+02 -9.332856e+01  0.000000e+00
     vertex  1.392500e+02 -9.340802e+01  1.510000e+00
   endloop
 endfacet
 facet normal  3.826834e-01  9.238795e-01 -0.000000e+00
   outer loop
     vertex  1.393706e+02 -9.345797e+01  0.000000e+00
     vertex  1.392500e+02 -9.340802e+01  1.510000e+00
     vertex  1.393706e+02 -9.345797e+01  1.510000e+00
   endloop
 endfacet
 facet normal  3.826834e-01  9.238795e-01  0.000000e+00
   outer loop
     vertex  1.393706e+02 -9.345797e+01  0.000000e+00
     vertex  1.392500e+02 -9.340802e+01  0.000000e+00
     vertex  1.392500e+02 -9.340802e+01  1.510000e+00
   endloop
 endfacet
 facet normal  1.305262e-01  9.914449e-01 -0.000000e+00
   outer loop
     vertex  1.395000e+02 -9.347500e+01  0.000000e+00
     vertex  1.393706e+02 -9.345797e+01  1.510000e+00
     vertex  1.395000e+02 -9.347500e+01  1.510000e+00
   endloop
 endfacet
 facet normal  1.305262e-01  9.914449e-01  0.000000e+00
   outer loop
     vertex  1.395000e+02 -9.347500e+01  0.000000e+00
     vertex  1.393706e+02 -9.345797e+01  0.000000e+00
     vertex  1.393706e+02 -9.345797e+01  1.510000e+00
   endloop
 endfacet
 facet normal -1.305262e-01  9.914449e-01  0.000000e+00
   outer loop
     vertex  1.181294e+02 -8.495796e+01  0.000000e+00
     vertex  1.180000e+02 -8.497500e+01  0.000000e+00
     vertex  1.180000e+02 -8.497500e+01  1.510000e+00
   endloop
 endfacet
 facet normal -1.305262e-01  9.914449e-01  0.000000e+00
   outer loop
     vertex  1.181294e+02 -8.495796e+01  0.000000e+00
     vertex  1.180000e+02 -8.497500e+01  1.510000e+00
     vertex  1.181294e+02 -8.495796e+01  1.510000e+00
   endloop
 endfacet
 facet normal -3.826834e-01  9.238795e-01  0.000000e+00
   outer loop
     vertex  1.182500e+02 -8.490801e+01  0.000000e+00
     vertex  1.181294e+02 -8.495796e+01  1.510000e+00
     vertex  1.182500e+02 -8.490801e+01  1.510000e+00
   endloop
 endfacet
 facet normal -3.826834e-01  9.238795e-01  0.000000e+00
   outer loop
     vertex  1.182500e+02 -8.490801e+01  0.000000e+00
     vertex  1.181294e+02 -8.495796e+01  0.000000e+00
     vertex  1.181294e+02 -8.495796e+01  1.510000e+00
   endloop
 endfacet
 facet normal -6.087614e-01  7.933533e-01  0.000000e+00
   outer loop
     vertex  1.183536e+02 -8.482855e+01  0.000000e+00
     vertex  1.182500e+02 -8.490801e+01  1.510000e+00
     vertex  1.183536e+02 -8.482855e+01  1.510000e+00
   endloop
 endfacet
 facet normal -6.087614e-01  7.933533e-01  0.000000e+00
   outer loop
     vertex  1.183536e+02 -8.482855e+01  0.000000e+00
     vertex  1.182500e+02 -8.490801e+01  0.000000e+00
     vertex  1.182500e+02 -8.490801e+01  1.510000e+00
   endloop
 endfacet
 facet normal -7.933533e-01  6.087614e-01  0.000000e+00
   outer loop
     vertex  1.184330e+02 -8.472500e+01  0.000000e+00
     vertex  1.183536e+02 -8.482855e+01  1.510000e+00
     vertex  1.184330e+02 -8.472500e+01  1.510000e+00
   endloop
 endfacet
 facet normal -7.933533e-01  6.087614e-01  0.000000e+00
   outer loop
     vertex  1.184330e+02 -8.472500e+01  0.000000e+00
     vertex  1.183536e+02 -8.482855e+01  0.000000e+00
     vertex  1.183536e+02 -8.482855e+01  1.510000e+00
   endloop
 endfacet
 facet normal -9.238795e-01  3.826834e-01  0.000000e+00
   outer loop
     vertex  1.184830e+02 -8.460441e+01  0.000000e+00
     vertex  1.184330e+02 -8.472500e+01  1.510000e+00
     vertex  1.184830e+02 -8.460441e+01  1.510000e+00
   endloop
 endfacet
 facet normal -9.238795e-01  3.826834e-01  0.000000e+00
   outer loop
     vertex  1.184830e+02 -8.460441e+01  0.000000e+00
     vertex  1.184330e+02 -8.472500e+01  0.000000e+00
     vertex  1.184330e+02 -8.472500e+01  1.510000e+00
   endloop
 endfacet
 facet normal -9.914449e-01  1.305262e-01  0.000000e+00
   outer loop
     vertex  1.185000e+02 -8.447500e+01  0.000000e+00
     vertex  1.184830e+02 -8.460441e+01  1.510000e+00
     vertex  1.185000e+02 -8.447500e+01  1.510000e+00
   endloop
 endfacet
 facet normal -9.914449e-01  1.305262e-01  0.000000e+00
   outer loop
     vertex  1.185000e+02 -8.447500e+01  0.000000e+00
     vertex  1.184830e+02 -8.460441e+01  0.000000e+00
     vertex  1.184830e+02 -8.460441e+01  1.510000e+00
   endloop
 endfacet
 facet normal -9.914449e-01 -1.305262e-01  0.000000e+00
   outer loop
     vertex  1.184830e+02 -8.434559e+01  0.000000e+00
     vertex  1.185000e+02 -8.447500e+01  1.510000e+00
     vertex  1.184830e+02 -8.434559e+01  1.510000e+00
   endloop
 endfacet
 facet normal -9.914449e-01 -1.305262e-01  0.000000e+00
   outer loop
     vertex  1.184830e+02 -8.434559e+01  0.000000e+00
     vertex  1.185000e+02 -8.447500e+01  0.000000e+00
     vertex  1.185000e+02 -8.447500e+01  1.510000e+00
   endloop
 endfacet
 facet normal -9.238795e-01 -3.826834e-01  0.000000e+00
   outer loop
     vertex  1.184330e+02 -8.422500e+01  0.000000e+00
     vertex  1.184830e+02 -8.434559e+01  1.510000e+00
     vertex  1.184330e+02 -8.422500e+01  1.510000e+00
   endloop
 endfacet
 facet normal -9.238795e-01 -3.826834e-01  0.000000e+00
   outer loop
     vertex  1.184330e+02 -8.422500e+01  0.000000e+00
     vertex  1.184830e+02 -8.434559e+01  0.000000e+00
     vertex  1.184830e+02 -8.434559e+01  1.510000e+00
   endloop
 endfacet
 facet normal -7.933533e-01 -6.087614e-01  0.000000e+00
   outer loop
     vertex  1.183536e+02 -8.412145e+01  0.000000e+00
     vertex  1.184330e+02 -8.422500e+01  1.510000e+00
     vertex  1.183536e+02 -8.412145e+01  1.510000e+00
   endloop
 endfacet
 facet normal -7.933533e-01 -6.087614e-01  0.000000e+00
   outer loop
     vertex  1.183536e+02 -8.412145e+01  0.000000e+00
     vertex  1.184330e+02 -8.422500e+01  0.000000e+00
     vertex  1.184330e+02 -8.422500e+01  1.510000e+00
   endloop
 endfacet
 facet normal -6.087614e-01 -7.933533e-01  0.000000e+00
   outer loop
     vertex  1.182500e+02 -8.404199e+01  0.000000e+00
     vertex  1.183536e+02 -8.412145e+01  1.510000e+00
     vertex  1.182500e+02 -8.404199e+01  1.510000e+00
   endloop
 endfacet
 facet normal -6.087614e-01 -7.933533e-01  0.000000e+00
   outer loop
     vertex  1.182500e+02 -8.404199e+01  0.000000e+00
     vertex  1.183536e+02 -8.412145e+01  0.000000e+00
     vertex  1.183536e+02 -8.412145e+01  1.510000e+00
   endloop
 endfacet
 facet normal -3.826834e-01 -9.238795e-01  0.000000e+00
   outer loop
     vertex  1.181294e+02 -8.399204e+01  0.000000e+00
     vertex  1.182500e+02 -8.404199e+01  1.510000e+00
     vertex  1.181294e+02 -8.399204e+01  1.510000e+00
   endloop
 endfacet
 facet normal -3.826834e-01 -9.238795e-01  0.000000e+00
   outer loop
     vertex  1.181294e+02 -8.399204e+01  0.000000e+00
     vertex  1.182500e+02 -8.404199e+01  0.000000e+00
     vertex  1.182500e+02 -8.404199e+01  1.510000e+00
   endloop
 endfacet
 facet normal -1.305262e-01 -9.914449e-01  0.000000e+00
   outer loop
     vertex  1.180000e+02 -8.397500e+01  0.000000e+00
     vertex  1.181294e+02 -8.399204e+01  1.510000e+00
     vertex  1.180000e+02 -8.397500e+01  1.510000e+00
   endloop
 endfacet
 facet normal -1.305262e-01 -9.914449e-01  0.000000e+00
   outer loop
     vertex  1.180000e+02 -8.397500e+01  0.000000e+00
     vertex  1.181294e+02 -8.399204e+01  0.000000e+00
     vertex  1.181294e+02 -8.399204e+01  1.510000e+00
   endloop
 endfacet
 facet normal  1.305262e-01 -9.914449e-01  0.000000e+00
   outer loop
     vertex  1.178706e+02 -8.399204e+01  0.000000e+00
     vertex  1.180000e+02 -8.397500e+01  1.510000e+00
     vertex  1.178706e+02 -8.399204e+01  1.510000e+00
   endloop
 endfacet
 facet normal  1.305262e-01 -9.914449e-01  0.000000e+00
   outer loop
     vertex  1.178706e+02 -8.399204e+01  0.000000e+00
     vertex  1.180000e+02 -8.397500e+01  0.000000e+00
     vertex  1.180000e+02 -8.397500e+01  1.510000e+00
   endloop
 endfacet
 facet normal  3.826834e-01 -9.238795e-01  0.000000e+00
   outer loop
     vertex  1.177500e+02 -8.404199e+01  0.000000e+00
     vertex  1.178706e+02 -8.399204e+01  0.000000e+00
     vertex  1.178706e+02 -8.399204e+01  1.510000e+00
   endloop
 endfacet
 facet normal  3.826834e-01 -9.238795e-01  0.000000e+00
   outer loop
     vertex  1.177500e+02 -8.404199e+01  0.000000e+00
     vertex  1.178706e+02 -8.399204e+01  1.510000e+00
     vertex  1.177500e+02 -8.404199e+01  1.510000e+00
   endloop
 endfacet
 facet normal  6.087614e-01 -7.933533e-01  0.000000e+00
   outer loop
     vertex  1.176464e+02 -8.412145e+01  0.000000e+00
     vertex  1.177500e+02 -8.404199e+01  0.000000e+00
     vertex  1.177500e+02 -8.404199e+01  1.510000e+00
   endloop
 endfacet
 facet normal  7.933533e-01 -6.087614e-01  0.000000e+00
   outer loop
     vertex  1.176464e+02 -8.412145e+01  0.000000e+00
     vertex  1.176464e+02 -8.412145e+01  1.510000e+00
     vertex  1.175670e+02 -8.422500e+01  1.510000e+00
   endloop
 endfacet
 facet normal  6.087614e-01 -7.933533e-01  0.000000e+00
   outer loop
     vertex  1.176464e+02 -8.412145e+01  0.000000e+00
     vertex  1.177500e+02 -8.404199e+01  1.510000e+00
     vertex  1.176464e+02 -8.412145e+01  1.510000e+00
   endloop
 endfacet
 facet normal  7.933533e-01 -6.087614e-01  0.000000e+00
   outer loop
     vertex  1.175670e+02 -8.422500e+01  0.000000e+00
     vertex  1.176464e+02 -8.412145e+01  0.000000e+00
     vertex  1.175670e+02 -8.422500e+01  1.510000e+00
   endloop
 endfacet
 facet normal  9.238795e-01 -3.826834e-01  0.000000e+00
   outer loop
     vertex  1.175670e+02 -8.422500e+01  0.000000e+00
     vertex  1.175670e+02 -8.422500e+01  1.510000e+00
     vertex  1.175170e+02 -8.434559e+01  1.510000e+00
   endloop
 endfacet
 facet normal  9.238795e-01 -3.826834e-01  0.000000e+00
   outer loop
     vertex  1.175170e+02 -8.434559e+01  0.000000e+00
     vertex  1.175670e+02 -8.422500e+01  0.000000e+00
     vertex  1.175170e+02 -8.434559e+01  1.510000e+00
   endloop
 endfacet
 facet normal  9.914449e-01 -1.305262e-01  0.000000e+00
   outer loop
     vertex  1.175000e+02 -8.447500e+01  0.000000e+00
     vertex  1.175170e+02 -8.434559e+01  0.000000e+00
     vertex  1.175170e+02 -8.434559e+01  1.510000e+00
   endloop
 endfacet
 facet normal  9.914449e-01 -1.305262e-01  0.000000e+00
   outer loop
     vertex  1.175000e+02 -8.447500e+01  0.000000e+00
     vertex  1.175170e+02 -8.434559e+01  1.510000e+00
     vertex  1.175000e+02 -8.447500e+01  1.510000e+00
   endloop
 endfacet
 facet normal  9.914449e-01  1.305262e-01 -0.000000e+00
   outer loop
     vertex  1.175170e+02 -8.460441e+01  0.000000e+00
     vertex  1.175000e+02 -8.447500e+01  1.510000e+00
     vertex  1.175170e+02 -8.460441e+01  1.510000e+00
   endloop
 endfacet
 facet normal  9.914449e-01  1.305262e-01  0.000000e+00
   outer loop
     vertex  1.175170e+02 -8.460441e+01  0.000000e+00
     vertex  1.175000e+02 -8.447500e+01  0.000000e+00
     vertex  1.175000e+02 -8.447500e+01  1.510000e+00
   endloop
 endfacet
 facet normal  9.238795e-01  3.826834e-01 -0.000000e+00
   outer loop
     vertex  1.175670e+02 -8.472500e+01  0.000000e+00
     vertex  1.175170e+02 -8.460441e+01  1.510000e+00
     vertex  1.175670e+02 -8.472500e+01  1.510000e+00
   endloop
 endfacet
 facet normal  9.238795e-01  3.826834e-01  0.000000e+00
   outer loop
     vertex  1.175670e+02 -8.472500e+01  0.000000e+00
     vertex  1.175170e+02 -8.460441e+01  0.000000e+00
     vertex  1.175170e+02 -8.460441e+01  1.510000e+00
   endloop
 endfacet
 facet normal  6.087614e-01  7.933533e-01 -0.000000e+00
   outer loop
     vertex  1.176464e+02 -8.482855e+01  0.000000e+00
     vertex  1.176464e+02 -8.482855e+01  1.510000e+00
     vertex  1.177500e+02 -8.490801e+01  1.510000e+00
   endloop
 endfacet
 facet normal  7.933533e-01  6.087614e-01 -0.000000e+00
   outer loop
     vertex  1.176464e+02 -8.482855e+01  0.000000e+00
     vertex  1.175670e+02 -8.472500e+01  1.510000e+00
     vertex  1.176464e+02 -8.482855e+01  1.510000e+00
   endloop
 endfacet
 facet normal  7.933533e-01  6.087614e-01  0.000000e+00
   outer loop
     vertex  1.176464e+02 -8.482855e+01  0.000000e+00
     vertex  1.175670e+02 -8.472500e+01  0.000000e+00
     vertex  1.175670e+02 -8.472500e+01  1.510000e+00
   endloop
 endfacet
 facet normal  6.087614e-01  7.933533e-01 -0.000000e+00
   outer loop
     vertex  1.177500e+02 -8.490801e+01  0.000000e+00
     vertex  1.176464e+02 -8.482855e+01  0.000000e+00
     vertex  1.177500e+02 -8.490801e+01  1.510000e+00
   endloop
 endfacet
 facet normal  3.826834e-01  9.238795e-01 -0.000000e+00
   outer loop
     vertex  1.178706e+02 -8.495796e+01  0.000000e+00
     vertex  1.177500e+02 -8.490801e+01  1.510000e+00
     vertex  1.178706e+02 -8.495796e+01  1.510000e+00
   endloop
 endfacet
 facet normal  3.826834e-01  9.238795e-01  0.000000e+00
   outer loop
     vertex  1.178706e+02 -8.495796e+01  0.000000e+00
     vertex  1.177500e+02 -8.490801e+01  0.000000e+00
     vertex  1.177500e+02 -8.490801e+01  1.510000e+00
   endloop
 endfacet
 facet normal  1.305262e-01  9.914449e-01 -0.000000e+00
   outer loop
     vertex  1.180000e+02 -8.497500e+01  0.000000e+00
     vertex  1.178706e+02 -8.495796e+01  1.510000e+00
     vertex  1.180000e+02 -8.497500e+01  1.510000e+00
   endloop
 endfacet
 facet normal  1.305262e-01  9.914449e-01  0.000000e+00
   outer loop
     vertex  1.180000e+02 -8.497500e+01  0.000000e+00
     vertex  1.178706e+02 -8.495796e+01  0.000000e+00
     vertex  1.178706e+02 -8.495796e+01  1.510000e+00
   endloop
 endfacet
 facet normal -1.305262e-01  9.914449e-01  0.000000e+00
   outer loop
     vertex  1.226294e+02 -8.495797e+01  0.000000e+00
     vertex  1.225000e+02 -8.497500e+01  0.000000e+00
     vertex  1.225000e+02 -8.497500e+01  1.510000e+00
   endloop
 endfacet
 facet normal -1.305262e-01  9.914449e-01  0.000000e+00
   outer loop
     vertex  1.226294e+02 -8.495797e+01  0.000000e+00
     vertex  1.225000e+02 -8.497500e+01  1.510000e+00
     vertex  1.226294e+02 -8.495797e+01  1.510000e+00
   endloop
 endfacet
 facet normal -3.826834e-01  9.238795e-01  0.000000e+00
   outer loop
     vertex  1.227500e+02 -8.490802e+01  0.000000e+00
     vertex  1.226294e+02 -8.495797e+01  1.510000e+00
     vertex  1.227500e+02 -8.490802e+01  1.510000e+00
   endloop
 endfacet
 facet normal -3.826834e-01  9.238795e-01  0.000000e+00
   outer loop
     vertex  1.227500e+02 -8.490802e+01  0.000000e+00
     vertex  1.226294e+02 -8.495797e+01  0.000000e+00
     vertex  1.226294e+02 -8.495797e+01  1.510000e+00
   endloop
 endfacet
 facet normal -6.087614e-01  7.933533e-01  0.000000e+00
   outer loop
     vertex  1.228536e+02 -8.482856e+01  0.000000e+00
     vertex  1.227500e+02 -8.490802e+01  1.510000e+00
     vertex  1.228536e+02 -8.482856e+01  1.510000e+00
   endloop
 endfacet
 facet normal -6.087614e-01  7.933533e-01  0.000000e+00
   outer loop
     vertex  1.228536e+02 -8.482856e+01  0.000000e+00
     vertex  1.227500e+02 -8.490802e+01  0.000000e+00
     vertex  1.227500e+02 -8.490802e+01  1.510000e+00
   endloop
 endfacet
 facet normal -7.933533e-01  6.087614e-01  0.000000e+00
   outer loop
     vertex  1.229330e+02 -8.472500e+01  0.000000e+00
     vertex  1.228536e+02 -8.482856e+01  1.510000e+00
     vertex  1.229330e+02 -8.472500e+01  1.510000e+00
   endloop
 endfacet
 facet normal -7.933533e-01  6.087614e-01  0.000000e+00
   outer loop
     vertex  1.229330e+02 -8.472500e+01  0.000000e+00
     vertex  1.228536e+02 -8.482856e+01  0.000000e+00
     vertex  1.228536e+02 -8.482856e+01  1.510000e+00
   endloop
 endfacet
 facet normal -9.238795e-01  3.826834e-01  0.000000e+00
   outer loop
     vertex  1.229830e+02 -8.460441e+01  0.000000e+00
     vertex  1.229330e+02 -8.472500e+01  1.510000e+00
     vertex  1.229830e+02 -8.460441e+01  1.510000e+00
   endloop
 endfacet
 facet normal -9.238795e-01  3.826834e-01  0.000000e+00
   outer loop
     vertex  1.229830e+02 -8.460441e+01  0.000000e+00
     vertex  1.229330e+02 -8.472500e+01  0.000000e+00
     vertex  1.229330e+02 -8.472500e+01  1.510000e+00
   endloop
 endfacet
 facet normal -9.914449e-01  1.305262e-01  0.000000e+00
   outer loop
     vertex  1.230000e+02 -8.447500e+01  0.000000e+00
     vertex  1.229830e+02 -8.460441e+01  1.510000e+00
     vertex  1.230000e+02 -8.447500e+01  1.510000e+00
   endloop
 endfacet
 facet normal -9.914449e-01  1.305262e-01  0.000000e+00
   outer loop
     vertex  1.230000e+02 -8.447500e+01  0.000000e+00
     vertex  1.229830e+02 -8.460441e+01  0.000000e+00
     vertex  1.229830e+02 -8.460441e+01  1.510000e+00
   endloop
 endfacet
 facet normal -9.914449e-01 -1.305262e-01  0.000000e+00
   outer loop
     vertex  1.229830e+02 -8.434559e+01  0.000000e+00
     vertex  1.230000e+02 -8.447500e+01  1.510000e+00
     vertex  1.229830e+02 -8.434559e+01  1.510000e+00
   endloop
 endfacet
 facet normal -9.914449e-01 -1.305262e-01  0.000000e+00
   outer loop
     vertex  1.229830e+02 -8.434559e+01  0.000000e+00
     vertex  1.230000e+02 -8.447500e+01  0.000000e+00
     vertex  1.230000e+02 -8.447500e+01  1.510000e+00
   endloop
 endfacet
 facet normal -9.238795e-01 -3.826834e-01  0.000000e+00
   outer loop
     vertex  1.229330e+02 -8.422500e+01  0.000000e+00
     vertex  1.229830e+02 -8.434559e+01  1.510000e+00
     vertex  1.229330e+02 -8.422500e+01  1.510000e+00
   endloop
 endfacet
 facet normal -9.238795e-01 -3.826834e-01  0.000000e+00
   outer loop
     vertex  1.229330e+02 -8.422500e+01  0.000000e+00
     vertex  1.229830e+02 -8.434559e+01  0.000000e+00
     vertex  1.229830e+02 -8.434559e+01  1.510000e+00
   endloop
 endfacet
 facet normal -7.933533e-01 -6.087614e-01  0.000000e+00
   outer loop
     vertex  1.228536e+02 -8.412145e+01  0.000000e+00
     vertex  1.229330e+02 -8.422500e+01  1.510000e+00
     vertex  1.228536e+02 -8.412145e+01  1.510000e+00
   endloop
 endfacet
 facet normal -7.933533e-01 -6.087614e-01  0.000000e+00
   outer loop
     vertex  1.228536e+02 -8.412145e+01  0.000000e+00
     vertex  1.229330e+02 -8.422500e+01  0.000000e+00
     vertex  1.229330e+02 -8.422500e+01  1.510000e+00
   endloop
 endfacet
 facet normal -6.087614e-01 -7.933533e-01  0.000000e+00
   outer loop
     vertex  1.227500e+02 -8.404199e+01  0.000000e+00
     vertex  1.228536e+02 -8.412145e+01  1.510000e+00
     vertex  1.227500e+02 -8.404199e+01  1.510000e+00
   endloop
 endfacet
 facet normal -6.087614e-01 -7.933533e-01  0.000000e+00
   outer loop
     vertex  1.227500e+02 -8.404199e+01  0.000000e+00
     vertex  1.228536e+02 -8.412145e+01  0.000000e+00
     vertex  1.228536e+02 -8.412145e+01  1.510000e+00
   endloop
 endfacet
 facet normal -3.826834e-01 -9.238795e-01  0.000000e+00
   outer loop
     vertex  1.226294e+02 -8.399204e+01  0.000000e+00
     vertex  1.227500e+02 -8.404199e+01  1.510000e+00
     vertex  1.226294e+02 -8.399204e+01  1.510000e+00
   endloop
 endfacet
 facet normal -3.826834e-01 -9.238795e-01  0.000000e+00
   outer loop
     vertex  1.226294e+02 -8.399204e+01  0.000000e+00
     vertex  1.227500e+02 -8.404199e+01  0.000000e+00
     vertex  1.227500e+02 -8.404199e+01  1.510000e+00
   endloop
 endfacet
 facet normal -1.305262e-01 -9.914449e-01  0.000000e+00
   outer loop
     vertex  1.225000e+02 -8.397500e+01  0.000000e+00
     vertex  1.226294e+02 -8.399204e+01  1.510000e+00
     vertex  1.225000e+02 -8.397500e+01  1.510000e+00
   endloop
 endfacet
 facet normal -1.305262e-01 -9.914449e-01  0.000000e+00
   outer loop
     vertex  1.225000e+02 -8.397500e+01  0.000000e+00
     vertex  1.226294e+02 -8.399204e+01  0.000000e+00
     vertex  1.226294e+02 -8.399204e+01  1.510000e+00
   endloop
 endfacet
 facet normal  1.305262e-01 -9.914449e-01  0.000000e+00
   outer loop
     vertex  1.223706e+02 -8.399204e+01  0.000000e+00
     vertex  1.225000e+02 -8.397500e+01  1.510000e+00
     vertex  1.223706e+02 -8.399204e+01  1.510000e+00
   endloop
 endfacet
 facet normal  1.305262e-01 -9.914449e-01  0.000000e+00
   outer loop
     vertex  1.223706e+02 -8.399204e+01  0.000000e+00
     vertex  1.225000e+02 -8.397500e+01  0.000000e+00
     vertex  1.225000e+02 -8.397500e+01  1.510000e+00
   endloop
 endfacet
 facet normal  3.826834e-01 -9.238795e-01  0.000000e+00
   outer loop
     vertex  1.222500e+02 -8.404199e+01  0.000000e+00
     vertex  1.223706e+02 -8.399204e+01  0.000000e+00
     vertex  1.223706e+02 -8.399204e+01  1.510000e+00
   endloop
 endfacet
 facet normal  3.826834e-01 -9.238795e-01  0.000000e+00
   outer loop
     vertex  1.222500e+02 -8.404199e+01  0.000000e+00
     vertex  1.223706e+02 -8.399204e+01  1.510000e+00
     vertex  1.222500e+02 -8.404199e+01  1.510000e+00
   endloop
 endfacet
 facet normal  6.087614e-01 -7.933533e-01  0.000000e+00
   outer loop
     vertex  1.221464e+02 -8.412145e+01  0.000000e+00
     vertex  1.222500e+02 -8.404199e+01  0.000000e+00
     vertex  1.222500e+02 -8.404199e+01  1.510000e+00
   endloop
 endfacet
 facet normal  7.933533e-01 -6.087614e-01  0.000000e+00
   outer loop
     vertex  1.221464e+02 -8.412145e+01  0.000000e+00
     vertex  1.221464e+02 -8.412145e+01  1.510000e+00
     vertex  1.220670e+02 -8.422500e+01  1.510000e+00
   endloop
 endfacet
 facet normal  6.087614e-01 -7.933533e-01  0.000000e+00
   outer loop
     vertex  1.221464e+02 -8.412145e+01  0.000000e+00
     vertex  1.222500e+02 -8.404199e+01  1.510000e+00
     vertex  1.221464e+02 -8.412145e+01  1.510000e+00
   endloop
 endfacet
 facet normal  7.933533e-01 -6.087614e-01  0.000000e+00
   outer loop
     vertex  1.220670e+02 -8.422500e+01  0.000000e+00
     vertex  1.221464e+02 -8.412145e+01  0.000000e+00
     vertex  1.220670e+02 -8.422500e+01  1.510000e+00
   endloop
 endfacet
 facet normal  9.238795e-01 -3.826834e-01  0.000000e+00
   outer loop
     vertex  1.220670e+02 -8.422500e+01  0.000000e+00
     vertex  1.220670e+02 -8.422500e+01  1.510000e+00
     vertex  1.220170e+02 -8.434559e+01  1.510000e+00
   endloop
 endfacet
 facet normal  9.238795e-01 -3.826834e-01  0.000000e+00
   outer loop
     vertex  1.220170e+02 -8.434559e+01  0.000000e+00
     vertex  1.220670e+02 -8.422500e+01  0.000000e+00
     vertex  1.220170e+02 -8.434559e+01  1.510000e+00
   endloop
 endfacet
 facet normal  9.914449e-01 -1.305262e-01  0.000000e+00
   outer loop
     vertex  1.220000e+02 -8.447500e+01  0.000000e+00
     vertex  1.220170e+02 -8.434559e+01  0.000000e+00
     vertex  1.220170e+02 -8.434559e+01  1.510000e+00
   endloop
 endfacet
 facet normal  9.914449e-01 -1.305262e-01  0.000000e+00
   outer loop
     vertex  1.220000e+02 -8.447500e+01  0.000000e+00
     vertex  1.220170e+02 -8.434559e+01  1.510000e+00
     vertex  1.220000e+02 -8.447500e+01  1.510000e+00
   endloop
 endfacet
 facet normal  9.914449e-01  1.305262e-01 -0.000000e+00
   outer loop
     vertex  1.220170e+02 -8.460441e+01  0.000000e+00
     vertex  1.220000e+02 -8.447500e+01  1.510000e+00
     vertex  1.220170e+02 -8.460441e+01  1.510000e+00
   endloop
 endfacet
 facet normal  9.914449e-01  1.305262e-01  0.000000e+00
   outer loop
     vertex  1.220170e+02 -8.460441e+01  0.000000e+00
     vertex  1.220000e+02 -8.447500e+01  0.000000e+00
     vertex  1.220000e+02 -8.447500e+01  1.510000e+00
   endloop
 endfacet
 facet normal  9.238795e-01  3.826834e-01 -0.000000e+00
   outer loop
     vertex  1.220670e+02 -8.472500e+01  0.000000e+00
     vertex  1.220170e+02 -8.460441e+01  1.510000e+00
     vertex  1.220670e+02 -8.472500e+01  1.510000e+00
   endloop
 endfacet
 facet normal  9.238795e-01  3.826834e-01  0.000000e+00
   outer loop
     vertex  1.220670e+02 -8.472500e+01  0.000000e+00
     vertex  1.220170e+02 -8.460441e+01  0.000000e+00
     vertex  1.220170e+02 -8.460441e+01  1.510000e+00
   endloop
 endfacet
 facet normal  6.087614e-01  7.933533e-01 -0.000000e+00
   outer loop
     vertex  1.221464e+02 -8.482856e+01  0.000000e+00
     vertex  1.221464e+02 -8.482856e+01  1.510000e+00
     vertex  1.222500e+02 -8.490802e+01  1.510000e+00
   endloop
 endfacet
 facet normal  7.933533e-01  6.087614e-01 -0.000000e+00
   outer loop
     vertex  1.221464e+02 -8.482856e+01  0.000000e+00
     vertex  1.220670e+02 -8.472500e+01  1.510000e+00
     vertex  1.221464e+02 -8.482856e+01  1.510000e+00
   endloop
 endfacet
 facet normal  7.933533e-01  6.087614e-01  0.000000e+00
   outer loop
     vertex  1.221464e+02 -8.482856e+01  0.000000e+00
     vertex  1.220670e+02 -8.472500e+01  0.000000e+00
     vertex  1.220670e+02 -8.472500e+01  1.510000e+00
   endloop
 endfacet
 facet normal  6.087614e-01  7.933533e-01 -0.000000e+00
   outer loop
     vertex  1.222500e+02 -8.490802e+01  0.000000e+00
     vertex  1.221464e+02 -8.482856e+01  0.000000e+00
     vertex  1.222500e+02 -8.490802e+01  1.510000e+00
   endloop
 endfacet
 facet normal  3.826834e-01  9.238795e-01 -0.000000e+00
   outer loop
     vertex  1.223706e+02 -8.495797e+01  0.000000e+00
     vertex  1.222500e+02 -8.490802e+01  1.510000e+00
     vertex  1.223706e+02 -8.495797e+01  1.510000e+00
   endloop
 endfacet
 facet normal  3.826834e-01  9.238795e-01  0.000000e+00
   outer loop
     vertex  1.223706e+02 -8.495797e+01  0.000000e+00
     vertex  1.222500e+02 -8.490802e+01  0.000000e+00
     vertex  1.222500e+02 -8.490802e+01  1.510000e+00
   endloop
 endfacet
 facet normal  1.305262e-01  9.914449e-01 -0.000000e+00
   outer loop
     vertex  1.225000e+02 -8.497500e+01  0.000000e+00
     vertex  1.223706e+02 -8.495797e+01  1.510000e+00
     vertex  1.225000e+02 -8.497500e+01  1.510000e+00
   endloop
 endfacet
 facet normal  1.305262e-01  9.914449e-01  0.000000e+00
   outer loop
     vertex  1.225000e+02 -8.497500e+01  0.000000e+00
     vertex  1.223706e+02 -8.495797e+01  0.000000e+00
     vertex  1.223706e+02 -8.495797e+01  1.510000e+00
   endloop
 endfacet
 facet normal -1.305262e-01  9.914449e-01  0.000000e+00
   outer loop
     vertex  1.293323e+02 -9.089833e+01  0.000000e+00
     vertex  1.287500e+02 -9.097500e+01  0.000000e+00
     vertex  1.287500e+02 -9.097500e+01  1.510000e+00
   endloop
 endfacet
 facet normal -1.305262e-01  9.914449e-01  0.000000e+00
   outer loop
     vertex  1.293323e+02 -9.089833e+01  0.000000e+00
     vertex  1.287500e+02 -9.097500e+01  1.510000e+00
     vertex  1.293323e+02 -9.089833e+01  1.510000e+00
   endloop
 endfacet
 facet normal -3.826834e-01  9.238795e-01  0.000000e+00
   outer loop
     vertex  1.298750e+02 -9.067356e+01  0.000000e+00
     vertex  1.293323e+02 -9.089833e+01  1.510000e+00
     vertex  1.298750e+02 -9.067356e+01  1.510000e+00
   endloop
 endfacet
 facet normal -3.826834e-01  9.238795e-01  0.000000e+00
   outer loop
     vertex  1.298750e+02 -9.067356e+01  0.000000e+00
     vertex  1.293323e+02 -9.089833e+01  0.000000e+00
     vertex  1.293323e+02 -9.089833e+01  1.510000e+00
   endloop
 endfacet
 facet normal -6.087614e-01  7.933533e-01  0.000000e+00
   outer loop
     vertex  1.303410e+02 -9.031599e+01  0.000000e+00
     vertex  1.298750e+02 -9.067356e+01  1.510000e+00
     vertex  1.303410e+02 -9.031599e+01  1.510000e+00
   endloop
 endfacet
 facet normal -6.087614e-01  7.933533e-01  0.000000e+00
   outer loop
     vertex  1.303410e+02 -9.031599e+01  0.000000e+00
     vertex  1.298750e+02 -9.067356e+01  0.000000e+00
     vertex  1.298750e+02 -9.067356e+01  1.510000e+00
   endloop
 endfacet
 facet normal -7.933533e-01  6.087614e-01  0.000000e+00
   outer loop
     vertex  1.306986e+02 -8.985000e+01  0.000000e+00
     vertex  1.303410e+02 -9.031599e+01  1.510000e+00
     vertex  1.306986e+02 -8.985000e+01  1.510000e+00
   endloop
 endfacet
 facet normal -7.933533e-01  6.087614e-01  0.000000e+00
   outer loop
     vertex  1.306986e+02 -8.985000e+01  0.000000e+00
     vertex  1.303410e+02 -9.031599e+01  0.000000e+00
     vertex  1.303410e+02 -9.031599e+01  1.510000e+00
   endloop
 endfacet
 facet normal -9.238795e-01  3.826834e-01  0.000000e+00
   outer loop
     vertex  1.309233e+02 -8.930734e+01  0.000000e+00
     vertex  1.306986e+02 -8.985000e+01  1.510000e+00
     vertex  1.309233e+02 -8.930734e+01  1.510000e+00
   endloop
 endfacet
 facet normal -9.238795e-01  3.826834e-01  0.000000e+00
   outer loop
     vertex  1.309233e+02 -8.930734e+01  0.000000e+00
     vertex  1.306986e+02 -8.985000e+01  0.000000e+00
     vertex  1.306986e+02 -8.985000e+01  1.510000e+00
   endloop
 endfacet
 facet normal -9.914449e-01  1.305262e-01  0.000000e+00
   outer loop
     vertex  1.310000e+02 -8.872500e+01  0.000000e+00
     vertex  1.309233e+02 -8.930734e+01  1.510000e+00
     vertex  1.310000e+02 -8.872500e+01  1.510000e+00
   endloop
 endfacet
 facet normal -9.914449e-01  1.305262e-01  0.000000e+00
   outer loop
     vertex  1.310000e+02 -8.872500e+01  0.000000e+00
     vertex  1.309233e+02 -8.930734e+01  0.000000e+00
     vertex  1.309233e+02 -8.930734e+01  1.510000e+00
   endloop
 endfacet
 facet normal -9.914449e-01 -1.305262e-01  0.000000e+00
   outer loop
     vertex  1.309233e+02 -8.814266e+01  0.000000e+00
     vertex  1.310000e+02 -8.872500e+01  1.510000e+00
     vertex  1.309233e+02 -8.814266e+01  1.510000e+00
   endloop
 endfacet
 facet normal -9.914449e-01 -1.305262e-01  0.000000e+00
   outer loop
     vertex  1.309233e+02 -8.814266e+01  0.000000e+00
     vertex  1.310000e+02 -8.872500e+01  0.000000e+00
     vertex  1.310000e+02 -8.872500e+01  1.510000e+00
   endloop
 endfacet
 facet normal -9.238795e-01 -3.826834e-01  0.000000e+00
   outer loop
     vertex  1.306986e+02 -8.760000e+01  0.000000e+00
     vertex  1.309233e+02 -8.814266e+01  1.510000e+00
     vertex  1.306986e+02 -8.760000e+01  1.510000e+00
   endloop
 endfacet
 facet normal -9.238795e-01 -3.826834e-01  0.000000e+00
   outer loop
     vertex  1.306986e+02 -8.760000e+01  0.000000e+00
     vertex  1.309233e+02 -8.814266e+01  0.000000e+00
     vertex  1.309233e+02 -8.814266e+01  1.510000e+00
   endloop
 endfacet
 facet normal -7.933533e-01 -6.087614e-01  0.000000e+00
   outer loop
     vertex  1.303410e+02 -8.713401e+01  0.000000e+00
     vertex  1.306986e+02 -8.760000e+01  1.510000e+00
     vertex  1.303410e+02 -8.713401e+01  1.510000e+00
   endloop
 endfacet
 facet normal -7.933533e-01 -6.087614e-01  0.000000e+00
   outer loop
     vertex  1.303410e+02 -8.713401e+01  0.000000e+00
     vertex  1.306986e+02 -8.760000e+01  0.000000e+00
     vertex  1.306986e+02 -8.760000e+01  1.510000e+00
   endloop
 endfacet
 facet normal -6.087614e-01 -7.933533e-01  0.000000e+00
   outer loop
     vertex  1.298750e+02 -8.677644e+01  0.000000e+00
     vertex  1.303410e+02 -8.713401e+01  1.510000e+00
     vertex  1.298750e+02 -8.677644e+01  1.510000e+00
   endloop
 endfacet
 facet normal -6.087614e-01 -7.933533e-01  0.000000e+00
   outer loop
     vertex  1.298750e+02 -8.677644e+01  0.000000e+00
     vertex  1.303410e+02 -8.713401e+01  0.000000e+00
     vertex  1.303410e+02 -8.713401e+01  1.510000e+00
   endloop
 endfacet
 facet normal -3.826834e-01 -9.238795e-01  0.000000e+00
   outer loop
     vertex  1.293323e+02 -8.655167e+01  0.000000e+00
     vertex  1.298750e+02 -8.677644e+01  1.510000e+00
     vertex  1.293323e+02 -8.655167e+01  1.510000e+00
   endloop
 endfacet
 facet normal -3.826834e-01 -9.238795e-01  0.000000e+00
   outer loop
     vertex  1.293323e+02 -8.655167e+01  0.000000e+00
     vertex  1.298750e+02 -8.677644e+01  0.000000e+00
     vertex  1.298750e+02 -8.677644e+01  1.510000e+00
   endloop
 endfacet
 facet normal -1.305262e-01 -9.914449e-01  0.000000e+00
   outer loop
     vertex  1.287500e+02 -8.647500e+01  0.000000e+00
     vertex  1.293323e+02 -8.655167e+01  1.510000e+00
     vertex  1.287500e+02 -8.647500e+01  1.510000e+00
   endloop
 endfacet
 facet normal -1.305262e-01 -9.914449e-01  0.000000e+00
   outer loop
     vertex  1.287500e+02 -8.647500e+01  0.000000e+00
     vertex  1.293323e+02 -8.655167e+01  0.000000e+00
     vertex  1.293323e+02 -8.655167e+01  1.510000e+00
   endloop
 endfacet
 facet normal  1.305262e-01 -9.914449e-01  0.000000e+00
   outer loop
     vertex  1.281677e+02 -8.655167e+01  0.000000e+00
     vertex  1.287500e+02 -8.647500e+01  1.510000e+00
     vertex  1.281677e+02 -8.655167e+01  1.510000e+00
   endloop
 endfacet
 facet normal  1.305262e-01 -9.914449e-01  0.000000e+00
   outer loop
     vertex  1.281677e+02 -8.655167e+01  0.000000e+00
     vertex  1.287500e+02 -8.647500e+01  0.000000e+00
     vertex  1.287500e+02 -8.647500e+01  1.510000e+00
   endloop
 endfacet
 facet normal  3.826834e-01 -9.238795e-01  0.000000e+00
   outer loop
     vertex  1.276250e+02 -8.677644e+01  0.000000e+00
     vertex  1.281677e+02 -8.655167e+01  0.000000e+00
     vertex  1.281677e+02 -8.655167e+01  1.510000e+00
   endloop
 endfacet
 facet normal  3.826834e-01 -9.238795e-01  0.000000e+00
   outer loop
     vertex  1.276250e+02 -8.677644e+01  0.000000e+00
     vertex  1.281677e+02 -8.655167e+01  1.510000e+00
     vertex  1.276250e+02 -8.677644e+01  1.510000e+00
   endloop
 endfacet
 facet normal  6.087614e-01 -7.933533e-01  0.000000e+00
   outer loop
     vertex  1.271590e+02 -8.713401e+01  0.000000e+00
     vertex  1.276250e+02 -8.677644e+01  0.000000e+00
     vertex  1.276250e+02 -8.677644e+01  1.510000e+00
   endloop
 endfacet
 facet normal  7.933533e-01 -6.087614e-01  0.000000e+00
   outer loop
     vertex  1.271590e+02 -8.713401e+01  0.000000e+00
     vertex  1.271590e+02 -8.713401e+01  1.510000e+00
     vertex  1.268014e+02 -8.760000e+01  1.510000e+00
   endloop
 endfacet
 facet normal  6.087614e-01 -7.933533e-01  0.000000e+00
   outer loop
     vertex  1.271590e+02 -8.713401e+01  0.000000e+00
     vertex  1.276250e+02 -8.677644e+01  1.510000e+00
     vertex  1.271590e+02 -8.713401e+01  1.510000e+00
   endloop
 endfacet
 facet normal  7.933533e-01 -6.087614e-01  0.000000e+00
   outer loop
     vertex  1.268014e+02 -8.760000e+01  0.000000e+00
     vertex  1.271590e+02 -8.713401e+01  0.000000e+00
     vertex  1.268014e+02 -8.760000e+01  1.510000e+00
   endloop
 endfacet
 facet normal  9.238795e-01 -3.826834e-01  0.000000e+00
   outer loop
     vertex  1.268014e+02 -8.760000e+01  0.000000e+00
     vertex  1.268014e+02 -8.760000e+01  1.510000e+00
     vertex  1.265767e+02 -8.814266e+01  1.510000e+00
   endloop
 endfacet
 facet normal  9.238795e-01 -3.826834e-01  0.000000e+00
   outer loop
     vertex  1.265767e+02 -8.814266e+01  0.000000e+00
     vertex  1.268014e+02 -8.760000e+01  0.000000e+00
     vertex  1.265767e+02 -8.814266e+01  1.510000e+00
   endloop
 endfacet
 facet normal  9.914449e-01 -1.305262e-01  0.000000e+00
   outer loop
     vertex  1.265000e+02 -8.872500e+01  0.000000e+00
     vertex  1.265767e+02 -8.814266e+01  0.000000e+00
     vertex  1.265767e+02 -8.814266e+01  1.510000e+00
   endloop
 endfacet
 facet normal  9.914449e-01 -1.305262e-01  0.000000e+00
   outer loop
     vertex  1.265000e+02 -8.872500e+01  0.000000e+00
     vertex  1.265767e+02 -8.814266e+01  1.510000e+00
     vertex  1.265000e+02 -8.872500e+01  1.510000e+00
   endloop
 endfacet
 facet normal  9.914449e-01  1.305262e-01 -0.000000e+00
   outer loop
     vertex  1.265767e+02 -8.930734e+01  0.000000e+00
     vertex  1.265000e+02 -8.872500e+01  1.510000e+00
     vertex  1.265767e+02 -8.930734e+01  1.510000e+00
   endloop
 endfacet
 facet normal  9.914449e-01  1.305262e-01  0.000000e+00
   outer loop
     vertex  1.265767e+02 -8.930734e+01  0.000000e+00
     vertex  1.265000e+02 -8.872500e+01  0.000000e+00
     vertex  1.265000e+02 -8.872500e+01  1.510000e+00
   endloop
 endfacet
 facet normal  9.238795e-01  3.826834e-01 -0.000000e+00
   outer loop
     vertex  1.268014e+02 -8.985000e+01  0.000000e+00
     vertex  1.265767e+02 -8.930734e+01  1.510000e+00
     vertex  1.268014e+02 -8.985000e+01  1.510000e+00
   endloop
 endfacet
 facet normal  9.238795e-01  3.826834e-01  0.000000e+00
   outer loop
     vertex  1.268014e+02 -8.985000e+01  0.000000e+00
     vertex  1.265767e+02 -8.930734e+01  0.000000e+00
     vertex  1.265767e+02 -8.930734e+01  1.510000e+00
   endloop
 endfacet
 facet normal  6.087614e-01  7.933533e-01 -0.000000e+00
   outer loop
     vertex  1.271590e+02 -9.031599e+01  0.000000e+00
     vertex  1.271590e+02 -9.031599e+01  1.510000e+00
     vertex  1.276250e+02 -9.067356e+01  1.510000e+00
   endloop
 endfacet
 facet normal  7.933533e-01  6.087614e-01 -0.000000e+00
   outer loop
     vertex  1.271590e+02 -9.031599e+01  0.000000e+00
     vertex  1.268014e+02 -8.985000e+01  1.510000e+00
     vertex  1.271590e+02 -9.031599e+01  1.510000e+00
   endloop
 endfacet
 facet normal  7.933533e-01  6.087614e-01  0.000000e+00
   outer loop
     vertex  1.271590e+02 -9.031599e+01  0.000000e+00
     vertex  1.268014e+02 -8.985000e+01  0.000000e+00
     vertex  1.268014e+02 -8.985000e+01  1.510000e+00
   endloop
 endfacet
 facet normal  6.087614e-01  7.933533e-01 -0.000000e+00
   outer loop
     vertex  1.276250e+02 -9.067356e+01  0.000000e+00
     vertex  1.271590e+02 -9.031599e+01  0.000000e+00
     vertex  1.276250e+02 -9.067356e+01  1.510000e+00
   endloop
 endfacet
 facet normal  3.826834e-01  9.238795e-01 -0.000000e+00
   outer loop
     vertex  1.281677e+02 -9.089833e+01  0.000000e+00
     vertex  1.276250e+02 -9.067356e+01  1.510000e+00
     vertex  1.281677e+02 -9.089833e+01  1.510000e+00
   endloop
 endfacet
 facet normal  3.826834e-01  9.238795e-01  0.000000e+00
   outer loop
     vertex  1.281677e+02 -9.089833e+01  0.000000e+00
     vertex  1.276250e+02 -9.067356e+01  0.000000e+00
     vertex  1.276250e+02 -9.067356e+01  1.510000e+00
   endloop
 endfacet
 facet normal  1.305262e-01  9.914449e-01 -0.000000e+00
   outer loop
     vertex  1.287500e+02 -9.097500e+01  0.000000e+00
     vertex  1.281677e+02 -9.089833e+01  1.510000e+00
     vertex  1.287500e+02 -9.097500e+01  1.510000e+00
   endloop
 endfacet
 facet normal  1.305262e-01  9.914449e-01  0.000000e+00
   outer loop
     vertex  1.287500e+02 -9.097500e+01  0.000000e+00
     vertex  1.281677e+02 -9.089833e+01  0.000000e+00
     vertex  1.281677e+02 -9.089833e+01  1.510000e+00
   endloop
 endfacet
 facet normal -1.305262e-01  9.914449e-01  0.000000e+00
   outer loop
     vertex  1.180218e+02 -7.873922e+01  0.000000e+00
     vertex  1.177500e+02 -7.877500e+01  0.000000e+00
     vertex  1.177500e+02 -7.877500e+01  1.510000e+00
   endloop
 endfacet
 facet normal -1.305262e-01  9.914449e-01  0.000000e+00
   outer loop
     vertex  1.180218e+02 -7.873922e+01  0.000000e+00
     vertex  1.177500e+02 -7.877500e+01  1.510000e+00
     vertex  1.180218e+02 -7.873922e+01  1.510000e+00
   endloop
 endfacet
 facet normal -3.826834e-01  9.238795e-01  0.000000e+00
   outer loop
     vertex  1.182750e+02 -7.863433e+01  0.000000e+00
     vertex  1.180218e+02 -7.873922e+01  1.510000e+00
     vertex  1.182750e+02 -7.863433e+01  1.510000e+00
   endloop
 endfacet
 facet normal -3.826834e-01  9.238795e-01  0.000000e+00
   outer loop
     vertex  1.182750e+02 -7.863433e+01  0.000000e+00
     vertex  1.180218e+02 -7.873922e+01  0.000000e+00
     vertex  1.180218e+02 -7.873922e+01  1.510000e+00
   endloop
 endfacet
 facet normal -6.087614e-01  7.933533e-01  0.000000e+00
   outer loop
     vertex  1.184925e+02 -7.846746e+01  0.000000e+00
     vertex  1.182750e+02 -7.863433e+01  1.510000e+00
     vertex  1.184925e+02 -7.846746e+01  1.510000e+00
   endloop
 endfacet
 facet normal -6.087614e-01  7.933533e-01  0.000000e+00
   outer loop
     vertex  1.184925e+02 -7.846746e+01  0.000000e+00
     vertex  1.182750e+02 -7.863433e+01  0.000000e+00
     vertex  1.182750e+02 -7.863433e+01  1.510000e+00
   endloop
 endfacet
 facet normal -7.933533e-01  6.087614e-01  0.000000e+00
   outer loop
     vertex  1.186593e+02 -7.825000e+01  0.000000e+00
     vertex  1.184925e+02 -7.846746e+01  1.510000e+00
     vertex  1.186593e+02 -7.825000e+01  1.510000e+00
   endloop
 endfacet
 facet normal -7.933533e-01  6.087614e-01  0.000000e+00
   outer loop
     vertex  1.186593e+02 -7.825000e+01  0.000000e+00
     vertex  1.184925e+02 -7.846746e+01  0.000000e+00
     vertex  1.184925e+02 -7.846746e+01  1.510000e+00
   endloop
 endfacet
 facet normal -9.238795e-01  3.826834e-01  0.000000e+00
   outer loop
     vertex  1.187642e+02 -7.799676e+01  0.000000e+00
     vertex  1.186593e+02 -7.825000e+01  1.510000e+00
     vertex  1.187642e+02 -7.799676e+01  1.510000e+00
   endloop
 endfacet
 facet normal -9.238795e-01  3.826834e-01  0.000000e+00
   outer loop
     vertex  1.187642e+02 -7.799676e+01  0.000000e+00
     vertex  1.186593e+02 -7.825000e+01  0.000000e+00
     vertex  1.186593e+02 -7.825000e+01  1.510000e+00
   endloop
 endfacet
 facet normal -9.914449e-01  1.305262e-01  0.000000e+00
   outer loop
     vertex  1.188000e+02 -7.772500e+01  0.000000e+00
     vertex  1.187642e+02 -7.799676e+01  1.510000e+00
     vertex  1.188000e+02 -7.772500e+01  1.510000e+00
   endloop
 endfacet
 facet normal -9.914449e-01  1.305262e-01  0.000000e+00
   outer loop
     vertex  1.188000e+02 -7.772500e+01  0.000000e+00
     vertex  1.187642e+02 -7.799676e+01  0.000000e+00
     vertex  1.187642e+02 -7.799676e+01  1.510000e+00
   endloop
 endfacet
 facet normal -9.914449e-01 -1.305262e-01  0.000000e+00
   outer loop
     vertex  1.187642e+02 -7.745324e+01  0.000000e+00
     vertex  1.188000e+02 -7.772500e+01  1.510000e+00
     vertex  1.187642e+02 -7.745324e+01  1.510000e+00
   endloop
 endfacet
 facet normal -9.914449e-01 -1.305262e-01  0.000000e+00
   outer loop
     vertex  1.187642e+02 -7.745324e+01  0.000000e+00
     vertex  1.188000e+02 -7.772500e+01  0.000000e+00
     vertex  1.188000e+02 -7.772500e+01  1.510000e+00
   endloop
 endfacet
 facet normal -9.238795e-01 -3.826834e-01  0.000000e+00
   outer loop
     vertex  1.186593e+02 -7.720000e+01  0.000000e+00
     vertex  1.187642e+02 -7.745324e+01  1.510000e+00
     vertex  1.186593e+02 -7.720000e+01  1.510000e+00
   endloop
 endfacet
 facet normal -9.238795e-01 -3.826834e-01  0.000000e+00
   outer loop
     vertex  1.186593e+02 -7.720000e+01  0.000000e+00
     vertex  1.187642e+02 -7.745324e+01  0.000000e+00
     vertex  1.187642e+02 -7.745324e+01  1.510000e+00
   endloop
 endfacet
 facet normal -7.933533e-01 -6.087614e-01  0.000000e+00
   outer loop
     vertex  1.184925e+02 -7.698254e+01  0.000000e+00
     vertex  1.186593e+02 -7.720000e+01  1.510000e+00
     vertex  1.184925e+02 -7.698254e+01  1.510000e+00
   endloop
 endfacet
 facet normal -7.933533e-01 -6.087614e-01  0.000000e+00
   outer loop
     vertex  1.184925e+02 -7.698254e+01  0.000000e+00
     vertex  1.186593e+02 -7.720000e+01  0.000000e+00
     vertex  1.186593e+02 -7.720000e+01  1.510000e+00
   endloop
 endfacet
 facet normal -6.087614e-01 -7.933533e-01  0.000000e+00
   outer loop
     vertex  1.182750e+02 -7.681567e+01  0.000000e+00
     vertex  1.184925e+02 -7.698254e+01  1.510000e+00
     vertex  1.182750e+02 -7.681567e+01  1.510000e+00
   endloop
 endfacet
 facet normal -6.087614e-01 -7.933533e-01  0.000000e+00
   outer loop
     vertex  1.182750e+02 -7.681567e+01  0.000000e+00
     vertex  1.184925e+02 -7.698254e+01  0.000000e+00
     vertex  1.184925e+02 -7.698254e+01  1.510000e+00
   endloop
 endfacet
 facet normal -3.826834e-01 -9.238795e-01  0.000000e+00
   outer loop
     vertex  1.180218e+02 -7.671078e+01  0.000000e+00
     vertex  1.182750e+02 -7.681567e+01  1.510000e+00
     vertex  1.180218e+02 -7.671078e+01  1.510000e+00
   endloop
 endfacet
 facet normal -3.826834e-01 -9.238795e-01  0.000000e+00
   outer loop
     vertex  1.180218e+02 -7.671078e+01  0.000000e+00
     vertex  1.182750e+02 -7.681567e+01  0.000000e+00
     vertex  1.182750e+02 -7.681567e+01  1.510000e+00
   endloop
 endfacet
 facet normal -1.305262e-01 -9.914449e-01  0.000000e+00
   outer loop
     vertex  1.177500e+02 -7.667500e+01  0.000000e+00
     vertex  1.180218e+02 -7.671078e+01  1.510000e+00
     vertex  1.177500e+02 -7.667500e+01  1.510000e+00
   endloop
 endfacet
 facet normal -1.305262e-01 -9.914449e-01  0.000000e+00
   outer loop
     vertex  1.177500e+02 -7.667500e+01  0.000000e+00
     vertex  1.180218e+02 -7.671078e+01  0.000000e+00
     vertex  1.180218e+02 -7.671078e+01  1.510000e+00
   endloop
 endfacet
 facet normal  1.305262e-01 -9.914449e-01  0.000000e+00
   outer loop
     vertex  1.174782e+02 -7.671078e+01  0.000000e+00
     vertex  1.177500e+02 -7.667500e+01  1.510000e+00
     vertex  1.174782e+02 -7.671078e+01  1.510000e+00
   endloop
 endfacet
 facet normal  1.305262e-01 -9.914449e-01  0.000000e+00
   outer loop
     vertex  1.174782e+02 -7.671078e+01  0.000000e+00
     vertex  1.177500e+02 -7.667500e+01  0.000000e+00
     vertex  1.177500e+02 -7.667500e+01  1.510000e+00
   endloop
 endfacet
 facet normal  3.826834e-01 -9.238795e-01  0.000000e+00
   outer loop
     vertex  1.172250e+02 -7.681567e+01  0.000000e+00
     vertex  1.174782e+02 -7.671078e+01  0.000000e+00
     vertex  1.174782e+02 -7.671078e+01  1.510000e+00
   endloop
 endfacet
 facet normal  3.826834e-01 -9.238795e-01  0.000000e+00
   outer loop
     vertex  1.172250e+02 -7.681567e+01  0.000000e+00
     vertex  1.174782e+02 -7.671078e+01  1.510000e+00
     vertex  1.172250e+02 -7.681567e+01  1.510000e+00
   endloop
 endfacet
 facet normal  6.087614e-01 -7.933533e-01  0.000000e+00
   outer loop
     vertex  1.170075e+02 -7.698254e+01  0.000000e+00
     vertex  1.172250e+02 -7.681567e+01  0.000000e+00
     vertex  1.172250e+02 -7.681567e+01  1.510000e+00
   endloop
 endfacet
 facet normal  7.933533e-01 -6.087614e-01  0.000000e+00
   outer loop
     vertex  1.170075e+02 -7.698254e+01  0.000000e+00
     vertex  1.170075e+02 -7.698254e+01  1.510000e+00
     vertex  1.168407e+02 -7.720000e+01  1.510000e+00
   endloop
 endfacet
 facet normal  6.087614e-01 -7.933533e-01  0.000000e+00
   outer loop
     vertex  1.170075e+02 -7.698254e+01  0.000000e+00
     vertex  1.172250e+02 -7.681567e+01  1.510000e+00
     vertex  1.170075e+02 -7.698254e+01  1.510000e+00
   endloop
 endfacet
 facet normal  7.933533e-01 -6.087614e-01  0.000000e+00
   outer loop
     vertex  1.168407e+02 -7.720000e+01  0.000000e+00
     vertex  1.170075e+02 -7.698254e+01  0.000000e+00
     vertex  1.168407e+02 -7.720000e+01  1.510000e+00
   endloop
 endfacet
 facet normal  9.238795e-01 -3.826834e-01  0.000000e+00
   outer loop
     vertex  1.168407e+02 -7.720000e+01  0.000000e+00
     vertex  1.168407e+02 -7.720000e+01  1.510000e+00
     vertex  1.167358e+02 -7.745324e+01  1.510000e+00
   endloop
 endfacet
 facet normal  9.238795e-01 -3.826834e-01  0.000000e+00
   outer loop
     vertex  1.167358e+02 -7.745324e+01  0.000000e+00
     vertex  1.168407e+02 -7.720000e+01  0.000000e+00
     vertex  1.167358e+02 -7.745324e+01  1.510000e+00
   endloop
 endfacet
 facet normal  9.914449e-01 -1.305262e-01  0.000000e+00
   outer loop
     vertex  1.167000e+02 -7.772500e+01  0.000000e+00
     vertex  1.167358e+02 -7.745324e+01  0.000000e+00
     vertex  1.167358e+02 -7.745324e+01  1.510000e+00
   endloop
 endfacet
 facet normal  9.914449e-01 -1.305262e-01  0.000000e+00
   outer loop
     vertex  1.167000e+02 -7.772500e+01  0.000000e+00
     vertex  1.167358e+02 -7.745324e+01  1.510000e+00
     vertex  1.167000e+02 -7.772500e+01  1.510000e+00
   endloop
 endfacet
 facet normal  9.914449e-01  1.305262e-01 -0.000000e+00
   outer loop
     vertex  1.167358e+02 -7.799676e+01  0.000000e+00
     vertex  1.167000e+02 -7.772500e+01  1.510000e+00
     vertex  1.167358e+02 -7.799676e+01  1.510000e+00
   endloop
 endfacet
 facet normal  9.914449e-01  1.305262e-01  0.000000e+00
   outer loop
     vertex  1.167358e+02 -7.799676e+01  0.000000e+00
     vertex  1.167000e+02 -7.772500e+01  0.000000e+00
     vertex  1.167000e+02 -7.772500e+01  1.510000e+00
   endloop
 endfacet
 facet normal  9.238795e-01  3.826834e-01 -0.000000e+00
   outer loop
     vertex  1.168407e+02 -7.825000e+01  0.000000e+00
     vertex  1.167358e+02 -7.799676e+01  1.510000e+00
     vertex  1.168407e+02 -7.825000e+01  1.510000e+00
   endloop
 endfacet
 facet normal  9.238795e-01  3.826834e-01  0.000000e+00
   outer loop
     vertex  1.168407e+02 -7.825000e+01  0.000000e+00
     vertex  1.167358e+02 -7.799676e+01  0.000000e+00
     vertex  1.167358e+02 -7.799676e+01  1.510000e+00
   endloop
 endfacet
 facet normal  6.087614e-01  7.933533e-01 -0.000000e+00
   outer loop
     vertex  1.170075e+02 -7.846746e+01  0.000000e+00
     vertex  1.170075e+02 -7.846746e+01  1.510000e+00
     vertex  1.172250e+02 -7.863433e+01  1.510000e+00
   endloop
 endfacet
 facet normal  7.933533e-01  6.087614e-01 -0.000000e+00
   outer loop
     vertex  1.170075e+02 -7.846746e+01  0.000000e+00
     vertex  1.168407e+02 -7.825000e+01  1.510000e+00
     vertex  1.170075e+02 -7.846746e+01  1.510000e+00
   endloop
 endfacet
 facet normal  7.933533e-01  6.087614e-01  0.000000e+00
   outer loop
     vertex  1.170075e+02 -7.846746e+01  0.000000e+00
     vertex  1.168407e+02 -7.825000e+01  0.000000e+00
     vertex  1.168407e+02 -7.825000e+01  1.510000e+00
   endloop
 endfacet
 facet normal  6.087614e-01  7.933533e-01 -0.000000e+00
   outer loop
     vertex  1.172250e+02 -7.863433e+01  0.000000e+00
     vertex  1.170075e+02 -7.846746e+01  0.000000e+00
     vertex  1.172250e+02 -7.863433e+01  1.510000e+00
   endloop
 endfacet
 facet normal  3.826834e-01  9.238795e-01 -0.000000e+00
   outer loop
     vertex  1.174782e+02 -7.873922e+01  0.000000e+00
     vertex  1.172250e+02 -7.863433e+01  1.510000e+00
     vertex  1.174782e+02 -7.873922e+01  1.510000e+00
   endloop
 endfacet
 facet normal  3.826834e-01  9.238795e-01  0.000000e+00
   outer loop
     vertex  1.174782e+02 -7.873922e+01  0.000000e+00
     vertex  1.172250e+02 -7.863433e+01  0.000000e+00
     vertex  1.172250e+02 -7.863433e+01  1.510000e+00
   endloop
 endfacet
 facet normal  1.305262e-01  9.914449e-01 -0.000000e+00
   outer loop
     vertex  1.177500e+02 -7.877500e+01  0.000000e+00
     vertex  1.174782e+02 -7.873922e+01  1.510000e+00
     vertex  1.177500e+02 -7.877500e+01  1.510000e+00
   endloop
 endfacet
 facet normal  1.305262e-01  9.914449e-01  0.000000e+00
   outer loop
     vertex  1.177500e+02 -7.877500e+01  0.000000e+00
     vertex  1.174782e+02 -7.873922e+01  0.000000e+00
     vertex  1.174782e+02 -7.873922e+01  1.510000e+00
   endloop
 endfacet
 facet normal -1.305262e-01  9.914449e-01  0.000000e+00
   outer loop
     vertex  1.246544e+02 -8.295797e+01  0.000000e+00
     vertex  1.245250e+02 -8.297500e+01  0.000000e+00
     vertex  1.245250e+02 -8.297500e+01  1.510000e+00
   endloop
 endfacet
 facet normal -1.305262e-01  9.914449e-01  0.000000e+00
   outer loop
     vertex  1.246544e+02 -8.295797e+01  0.000000e+00
     vertex  1.245250e+02 -8.297500e+01  1.510000e+00
     vertex  1.246544e+02 -8.295797e+01  1.510000e+00
   endloop
 endfacet
 facet normal -3.826834e-01  9.238795e-01  0.000000e+00
   outer loop
     vertex  1.247750e+02 -8.290802e+01  0.000000e+00
     vertex  1.246544e+02 -8.295797e+01  1.510000e+00
     vertex  1.247750e+02 -8.290802e+01  1.510000e+00
   endloop
 endfacet
 facet normal -3.826834e-01  9.238795e-01  0.000000e+00
   outer loop
     vertex  1.247750e+02 -8.290802e+01  0.000000e+00
     vertex  1.246544e+02 -8.295797e+01  0.000000e+00
     vertex  1.246544e+02 -8.295797e+01  1.510000e+00
   endloop
 endfacet
 facet normal -6.087614e-01  7.933533e-01  0.000000e+00
   outer loop
     vertex  1.248786e+02 -8.282856e+01  0.000000e+00
     vertex  1.247750e+02 -8.290802e+01  1.510000e+00
     vertex  1.248786e+02 -8.282856e+01  1.510000e+00
   endloop
 endfacet
 facet normal -6.087614e-01  7.933533e-01  0.000000e+00
   outer loop
     vertex  1.248786e+02 -8.282856e+01  0.000000e+00
     vertex  1.247750e+02 -8.290802e+01  0.000000e+00
     vertex  1.247750e+02 -8.290802e+01  1.510000e+00
   endloop
 endfacet
 facet normal -7.933533e-01  6.087614e-01  0.000000e+00
   outer loop
     vertex  1.249580e+02 -8.272500e+01  0.000000e+00
     vertex  1.248786e+02 -8.282856e+01  1.510000e+00
     vertex  1.249580e+02 -8.272500e+01  1.510000e+00
   endloop
 endfacet
 facet normal -7.933533e-01  6.087614e-01  0.000000e+00
   outer loop
     vertex  1.249580e+02 -8.272500e+01  0.000000e+00
     vertex  1.248786e+02 -8.282856e+01  0.000000e+00
     vertex  1.248786e+02 -8.282856e+01  1.510000e+00
   endloop
 endfacet
 facet normal -9.238795e-01  3.826834e-01  0.000000e+00
   outer loop
     vertex  1.250080e+02 -8.260441e+01  0.000000e+00
     vertex  1.249580e+02 -8.272500e+01  1.510000e+00
     vertex  1.250080e+02 -8.260441e+01  1.510000e+00
   endloop
 endfacet
 facet normal -9.238795e-01  3.826834e-01  0.000000e+00
   outer loop
     vertex  1.250080e+02 -8.260441e+01  0.000000e+00
     vertex  1.249580e+02 -8.272500e+01  0.000000e+00
     vertex  1.249580e+02 -8.272500e+01  1.510000e+00
   endloop
 endfacet
 facet normal -9.914449e-01  1.305262e-01  0.000000e+00
   outer loop
     vertex  1.250250e+02 -8.247500e+01  0.000000e+00
     vertex  1.250080e+02 -8.260441e+01  1.510000e+00
     vertex  1.250250e+02 -8.247500e+01  1.510000e+00
   endloop
 endfacet
 facet normal -9.914449e-01  1.305262e-01  0.000000e+00
   outer loop
     vertex  1.250250e+02 -8.247500e+01  0.000000e+00
     vertex  1.250080e+02 -8.260441e+01  0.000000e+00
     vertex  1.250080e+02 -8.260441e+01  1.510000e+00
   endloop
 endfacet
 facet normal -9.914449e-01 -1.305262e-01  0.000000e+00
   outer loop
     vertex  1.250080e+02 -8.234559e+01  0.000000e+00
     vertex  1.250250e+02 -8.247500e+01  1.510000e+00
     vertex  1.250080e+02 -8.234559e+01  1.510000e+00
   endloop
 endfacet
 facet normal -9.914449e-01 -1.305262e-01  0.000000e+00
   outer loop
     vertex  1.250080e+02 -8.234559e+01  0.000000e+00
     vertex  1.250250e+02 -8.247500e+01  0.000000e+00
     vertex  1.250250e+02 -8.247500e+01  1.510000e+00
   endloop
 endfacet
 facet normal -9.238795e-01 -3.826834e-01  0.000000e+00
   outer loop
     vertex  1.249580e+02 -8.222500e+01  0.000000e+00
     vertex  1.250080e+02 -8.234559e+01  1.510000e+00
     vertex  1.249580e+02 -8.222500e+01  1.510000e+00
   endloop
 endfacet
 facet normal -9.238795e-01 -3.826834e-01  0.000000e+00
   outer loop
     vertex  1.249580e+02 -8.222500e+01  0.000000e+00
     vertex  1.250080e+02 -8.234559e+01  0.000000e+00
     vertex  1.250080e+02 -8.234559e+01  1.510000e+00
   endloop
 endfacet
 facet normal -7.933533e-01 -6.087614e-01  0.000000e+00
   outer loop
     vertex  1.248786e+02 -8.212145e+01  0.000000e+00
     vertex  1.249580e+02 -8.222500e+01  1.510000e+00
     vertex  1.248786e+02 -8.212145e+01  1.510000e+00
   endloop
 endfacet
 facet normal -7.933533e-01 -6.087614e-01  0.000000e+00
   outer loop
     vertex  1.248786e+02 -8.212145e+01  0.000000e+00
     vertex  1.249580e+02 -8.222500e+01  0.000000e+00
     vertex  1.249580e+02 -8.222500e+01  1.510000e+00
   endloop
 endfacet
 facet normal -6.087614e-01 -7.933533e-01  0.000000e+00
   outer loop
     vertex  1.247750e+02 -8.204199e+01  0.000000e+00
     vertex  1.248786e+02 -8.212145e+01  1.510000e+00
     vertex  1.247750e+02 -8.204199e+01  1.510000e+00
   endloop
 endfacet
 facet normal -6.087614e-01 -7.933533e-01  0.000000e+00
   outer loop
     vertex  1.247750e+02 -8.204199e+01  0.000000e+00
     vertex  1.248786e+02 -8.212145e+01  0.000000e+00
     vertex  1.248786e+02 -8.212145e+01  1.510000e+00
   endloop
 endfacet
 facet normal -3.826834e-01 -9.238795e-01  0.000000e+00
   outer loop
     vertex  1.246544e+02 -8.199204e+01  0.000000e+00
     vertex  1.247750e+02 -8.204199e+01  1.510000e+00
     vertex  1.246544e+02 -8.199204e+01  1.510000e+00
   endloop
 endfacet
 facet normal -3.826834e-01 -9.238795e-01  0.000000e+00
   outer loop
     vertex  1.246544e+02 -8.199204e+01  0.000000e+00
     vertex  1.247750e+02 -8.204199e+01  0.000000e+00
     vertex  1.247750e+02 -8.204199e+01  1.510000e+00
   endloop
 endfacet
 facet normal -1.305262e-01 -9.914449e-01  0.000000e+00
   outer loop
     vertex  1.245250e+02 -8.197500e+01  0.000000e+00
     vertex  1.246544e+02 -8.199204e+01  1.510000e+00
     vertex  1.245250e+02 -8.197500e+01  1.510000e+00
   endloop
 endfacet
 facet normal -1.305262e-01 -9.914449e-01  0.000000e+00
   outer loop
     vertex  1.245250e+02 -8.197500e+01  0.000000e+00
     vertex  1.246544e+02 -8.199204e+01  0.000000e+00
     vertex  1.246544e+02 -8.199204e+01  1.510000e+00
   endloop
 endfacet
 facet normal  1.305262e-01 -9.914449e-01  0.000000e+00
   outer loop
     vertex  1.243956e+02 -8.199204e+01  0.000000e+00
     vertex  1.245250e+02 -8.197500e+01  1.510000e+00
     vertex  1.243956e+02 -8.199204e+01  1.510000e+00
   endloop
 endfacet
 facet normal  1.305262e-01 -9.914449e-01  0.000000e+00
   outer loop
     vertex  1.243956e+02 -8.199204e+01  0.000000e+00
     vertex  1.245250e+02 -8.197500e+01  0.000000e+00
     vertex  1.245250e+02 -8.197500e+01  1.510000e+00
   endloop
 endfacet
 facet normal  3.826834e-01 -9.238795e-01  0.000000e+00
   outer loop
     vertex  1.242750e+02 -8.204199e+01  0.000000e+00
     vertex  1.243956e+02 -8.199204e+01  0.000000e+00
     vertex  1.243956e+02 -8.199204e+01  1.510000e+00
   endloop
 endfacet
 facet normal  3.826834e-01 -9.238795e-01  0.000000e+00
   outer loop
     vertex  1.242750e+02 -8.204199e+01  0.000000e+00
     vertex  1.243956e+02 -8.199204e+01  1.510000e+00
     vertex  1.242750e+02 -8.204199e+01  1.510000e+00
   endloop
 endfacet
 facet normal  6.087614e-01 -7.933533e-01  0.000000e+00
   outer loop
     vertex  1.241714e+02 -8.212145e+01  0.000000e+00
     vertex  1.242750e+02 -8.204199e+01  0.000000e+00
     vertex  1.242750e+02 -8.204199e+01  1.510000e+00
   endloop
 endfacet
 facet normal  7.933533e-01 -6.087614e-01  0.000000e+00
   outer loop
     vertex  1.241714e+02 -8.212145e+01  0.000000e+00
     vertex  1.241714e+02 -8.212145e+01  1.510000e+00
     vertex  1.240920e+02 -8.222500e+01  1.510000e+00
   endloop
 endfacet
 facet normal  6.087614e-01 -7.933533e-01  0.000000e+00
   outer loop
     vertex  1.241714e+02 -8.212145e+01  0.000000e+00
     vertex  1.242750e+02 -8.204199e+01  1.510000e+00
     vertex  1.241714e+02 -8.212145e+01  1.510000e+00
   endloop
 endfacet
 facet normal  7.933533e-01 -6.087614e-01  0.000000e+00
   outer loop
     vertex  1.240920e+02 -8.222500e+01  0.000000e+00
     vertex  1.241714e+02 -8.212145e+01  0.000000e+00
     vertex  1.240920e+02 -8.222500e+01  1.510000e+00
   endloop
 endfacet
 facet normal  9.238795e-01 -3.826834e-01  0.000000e+00
   outer loop
     vertex  1.240920e+02 -8.222500e+01  0.000000e+00
     vertex  1.240920e+02 -8.222500e+01  1.510000e+00
     vertex  1.240420e+02 -8.234559e+01  1.510000e+00
   endloop
 endfacet
 facet normal  9.238795e-01 -3.826834e-01  0.000000e+00
   outer loop
     vertex  1.240420e+02 -8.234559e+01  0.000000e+00
     vertex  1.240920e+02 -8.222500e+01  0.000000e+00
     vertex  1.240420e+02 -8.234559e+01  1.510000e+00
   endloop
 endfacet
 facet normal  9.914449e-01 -1.305262e-01  0.000000e+00
   outer loop
     vertex  1.240250e+02 -8.247500e+01  0.000000e+00
     vertex  1.240420e+02 -8.234559e+01  0.000000e+00
     vertex  1.240420e+02 -8.234559e+01  1.510000e+00
   endloop
 endfacet
 facet normal  9.914449e-01 -1.305262e-01  0.000000e+00
   outer loop
     vertex  1.240250e+02 -8.247500e+01  0.000000e+00
     vertex  1.240420e+02 -8.234559e+01  1.510000e+00
     vertex  1.240250e+02 -8.247500e+01  1.510000e+00
   endloop
 endfacet
 facet normal  9.914449e-01  1.305262e-01 -0.000000e+00
   outer loop
     vertex  1.240420e+02 -8.260441e+01  0.000000e+00
     vertex  1.240250e+02 -8.247500e+01  1.510000e+00
     vertex  1.240420e+02 -8.260441e+01  1.510000e+00
   endloop
 endfacet
 facet normal  9.914449e-01  1.305262e-01  0.000000e+00
   outer loop
     vertex  1.240420e+02 -8.260441e+01  0.000000e+00
     vertex  1.240250e+02 -8.247500e+01  0.000000e+00
     vertex  1.240250e+02 -8.247500e+01  1.510000e+00
   endloop
 endfacet
 facet normal  9.238795e-01  3.826834e-01 -0.000000e+00
   outer loop
     vertex  1.240920e+02 -8.272500e+01  0.000000e+00
     vertex  1.240420e+02 -8.260441e+01  1.510000e+00
     vertex  1.240920e+02 -8.272500e+01  1.510000e+00
   endloop
 endfacet
 facet normal  9.238795e-01  3.826834e-01  0.000000e+00
   outer loop
     vertex  1.240920e+02 -8.272500e+01  0.000000e+00
     vertex  1.240420e+02 -8.260441e+01  0.000000e+00
     vertex  1.240420e+02 -8.260441e+01  1.510000e+00
   endloop
 endfacet
 facet normal  6.087614e-01  7.933533e-01 -0.000000e+00
   outer loop
     vertex  1.241714e+02 -8.282856e+01  0.000000e+00
     vertex  1.241714e+02 -8.282856e+01  1.510000e+00
     vertex  1.242750e+02 -8.290802e+01  1.510000e+00
   endloop
 endfacet
 facet normal  7.933533e-01  6.087614e-01 -0.000000e+00
   outer loop
     vertex  1.241714e+02 -8.282856e+01  0.000000e+00
     vertex  1.240920e+02 -8.272500e+01  1.510000e+00
     vertex  1.241714e+02 -8.282856e+01  1.510000e+00
   endloop
 endfacet
 facet normal  7.933533e-01  6.087614e-01  0.000000e+00
   outer loop
     vertex  1.241714e+02 -8.282856e+01  0.000000e+00
     vertex  1.240920e+02 -8.272500e+01  0.000000e+00
     vertex  1.240920e+02 -8.272500e+01  1.510000e+00
   endloop
 endfacet
 facet normal  6.087614e-01  7.933533e-01 -0.000000e+00
   outer loop
     vertex  1.242750e+02 -8.290802e+01  0.000000e+00
     vertex  1.241714e+02 -8.282856e+01  0.000000e+00
     vertex  1.242750e+02 -8.290802e+01  1.510000e+00
   endloop
 endfacet
 facet normal  3.826834e-01  9.238795e-01 -0.000000e+00
   outer loop
     vertex  1.243956e+02 -8.295797e+01  0.000000e+00
     vertex  1.242750e+02 -8.290802e+01  1.510000e+00
     vertex  1.243956e+02 -8.295797e+01  1.510000e+00
   endloop
 endfacet
 facet normal  3.826834e-01  9.238795e-01  0.000000e+00
   outer loop
     vertex  1.243956e+02 -8.295797e+01  0.000000e+00
     vertex  1.242750e+02 -8.290802e+01  0.000000e+00
     vertex  1.242750e+02 -8.290802e+01  1.510000e+00
   endloop
 endfacet
 facet normal  1.305262e-01  9.914449e-01 -0.000000e+00
   outer loop
     vertex  1.245250e+02 -8.297500e+01  0.000000e+00
     vertex  1.243956e+02 -8.295797e+01  1.510000e+00
     vertex  1.245250e+02 -8.297500e+01  1.510000e+00
   endloop
 endfacet
 facet normal  1.305262e-01  9.914449e-01  0.000000e+00
   outer loop
     vertex  1.245250e+02 -8.297500e+01  0.000000e+00
     vertex  1.243956e+02 -8.295797e+01  0.000000e+00
     vertex  1.243956e+02 -8.295797e+01  1.510000e+00
   endloop
 endfacet
 facet normal -1.305262e-01  9.914449e-01  0.000000e+00
   outer loop
     vertex  1.246544e+02 -7.845796e+01  0.000000e+00
     vertex  1.245250e+02 -7.847500e+01  0.000000e+00
     vertex  1.245250e+02 -7.847500e+01  1.510000e+00
   endloop
 endfacet
 facet normal -1.305262e-01  9.914449e-01  0.000000e+00
   outer loop
     vertex  1.246544e+02 -7.845796e+01  0.000000e+00
     vertex  1.245250e+02 -7.847500e+01  1.510000e+00
     vertex  1.246544e+02 -7.845796e+01  1.510000e+00
   endloop
 endfacet
 facet normal -3.826834e-01  9.238795e-01  0.000000e+00
   outer loop
     vertex  1.247750e+02 -7.840801e+01  0.000000e+00
     vertex  1.246544e+02 -7.845796e+01  1.510000e+00
     vertex  1.247750e+02 -7.840801e+01  1.510000e+00
   endloop
 endfacet
 facet normal -3.826834e-01  9.238795e-01  0.000000e+00
   outer loop
     vertex  1.247750e+02 -7.840801e+01  0.000000e+00
     vertex  1.246544e+02 -7.845796e+01  0.000000e+00
     vertex  1.246544e+02 -7.845796e+01  1.510000e+00
   endloop
 endfacet
 facet normal -6.087614e-01  7.933533e-01  0.000000e+00
   outer loop
     vertex  1.248786e+02 -7.832856e+01  0.000000e+00
     vertex  1.247750e+02 -7.840801e+01  1.510000e+00
     vertex  1.248786e+02 -7.832856e+01  1.510000e+00
   endloop
 endfacet
 facet normal -6.087614e-01  7.933533e-01  0.000000e+00
   outer loop
     vertex  1.248786e+02 -7.832856e+01  0.000000e+00
     vertex  1.247750e+02 -7.840801e+01  0.000000e+00
     vertex  1.247750e+02 -7.840801e+01  1.510000e+00
   endloop
 endfacet
 facet normal -7.933533e-01  6.087614e-01  0.000000e+00
   outer loop
     vertex  1.249580e+02 -7.822500e+01  0.000000e+00
     vertex  1.248786e+02 -7.832856e+01  1.510000e+00
     vertex  1.249580e+02 -7.822500e+01  1.510000e+00
   endloop
 endfacet
 facet normal -7.933533e-01  6.087614e-01  0.000000e+00
   outer loop
     vertex  1.249580e+02 -7.822500e+01  0.000000e+00
     vertex  1.248786e+02 -7.832856e+01  0.000000e+00
     vertex  1.248786e+02 -7.832856e+01  1.510000e+00
   endloop
 endfacet
 facet normal -9.238795e-01  3.826834e-01  0.000000e+00
   outer loop
     vertex  1.250080e+02 -7.810441e+01  0.000000e+00
     vertex  1.249580e+02 -7.822500e+01  1.510000e+00
     vertex  1.250080e+02 -7.810441e+01  1.510000e+00
   endloop
 endfacet
 facet normal -9.238795e-01  3.826834e-01  0.000000e+00
   outer loop
     vertex  1.250080e+02 -7.810441e+01  0.000000e+00
     vertex  1.249580e+02 -7.822500e+01  0.000000e+00
     vertex  1.249580e+02 -7.822500e+01  1.510000e+00
   endloop
 endfacet
 facet normal -9.914449e-01  1.305262e-01  0.000000e+00
   outer loop
     vertex  1.250250e+02 -7.797500e+01  0.000000e+00
     vertex  1.250080e+02 -7.810441e+01  1.510000e+00
     vertex  1.250250e+02 -7.797500e+01  1.510000e+00
   endloop
 endfacet
 facet normal -9.914449e-01  1.305262e-01  0.000000e+00
   outer loop
     vertex  1.250250e+02 -7.797500e+01  0.000000e+00
     vertex  1.250080e+02 -7.810441e+01  0.000000e+00
     vertex  1.250080e+02 -7.810441e+01  1.510000e+00
   endloop
 endfacet
 facet normal -9.914449e-01 -1.305262e-01  0.000000e+00
   outer loop
     vertex  1.250080e+02 -7.784559e+01  0.000000e+00
     vertex  1.250250e+02 -7.797500e+01  1.510000e+00
     vertex  1.250080e+02 -7.784559e+01  1.510000e+00
   endloop
 endfacet
 facet normal -9.914449e-01 -1.305262e-01  0.000000e+00
   outer loop
     vertex  1.250080e+02 -7.784559e+01  0.000000e+00
     vertex  1.250250e+02 -7.797500e+01  0.000000e+00
     vertex  1.250250e+02 -7.797500e+01  1.510000e+00
   endloop
 endfacet
 facet normal -9.238795e-01 -3.826834e-01  0.000000e+00
   outer loop
     vertex  1.249580e+02 -7.772500e+01  0.000000e+00
     vertex  1.250080e+02 -7.784559e+01  1.510000e+00
     vertex  1.249580e+02 -7.772500e+01  1.510000e+00
   endloop
 endfacet
 facet normal -9.238795e-01 -3.826834e-01  0.000000e+00
   outer loop
     vertex  1.249580e+02 -7.772500e+01  0.000000e+00
     vertex  1.250080e+02 -7.784559e+01  0.000000e+00
     vertex  1.250080e+02 -7.784559e+01  1.510000e+00
   endloop
 endfacet
 facet normal -7.933533e-01 -6.087614e-01  0.000000e+00
   outer loop
     vertex  1.248786e+02 -7.762145e+01  0.000000e+00
     vertex  1.249580e+02 -7.772500e+01  1.510000e+00
     vertex  1.248786e+02 -7.762145e+01  1.510000e+00
   endloop
 endfacet
 facet normal -7.933533e-01 -6.087614e-01  0.000000e+00
   outer loop
     vertex  1.248786e+02 -7.762145e+01  0.000000e+00
     vertex  1.249580e+02 -7.772500e+01  0.000000e+00
     vertex  1.249580e+02 -7.772500e+01  1.510000e+00
   endloop
 endfacet
 facet normal -6.087614e-01 -7.933533e-01  0.000000e+00
   outer loop
     vertex  1.247750e+02 -7.754199e+01  0.000000e+00
     vertex  1.248786e+02 -7.762145e+01  1.510000e+00
     vertex  1.247750e+02 -7.754199e+01  1.510000e+00
   endloop
 endfacet
 facet normal -6.087614e-01 -7.933533e-01  0.000000e+00
   outer loop
     vertex  1.247750e+02 -7.754199e+01  0.000000e+00
     vertex  1.248786e+02 -7.762145e+01  0.000000e+00
     vertex  1.248786e+02 -7.762145e+01  1.510000e+00
   endloop
 endfacet
 facet normal -3.826834e-01 -9.238795e-01  0.000000e+00
   outer loop
     vertex  1.246544e+02 -7.749204e+01  0.000000e+00
     vertex  1.247750e+02 -7.754199e+01  1.510000e+00
     vertex  1.246544e+02 -7.749204e+01  1.510000e+00
   endloop
 endfacet
 facet normal -3.826834e-01 -9.238795e-01  0.000000e+00
   outer loop
     vertex  1.246544e+02 -7.749204e+01  0.000000e+00
     vertex  1.247750e+02 -7.754199e+01  0.000000e+00
     vertex  1.247750e+02 -7.754199e+01  1.510000e+00
   endloop
 endfacet
 facet normal -1.305262e-01 -9.914449e-01  0.000000e+00
   outer loop
     vertex  1.245250e+02 -7.747500e+01  0.000000e+00
     vertex  1.246544e+02 -7.749204e+01  1.510000e+00
     vertex  1.245250e+02 -7.747500e+01  1.510000e+00
   endloop
 endfacet
 facet normal -1.305262e-01 -9.914449e-01  0.000000e+00
   outer loop
     vertex  1.245250e+02 -7.747500e+01  0.000000e+00
     vertex  1.246544e+02 -7.749204e+01  0.000000e+00
     vertex  1.246544e+02 -7.749204e+01  1.510000e+00
   endloop
 endfacet
 facet normal  1.305262e-01 -9.914449e-01  0.000000e+00
   outer loop
     vertex  1.243956e+02 -7.749204e+01  0.000000e+00
     vertex  1.245250e+02 -7.747500e+01  1.510000e+00
     vertex  1.243956e+02 -7.749204e+01  1.510000e+00
   endloop
 endfacet
 facet normal  1.305262e-01 -9.914449e-01  0.000000e+00
   outer loop
     vertex  1.243956e+02 -7.749204e+01  0.000000e+00
     vertex  1.245250e+02 -7.747500e+01  0.000000e+00
     vertex  1.245250e+02 -7.747500e+01  1.510000e+00
   endloop
 endfacet
 facet normal  3.826834e-01 -9.238795e-01  0.000000e+00
   outer loop
     vertex  1.242750e+02 -7.754199e+01  0.000000e+00
     vertex  1.243956e+02 -7.749204e+01  0.000000e+00
     vertex  1.243956e+02 -7.749204e+01  1.510000e+00
   endloop
 endfacet
 facet normal  3.826834e-01 -9.238795e-01  0.000000e+00
   outer loop
     vertex  1.242750e+02 -7.754199e+01  0.000000e+00
     vertex  1.243956e+02 -7.749204e+01  1.510000e+00
     vertex  1.242750e+02 -7.754199e+01  1.510000e+00
   endloop
 endfacet
 facet normal  6.087614e-01 -7.933533e-01  0.000000e+00
   outer loop
     vertex  1.241715e+02 -7.762145e+01  0.000000e+00
     vertex  1.242750e+02 -7.754199e+01  0.000000e+00
     vertex  1.242750e+02 -7.754199e+01  1.510000e+00
   endloop
 endfacet
 facet normal  7.933533e-01 -6.087614e-01  0.000000e+00
   outer loop
     vertex  1.241715e+02 -7.762145e+01  0.000000e+00
     vertex  1.241715e+02 -7.762145e+01  1.510000e+00
     vertex  1.240920e+02 -7.772500e+01  1.510000e+00
   endloop
 endfacet
 facet normal  6.087614e-01 -7.933533e-01  0.000000e+00
   outer loop
     vertex  1.241715e+02 -7.762145e+01  0.000000e+00
     vertex  1.242750e+02 -7.754199e+01  1.510000e+00
     vertex  1.241715e+02 -7.762145e+01  1.510000e+00
   endloop
 endfacet
 facet normal  7.933533e-01 -6.087614e-01  0.000000e+00
   outer loop
     vertex  1.240920e+02 -7.772500e+01  0.000000e+00
     vertex  1.241715e+02 -7.762145e+01  0.000000e+00
     vertex  1.240920e+02 -7.772500e+01  1.510000e+00
   endloop
 endfacet
 facet normal  9.238795e-01 -3.826834e-01  0.000000e+00
   outer loop
     vertex  1.240920e+02 -7.772500e+01  0.000000e+00
     vertex  1.240920e+02 -7.772500e+01  1.510000e+00
     vertex  1.240420e+02 -7.784559e+01  1.510000e+00
   endloop
 endfacet
 facet normal  9.238795e-01 -3.826834e-01  0.000000e+00
   outer loop
     vertex  1.240420e+02 -7.784559e+01  0.000000e+00
     vertex  1.240920e+02 -7.772500e+01  0.000000e+00
     vertex  1.240420e+02 -7.784559e+01  1.510000e+00
   endloop
 endfacet
 facet normal  9.914449e-01 -1.305262e-01  0.000000e+00
   outer loop
     vertex  1.240250e+02 -7.797500e+01  0.000000e+00
     vertex  1.240420e+02 -7.784559e+01  0.000000e+00
     vertex  1.240420e+02 -7.784559e+01  1.510000e+00
   endloop
 endfacet
 facet normal  9.914449e-01 -1.305262e-01  0.000000e+00
   outer loop
     vertex  1.240250e+02 -7.797500e+01  0.000000e+00
     vertex  1.240420e+02 -7.784559e+01  1.510000e+00
     vertex  1.240250e+02 -7.797500e+01  1.510000e+00
   endloop
 endfacet
 facet normal  9.914449e-01  1.305262e-01 -0.000000e+00
   outer loop
     vertex  1.240420e+02 -7.810441e+01  0.000000e+00
     vertex  1.240250e+02 -7.797500e+01  1.510000e+00
     vertex  1.240420e+02 -7.810441e+01  1.510000e+00
   endloop
 endfacet
 facet normal  9.914449e-01  1.305262e-01  0.000000e+00
   outer loop
     vertex  1.240420e+02 -7.810441e+01  0.000000e+00
     vertex  1.240250e+02 -7.797500e+01  0.000000e+00
     vertex  1.240250e+02 -7.797500e+01  1.510000e+00
   endloop
 endfacet
 facet normal  9.238795e-01  3.826834e-01 -0.000000e+00
   outer loop
     vertex  1.240920e+02 -7.822500e+01  0.000000e+00
     vertex  1.240420e+02 -7.810441e+01  1.510000e+00
     vertex  1.240920e+02 -7.822500e+01  1.510000e+00
   endloop
 endfacet
 facet normal  9.238795e-01  3.826834e-01  0.000000e+00
   outer loop
     vertex  1.240920e+02 -7.822500e+01  0.000000e+00
     vertex  1.240420e+02 -7.810441e+01  0.000000e+00
     vertex  1.240420e+02 -7.810441e+01  1.510000e+00
   endloop
 endfacet
 facet normal  6.087614e-01  7.933533e-01 -0.000000e+00
   outer loop
     vertex  1.241715e+02 -7.832856e+01  0.000000e+00
     vertex  1.241715e+02 -7.832856e+01  1.510000e+00
     vertex  1.242750e+02 -7.840801e+01  1.510000e+00
   endloop
 endfacet
 facet normal  7.933533e-01  6.087614e-01 -0.000000e+00
   outer loop
     vertex  1.241715e+02 -7.832856e+01  0.000000e+00
     vertex  1.240920e+02 -7.822500e+01  1.510000e+00
     vertex  1.241715e+02 -7.832856e+01  1.510000e+00
   endloop
 endfacet
 facet normal  7.933533e-01  6.087614e-01  0.000000e+00
   outer loop
     vertex  1.241715e+02 -7.832856e+01  0.000000e+00
     vertex  1.240920e+02 -7.822500e+01  0.000000e+00
     vertex  1.240920e+02 -7.822500e+01  1.510000e+00
   endloop
 endfacet
 facet normal  6.087614e-01  7.933533e-01 -0.000000e+00
   outer loop
     vertex  1.242750e+02 -7.840801e+01  0.000000e+00
     vertex  1.241715e+02 -7.832856e+01  0.000000e+00
     vertex  1.242750e+02 -7.840801e+01  1.510000e+00
   endloop
 endfacet
 facet normal  3.826834e-01  9.238795e-01 -0.000000e+00
   outer loop
     vertex  1.243956e+02 -7.845796e+01  0.000000e+00
     vertex  1.242750e+02 -7.840801e+01  1.510000e+00
     vertex  1.243956e+02 -7.845796e+01  1.510000e+00
   endloop
 endfacet
 facet normal  3.826834e-01  9.238795e-01  0.000000e+00
   outer loop
     vertex  1.243956e+02 -7.845796e+01  0.000000e+00
     vertex  1.242750e+02 -7.840801e+01  0.000000e+00
     vertex  1.242750e+02 -7.840801e+01  1.510000e+00
   endloop
 endfacet
 facet normal  1.305262e-01  9.914449e-01 -0.000000e+00
   outer loop
     vertex  1.245250e+02 -7.847500e+01  0.000000e+00
     vertex  1.243956e+02 -7.845796e+01  1.510000e+00
     vertex  1.245250e+02 -7.847500e+01  1.510000e+00
   endloop
 endfacet
 facet normal  1.305262e-01  9.914449e-01  0.000000e+00
   outer loop
     vertex  1.245250e+02 -7.847500e+01  0.000000e+00
     vertex  1.243956e+02 -7.845796e+01  0.000000e+00
     vertex  1.243956e+02 -7.845796e+01  1.510000e+00
   endloop
 endfacet
 facet normal -1.305262e-01  9.914449e-01  0.000000e+00
   outer loop
     vertex  1.351294e+02 -8.495796e+01  0.000000e+00
     vertex  1.350000e+02 -8.497500e+01  0.000000e+00
     vertex  1.350000e+02 -8.497500e+01  1.510000e+00
   endloop
 endfacet
 facet normal -1.305262e-01  9.914449e-01  0.000000e+00
   outer loop
     vertex  1.351294e+02 -8.495796e+01  0.000000e+00
     vertex  1.350000e+02 -8.497500e+01  1.510000e+00
     vertex  1.351294e+02 -8.495796e+01  1.510000e+00
   endloop
 endfacet
 facet normal -3.826834e-01  9.238795e-01  0.000000e+00
   outer loop
     vertex  1.352500e+02 -8.490801e+01  0.000000e+00
     vertex  1.351294e+02 -8.495796e+01  1.510000e+00
     vertex  1.352500e+02 -8.490801e+01  1.510000e+00
   endloop
 endfacet
 facet normal -3.826834e-01  9.238795e-01  0.000000e+00
   outer loop
     vertex  1.352500e+02 -8.490801e+01  0.000000e+00
     vertex  1.351294e+02 -8.495796e+01  0.000000e+00
     vertex  1.351294e+02 -8.495796e+01  1.510000e+00
   endloop
 endfacet
 facet normal -6.087614e-01  7.933533e-01  0.000000e+00
   outer loop
     vertex  1.353536e+02 -8.482855e+01  0.000000e+00
     vertex  1.352500e+02 -8.490801e+01  1.510000e+00
     vertex  1.353536e+02 -8.482855e+01  1.510000e+00
   endloop
 endfacet
 facet normal -6.087614e-01  7.933533e-01  0.000000e+00
   outer loop
     vertex  1.353536e+02 -8.482855e+01  0.000000e+00
     vertex  1.352500e+02 -8.490801e+01  0.000000e+00
     vertex  1.352500e+02 -8.490801e+01  1.510000e+00
   endloop
 endfacet
 facet normal -7.933533e-01  6.087614e-01  0.000000e+00
   outer loop
     vertex  1.354330e+02 -8.472500e+01  0.000000e+00
     vertex  1.353536e+02 -8.482855e+01  1.510000e+00
     vertex  1.354330e+02 -8.472500e+01  1.510000e+00
   endloop
 endfacet
 facet normal -7.933533e-01  6.087614e-01  0.000000e+00
   outer loop
     vertex  1.354330e+02 -8.472500e+01  0.000000e+00
     vertex  1.353536e+02 -8.482855e+01  0.000000e+00
     vertex  1.353536e+02 -8.482855e+01  1.510000e+00
   endloop
 endfacet
 facet normal -9.238795e-01  3.826834e-01  0.000000e+00
   outer loop
     vertex  1.354830e+02 -8.460441e+01  0.000000e+00
     vertex  1.354330e+02 -8.472500e+01  1.510000e+00
     vertex  1.354830e+02 -8.460441e+01  1.510000e+00
   endloop
 endfacet
 facet normal -9.238795e-01  3.826834e-01  0.000000e+00
   outer loop
     vertex  1.354830e+02 -8.460441e+01  0.000000e+00
     vertex  1.354330e+02 -8.472500e+01  0.000000e+00
     vertex  1.354330e+02 -8.472500e+01  1.510000e+00
   endloop
 endfacet
 facet normal -9.914449e-01  1.305262e-01  0.000000e+00
   outer loop
     vertex  1.355000e+02 -8.447500e+01  0.000000e+00
     vertex  1.354830e+02 -8.460441e+01  1.510000e+00
     vertex  1.355000e+02 -8.447500e+01  1.510000e+00
   endloop
 endfacet
 facet normal -9.914449e-01  1.305262e-01  0.000000e+00
   outer loop
     vertex  1.355000e+02 -8.447500e+01  0.000000e+00
     vertex  1.354830e+02 -8.460441e+01  0.000000e+00
     vertex  1.354830e+02 -8.460441e+01  1.510000e+00
   endloop
 endfacet
 facet normal -9.914449e-01 -1.305262e-01  0.000000e+00
   outer loop
     vertex  1.354830e+02 -8.434559e+01  0.000000e+00
     vertex  1.355000e+02 -8.447500e+01  1.510000e+00
     vertex  1.354830e+02 -8.434559e+01  1.510000e+00
   endloop
 endfacet
 facet normal -9.914449e-01 -1.305262e-01  0.000000e+00
   outer loop
     vertex  1.354830e+02 -8.434559e+01  0.000000e+00
     vertex  1.355000e+02 -8.447500e+01  0.000000e+00
     vertex  1.355000e+02 -8.447500e+01  1.510000e+00
   endloop
 endfacet
 facet normal -9.238795e-01 -3.826834e-01  0.000000e+00
   outer loop
     vertex  1.354330e+02 -8.422500e+01  0.000000e+00
     vertex  1.354830e+02 -8.434559e+01  1.510000e+00
     vertex  1.354330e+02 -8.422500e+01  1.510000e+00
   endloop
 endfacet
 facet normal -9.238795e-01 -3.826834e-01  0.000000e+00
   outer loop
     vertex  1.354330e+02 -8.422500e+01  0.000000e+00
     vertex  1.354830e+02 -8.434559e+01  0.000000e+00
     vertex  1.354830e+02 -8.434559e+01  1.510000e+00
   endloop
 endfacet
 facet normal -7.933533e-01 -6.087614e-01  0.000000e+00
   outer loop
     vertex  1.353536e+02 -8.412144e+01  0.000000e+00
     vertex  1.354330e+02 -8.422500e+01  1.510000e+00
     vertex  1.353536e+02 -8.412144e+01  1.510000e+00
   endloop
 endfacet
 facet normal -7.933533e-01 -6.087614e-01  0.000000e+00
   outer loop
     vertex  1.353536e+02 -8.412144e+01  0.000000e+00
     vertex  1.354330e+02 -8.422500e+01  0.000000e+00
     vertex  1.354330e+02 -8.422500e+01  1.510000e+00
   endloop
 endfacet
 facet normal -6.087614e-01 -7.933533e-01  0.000000e+00
   outer loop
     vertex  1.352500e+02 -8.404198e+01  0.000000e+00
     vertex  1.353536e+02 -8.412144e+01  1.510000e+00
     vertex  1.352500e+02 -8.404198e+01  1.510000e+00
   endloop
 endfacet
 facet normal -6.087614e-01 -7.933533e-01  0.000000e+00
   outer loop
     vertex  1.352500e+02 -8.404198e+01  0.000000e+00
     vertex  1.353536e+02 -8.412144e+01  0.000000e+00
     vertex  1.353536e+02 -8.412144e+01  1.510000e+00
   endloop
 endfacet
 facet normal -3.826834e-01 -9.238795e-01  0.000000e+00
   outer loop
     vertex  1.351294e+02 -8.399203e+01  0.000000e+00
     vertex  1.352500e+02 -8.404198e+01  1.510000e+00
     vertex  1.351294e+02 -8.399203e+01  1.510000e+00
   endloop
 endfacet
 facet normal -3.826834e-01 -9.238795e-01  0.000000e+00
   outer loop
     vertex  1.351294e+02 -8.399203e+01  0.000000e+00
     vertex  1.352500e+02 -8.404198e+01  0.000000e+00
     vertex  1.352500e+02 -8.404198e+01  1.510000e+00
   endloop
 endfacet
 facet normal -1.305262e-01 -9.914449e-01  0.000000e+00
   outer loop
     vertex  1.350000e+02 -8.397500e+01  0.000000e+00
     vertex  1.351294e+02 -8.399203e+01  1.510000e+00
     vertex  1.350000e+02 -8.397500e+01  1.510000e+00
   endloop
 endfacet
 facet normal -1.305262e-01 -9.914449e-01  0.000000e+00
   outer loop
     vertex  1.350000e+02 -8.397500e+01  0.000000e+00
     vertex  1.351294e+02 -8.399203e+01  0.000000e+00
     vertex  1.351294e+02 -8.399203e+01  1.510000e+00
   endloop
 endfacet
 facet normal  1.305262e-01 -9.914449e-01  0.000000e+00
   outer loop
     vertex  1.348706e+02 -8.399203e+01  0.000000e+00
     vertex  1.350000e+02 -8.397500e+01  1.510000e+00
     vertex  1.348706e+02 -8.399203e+01  1.510000e+00
   endloop
 endfacet
 facet normal  1.305262e-01 -9.914449e-01  0.000000e+00
   outer loop
     vertex  1.348706e+02 -8.399203e+01  0.000000e+00
     vertex  1.350000e+02 -8.397500e+01  0.000000e+00
     vertex  1.350000e+02 -8.397500e+01  1.510000e+00
   endloop
 endfacet
 facet normal  3.826834e-01 -9.238795e-01  0.000000e+00
   outer loop
     vertex  1.347500e+02 -8.404198e+01  0.000000e+00
     vertex  1.348706e+02 -8.399203e+01  0.000000e+00
     vertex  1.348706e+02 -8.399203e+01  1.510000e+00
   endloop
 endfacet
 facet normal  3.826834e-01 -9.238795e-01  0.000000e+00
   outer loop
     vertex  1.347500e+02 -8.404198e+01  0.000000e+00
     vertex  1.348706e+02 -8.399203e+01  1.510000e+00
     vertex  1.347500e+02 -8.404198e+01  1.510000e+00
   endloop
 endfacet
 facet normal  6.087614e-01 -7.933533e-01  0.000000e+00
   outer loop
     vertex  1.346464e+02 -8.412144e+01  0.000000e+00
     vertex  1.347500e+02 -8.404198e+01  0.000000e+00
     vertex  1.347500e+02 -8.404198e+01  1.510000e+00
   endloop
 endfacet
 facet normal  7.933533e-01 -6.087614e-01  0.000000e+00
   outer loop
     vertex  1.346464e+02 -8.412144e+01  0.000000e+00
     vertex  1.346464e+02 -8.412144e+01  1.510000e+00
     vertex  1.345670e+02 -8.422500e+01  1.510000e+00
   endloop
 endfacet
 facet normal  6.087614e-01 -7.933533e-01  0.000000e+00
   outer loop
     vertex  1.346464e+02 -8.412144e+01  0.000000e+00
     vertex  1.347500e+02 -8.404198e+01  1.510000e+00
     vertex  1.346464e+02 -8.412144e+01  1.510000e+00
   endloop
 endfacet
 facet normal  7.933533e-01 -6.087614e-01  0.000000e+00
   outer loop
     vertex  1.345670e+02 -8.422500e+01  0.000000e+00
     vertex  1.346464e+02 -8.412144e+01  0.000000e+00
     vertex  1.345670e+02 -8.422500e+01  1.510000e+00
   endloop
 endfacet
 facet normal  9.238795e-01 -3.826834e-01  0.000000e+00
   outer loop
     vertex  1.345670e+02 -8.422500e+01  0.000000e+00
     vertex  1.345670e+02 -8.422500e+01  1.510000e+00
     vertex  1.345170e+02 -8.434559e+01  1.510000e+00
   endloop
 endfacet
 facet normal  9.238795e-01 -3.826834e-01  0.000000e+00
   outer loop
     vertex  1.345170e+02 -8.434559e+01  0.000000e+00
     vertex  1.345670e+02 -8.422500e+01  0.000000e+00
     vertex  1.345170e+02 -8.434559e+01  1.510000e+00
   endloop
 endfacet
 facet normal  9.914449e-01 -1.305262e-01  0.000000e+00
   outer loop
     vertex  1.345000e+02 -8.447500e+01  0.000000e+00
     vertex  1.345170e+02 -8.434559e+01  0.000000e+00
     vertex  1.345170e+02 -8.434559e+01  1.510000e+00
   endloop
 endfacet
 facet normal  9.914449e-01 -1.305262e-01  0.000000e+00
   outer loop
     vertex  1.345000e+02 -8.447500e+01  0.000000e+00
     vertex  1.345170e+02 -8.434559e+01  1.510000e+00
     vertex  1.345000e+02 -8.447500e+01  1.510000e+00
   endloop
 endfacet
 facet normal  9.914449e-01  1.305262e-01 -0.000000e+00
   outer loop
     vertex  1.345170e+02 -8.460441e+01  0.000000e+00
     vertex  1.345000e+02 -8.447500e+01  1.510000e+00
     vertex  1.345170e+02 -8.460441e+01  1.510000e+00
   endloop
 endfacet
 facet normal  9.914449e-01  1.305262e-01  0.000000e+00
   outer loop
     vertex  1.345170e+02 -8.460441e+01  0.000000e+00
     vertex  1.345000e+02 -8.447500e+01  0.000000e+00
     vertex  1.345000e+02 -8.447500e+01  1.510000e+00
   endloop
 endfacet
 facet normal  9.238795e-01  3.826834e-01 -0.000000e+00
   outer loop
     vertex  1.345670e+02 -8.472500e+01  0.000000e+00
     vertex  1.345170e+02 -8.460441e+01  1.510000e+00
     vertex  1.345670e+02 -8.472500e+01  1.510000e+00
   endloop
 endfacet
 facet normal  9.238795e-01  3.826834e-01  0.000000e+00
   outer loop
     vertex  1.345670e+02 -8.472500e+01  0.000000e+00
     vertex  1.345170e+02 -8.460441e+01  0.000000e+00
     vertex  1.345170e+02 -8.460441e+01  1.510000e+00
   endloop
 endfacet
 facet normal  6.087614e-01  7.933533e-01 -0.000000e+00
   outer loop
     vertex  1.346464e+02 -8.482855e+01  0.000000e+00
     vertex  1.346464e+02 -8.482855e+01  1.510000e+00
     vertex  1.347500e+02 -8.490801e+01  1.510000e+00
   endloop
 endfacet
 facet normal  7.933533e-01  6.087614e-01 -0.000000e+00
   outer loop
     vertex  1.346464e+02 -8.482855e+01  0.000000e+00
     vertex  1.345670e+02 -8.472500e+01  1.510000e+00
     vertex  1.346464e+02 -8.482855e+01  1.510000e+00
   endloop
 endfacet
 facet normal  7.933533e-01  6.087614e-01  0.000000e+00
   outer loop
     vertex  1.346464e+02 -8.482855e+01  0.000000e+00
     vertex  1.345670e+02 -8.472500e+01  0.000000e+00
     vertex  1.345670e+02 -8.472500e+01  1.510000e+00
   endloop
 endfacet
 facet normal  6.087614e-01  7.933533e-01 -0.000000e+00
   outer loop
     vertex  1.347500e+02 -8.490801e+01  0.000000e+00
     vertex  1.346464e+02 -8.482855e+01  0.000000e+00
     vertex  1.347500e+02 -8.490801e+01  1.510000e+00
   endloop
 endfacet
 facet normal  3.826834e-01  9.238795e-01 -0.000000e+00
   outer loop
     vertex  1.348706e+02 -8.495796e+01  0.000000e+00
     vertex  1.347500e+02 -8.490801e+01  1.510000e+00
     vertex  1.348706e+02 -8.495796e+01  1.510000e+00
   endloop
 endfacet
 facet normal  3.826834e-01  9.238795e-01  0.000000e+00
   outer loop
     vertex  1.348706e+02 -8.495796e+01  0.000000e+00
     vertex  1.347500e+02 -8.490801e+01  0.000000e+00
     vertex  1.347500e+02 -8.490801e+01  1.510000e+00
   endloop
 endfacet
 facet normal  1.305262e-01  9.914449e-01 -0.000000e+00
   outer loop
     vertex  1.350000e+02 -8.497500e+01  0.000000e+00
     vertex  1.348706e+02 -8.495796e+01  1.510000e+00
     vertex  1.350000e+02 -8.497500e+01  1.510000e+00
   endloop
 endfacet
 facet normal  1.305262e-01  9.914449e-01  0.000000e+00
   outer loop
     vertex  1.350000e+02 -8.497500e+01  0.000000e+00
     vertex  1.348706e+02 -8.495796e+01  0.000000e+00
     vertex  1.348706e+02 -8.495796e+01  1.510000e+00
   endloop
 endfacet
 facet normal -1.305262e-01  9.914449e-01  0.000000e+00
   outer loop
     vertex  1.396294e+02 -8.495797e+01  0.000000e+00
     vertex  1.395000e+02 -8.497501e+01  0.000000e+00
     vertex  1.395000e+02 -8.497501e+01  1.510000e+00
   endloop
 endfacet
 facet normal -1.305262e-01  9.914449e-01  0.000000e+00
   outer loop
     vertex  1.396294e+02 -8.495797e+01  0.000000e+00
     vertex  1.395000e+02 -8.497501e+01  1.510000e+00
     vertex  1.396294e+02 -8.495797e+01  1.510000e+00
   endloop
 endfacet
 facet normal -3.826834e-01  9.238795e-01  0.000000e+00
   outer loop
     vertex  1.397500e+02 -8.490802e+01  0.000000e+00
     vertex  1.396294e+02 -8.495797e+01  1.510000e+00
     vertex  1.397500e+02 -8.490802e+01  1.510000e+00
   endloop
 endfacet
 facet normal -3.826834e-01  9.238795e-01  0.000000e+00
   outer loop
     vertex  1.397500e+02 -8.490802e+01  0.000000e+00
     vertex  1.396294e+02 -8.495797e+01  0.000000e+00
     vertex  1.396294e+02 -8.495797e+01  1.510000e+00
   endloop
 endfacet
 facet normal -6.087614e-01  7.933533e-01  0.000000e+00
   outer loop
     vertex  1.398536e+02 -8.482856e+01  0.000000e+00
     vertex  1.397500e+02 -8.490802e+01  1.510000e+00
     vertex  1.398536e+02 -8.482856e+01  1.510000e+00
   endloop
 endfacet
 facet normal -6.087614e-01  7.933533e-01  0.000000e+00
   outer loop
     vertex  1.398536e+02 -8.482856e+01  0.000000e+00
     vertex  1.397500e+02 -8.490802e+01  0.000000e+00
     vertex  1.397500e+02 -8.490802e+01  1.510000e+00
   endloop
 endfacet
 facet normal -7.933533e-01  6.087614e-01  0.000000e+00
   outer loop
     vertex  1.399330e+02 -8.472501e+01  0.000000e+00
     vertex  1.398536e+02 -8.482856e+01  1.510000e+00
     vertex  1.399330e+02 -8.472501e+01  1.510000e+00
   endloop
 endfacet
 facet normal -7.933533e-01  6.087614e-01  0.000000e+00
   outer loop
     vertex  1.399330e+02 -8.472501e+01  0.000000e+00
     vertex  1.398536e+02 -8.482856e+01  0.000000e+00
     vertex  1.398536e+02 -8.482856e+01  1.510000e+00
   endloop
 endfacet
 facet normal -9.238795e-01  3.826834e-01  0.000000e+00
   outer loop
     vertex  1.399830e+02 -8.460442e+01  0.000000e+00
     vertex  1.399330e+02 -8.472501e+01  1.510000e+00
     vertex  1.399830e+02 -8.460442e+01  1.510000e+00
   endloop
 endfacet
 facet normal -9.238795e-01  3.826834e-01  0.000000e+00
   outer loop
     vertex  1.399830e+02 -8.460442e+01  0.000000e+00
     vertex  1.399330e+02 -8.472501e+01  0.000000e+00
     vertex  1.399330e+02 -8.472501e+01  1.510000e+00
   endloop
 endfacet
 facet normal -9.914449e-01  1.305262e-01  0.000000e+00
   outer loop
     vertex  1.400000e+02 -8.447501e+01  0.000000e+00
     vertex  1.399830e+02 -8.460442e+01  1.510000e+00
     vertex  1.400000e+02 -8.447501e+01  1.510000e+00
   endloop
 endfacet
 facet normal -9.914449e-01  1.305262e-01  0.000000e+00
   outer loop
     vertex  1.400000e+02 -8.447501e+01  0.000000e+00
     vertex  1.399830e+02 -8.460442e+01  0.000000e+00
     vertex  1.399830e+02 -8.460442e+01  1.510000e+00
   endloop
 endfacet
 facet normal -9.914449e-01 -1.305262e-01  0.000000e+00
   outer loop
     vertex  1.399830e+02 -8.434560e+01  0.000000e+00
     vertex  1.400000e+02 -8.447501e+01  1.510000e+00
     vertex  1.399830e+02 -8.434560e+01  1.510000e+00
   endloop
 endfacet
 facet normal -9.914449e-01 -1.305262e-01  0.000000e+00
   outer loop
     vertex  1.399830e+02 -8.434560e+01  0.000000e+00
     vertex  1.400000e+02 -8.447501e+01  0.000000e+00
     vertex  1.400000e+02 -8.447501e+01  1.510000e+00
   endloop
 endfacet
 facet normal -9.238795e-01 -3.826834e-01  0.000000e+00
   outer loop
     vertex  1.399330e+02 -8.422501e+01  0.000000e+00
     vertex  1.399830e+02 -8.434560e+01  1.510000e+00
     vertex  1.399330e+02 -8.422501e+01  1.510000e+00
   endloop
 endfacet
 facet normal -9.238795e-01 -3.826834e-01  0.000000e+00
   outer loop
     vertex  1.399330e+02 -8.422501e+01  0.000000e+00
     vertex  1.399830e+02 -8.434560e+01  0.000000e+00
     vertex  1.399830e+02 -8.434560e+01  1.510000e+00
   endloop
 endfacet
 facet normal -7.933533e-01 -6.087614e-01  0.000000e+00
   outer loop
     vertex  1.398536e+02 -8.412145e+01  0.000000e+00
     vertex  1.399330e+02 -8.422501e+01  1.510000e+00
     vertex  1.398536e+02 -8.412145e+01  1.510000e+00
   endloop
 endfacet
 facet normal -7.933533e-01 -6.087614e-01  0.000000e+00
   outer loop
     vertex  1.398536e+02 -8.412145e+01  0.000000e+00
     vertex  1.399330e+02 -8.422501e+01  0.000000e+00
     vertex  1.399330e+02 -8.422501e+01  1.510000e+00
   endloop
 endfacet
 facet normal -6.087614e-01 -7.933533e-01  0.000000e+00
   outer loop
     vertex  1.397500e+02 -8.404199e+01  0.000000e+00
     vertex  1.398536e+02 -8.412145e+01  1.510000e+00
     vertex  1.397500e+02 -8.404199e+01  1.510000e+00
   endloop
 endfacet
 facet normal -6.087614e-01 -7.933533e-01  0.000000e+00
   outer loop
     vertex  1.397500e+02 -8.404199e+01  0.000000e+00
     vertex  1.398536e+02 -8.412145e+01  0.000000e+00
     vertex  1.398536e+02 -8.412145e+01  1.510000e+00
   endloop
 endfacet
 facet normal -3.826834e-01 -9.238795e-01  0.000000e+00
   outer loop
     vertex  1.396294e+02 -8.399204e+01  0.000000e+00
     vertex  1.397500e+02 -8.404199e+01  1.510000e+00
     vertex  1.396294e+02 -8.399204e+01  1.510000e+00
   endloop
 endfacet
 facet normal -3.826834e-01 -9.238795e-01  0.000000e+00
   outer loop
     vertex  1.396294e+02 -8.399204e+01  0.000000e+00
     vertex  1.397500e+02 -8.404199e+01  0.000000e+00
     vertex  1.397500e+02 -8.404199e+01  1.510000e+00
   endloop
 endfacet
 facet normal -1.305262e-01 -9.914449e-01  0.000000e+00
   outer loop
     vertex  1.395000e+02 -8.397501e+01  0.000000e+00
     vertex  1.396294e+02 -8.399204e+01  1.510000e+00
     vertex  1.395000e+02 -8.397501e+01  1.510000e+00
   endloop
 endfacet
 facet normal -1.305262e-01 -9.914449e-01  0.000000e+00
   outer loop
     vertex  1.395000e+02 -8.397501e+01  0.000000e+00
     vertex  1.396294e+02 -8.399204e+01  0.000000e+00
     vertex  1.396294e+02 -8.399204e+01  1.510000e+00
   endloop
 endfacet
 facet normal  1.305262e-01 -9.914449e-01  0.000000e+00
   outer loop
     vertex  1.393706e+02 -8.399204e+01  0.000000e+00
     vertex  1.395000e+02 -8.397501e+01  1.510000e+00
     vertex  1.393706e+02 -8.399204e+01  1.510000e+00
   endloop
 endfacet
 facet normal  1.305262e-01 -9.914449e-01  0.000000e+00
   outer loop
     vertex  1.393706e+02 -8.399204e+01  0.000000e+00
     vertex  1.395000e+02 -8.397501e+01  0.000000e+00
     vertex  1.395000e+02 -8.397501e+01  1.510000e+00
   endloop
 endfacet
 facet normal  3.826834e-01 -9.238795e-01  0.000000e+00
   outer loop
     vertex  1.392500e+02 -8.404199e+01  0.000000e+00
     vertex  1.393706e+02 -8.399204e+01  0.000000e+00
     vertex  1.393706e+02 -8.399204e+01  1.510000e+00
   endloop
 endfacet
 facet normal  3.826834e-01 -9.238795e-01  0.000000e+00
   outer loop
     vertex  1.392500e+02 -8.404199e+01  0.000000e+00
     vertex  1.393706e+02 -8.399204e+01  1.510000e+00
     vertex  1.392500e+02 -8.404199e+01  1.510000e+00
   endloop
 endfacet
 facet normal  6.087614e-01 -7.933533e-01  0.000000e+00
   outer loop
     vertex  1.391464e+02 -8.412145e+01  0.000000e+00
     vertex  1.392500e+02 -8.404199e+01  0.000000e+00
     vertex  1.392500e+02 -8.404199e+01  1.510000e+00
   endloop
 endfacet
 facet normal  7.933533e-01 -6.087614e-01  0.000000e+00
   outer loop
     vertex  1.391464e+02 -8.412145e+01  0.000000e+00
     vertex  1.391464e+02 -8.412145e+01  1.510000e+00
     vertex  1.390670e+02 -8.422501e+01  1.510000e+00
   endloop
 endfacet
 facet normal  6.087614e-01 -7.933533e-01  0.000000e+00
   outer loop
     vertex  1.391464e+02 -8.412145e+01  0.000000e+00
     vertex  1.392500e+02 -8.404199e+01  1.510000e+00
     vertex  1.391464e+02 -8.412145e+01  1.510000e+00
   endloop
 endfacet
 facet normal  7.933533e-01 -6.087614e-01  0.000000e+00
   outer loop
     vertex  1.390670e+02 -8.422501e+01  0.000000e+00
     vertex  1.391464e+02 -8.412145e+01  0.000000e+00
     vertex  1.390670e+02 -8.422501e+01  1.510000e+00
   endloop
 endfacet
 facet normal  9.238795e-01 -3.826834e-01  0.000000e+00
   outer loop
     vertex  1.390670e+02 -8.422501e+01  0.000000e+00
     vertex  1.390670e+02 -8.422501e+01  1.510000e+00
     vertex  1.390170e+02 -8.434560e+01  1.510000e+00
   endloop
 endfacet
 facet normal  9.238795e-01 -3.826834e-01  0.000000e+00
   outer loop
     vertex  1.390170e+02 -8.434560e+01  0.000000e+00
     vertex  1.390670e+02 -8.422501e+01  0.000000e+00
     vertex  1.390170e+02 -8.434560e+01  1.510000e+00
   endloop
 endfacet
 facet normal  9.914449e-01 -1.305262e-01  0.000000e+00
   outer loop
     vertex  1.390000e+02 -8.447501e+01  0.000000e+00
     vertex  1.390170e+02 -8.434560e+01  0.000000e+00
     vertex  1.390170e+02 -8.434560e+01  1.510000e+00
   endloop
 endfacet
 facet normal  9.914449e-01 -1.305262e-01  0.000000e+00
   outer loop
     vertex  1.390000e+02 -8.447501e+01  0.000000e+00
     vertex  1.390170e+02 -8.434560e+01  1.510000e+00
     vertex  1.390000e+02 -8.447501e+01  1.510000e+00
   endloop
 endfacet
 facet normal  9.914449e-01  1.305262e-01 -0.000000e+00
   outer loop
     vertex  1.390170e+02 -8.460442e+01  0.000000e+00
     vertex  1.390000e+02 -8.447501e+01  1.510000e+00
     vertex  1.390170e+02 -8.460442e+01  1.510000e+00
   endloop
 endfacet
 facet normal  9.914449e-01  1.305262e-01  0.000000e+00
   outer loop
     vertex  1.390170e+02 -8.460442e+01  0.000000e+00
     vertex  1.390000e+02 -8.447501e+01  0.000000e+00
     vertex  1.390000e+02 -8.447501e+01  1.510000e+00
   endloop
 endfacet
 facet normal  9.238795e-01  3.826834e-01 -0.000000e+00
   outer loop
     vertex  1.390670e+02 -8.472501e+01  0.000000e+00
     vertex  1.390170e+02 -8.460442e+01  1.510000e+00
     vertex  1.390670e+02 -8.472501e+01  1.510000e+00
   endloop
 endfacet
 facet normal  9.238795e-01  3.826834e-01  0.000000e+00
   outer loop
     vertex  1.390670e+02 -8.472501e+01  0.000000e+00
     vertex  1.390170e+02 -8.460442e+01  0.000000e+00
     vertex  1.390170e+02 -8.460442e+01  1.510000e+00
   endloop
 endfacet
 facet normal  6.087614e-01  7.933533e-01 -0.000000e+00
   outer loop
     vertex  1.391464e+02 -8.482856e+01  0.000000e+00
     vertex  1.391464e+02 -8.482856e+01  1.510000e+00
     vertex  1.392500e+02 -8.490802e+01  1.510000e+00
   endloop
 endfacet
 facet normal  7.933533e-01  6.087614e-01 -0.000000e+00
   outer loop
     vertex  1.391464e+02 -8.482856e+01  0.000000e+00
     vertex  1.390670e+02 -8.472501e+01  1.510000e+00
     vertex  1.391464e+02 -8.482856e+01  1.510000e+00
   endloop
 endfacet
 facet normal  7.933533e-01  6.087614e-01  0.000000e+00
   outer loop
     vertex  1.391464e+02 -8.482856e+01  0.000000e+00
     vertex  1.390670e+02 -8.472501e+01  0.000000e+00
     vertex  1.390670e+02 -8.472501e+01  1.510000e+00
   endloop
 endfacet
 facet normal  6.087614e-01  7.933533e-01 -0.000000e+00
   outer loop
     vertex  1.392500e+02 -8.490802e+01  0.000000e+00
     vertex  1.391464e+02 -8.482856e+01  0.000000e+00
     vertex  1.392500e+02 -8.490802e+01  1.510000e+00
   endloop
 endfacet
 facet normal  3.826834e-01  9.238795e-01 -0.000000e+00
   outer loop
     vertex  1.393706e+02 -8.495797e+01  0.000000e+00
     vertex  1.392500e+02 -8.490802e+01  1.510000e+00
     vertex  1.393706e+02 -8.495797e+01  1.510000e+00
   endloop
 endfacet
 facet normal  3.826834e-01  9.238795e-01  0.000000e+00
   outer loop
     vertex  1.393706e+02 -8.495797e+01  0.000000e+00
     vertex  1.392500e+02 -8.490802e+01  0.000000e+00
     vertex  1.392500e+02 -8.490802e+01  1.510000e+00
   endloop
 endfacet
 facet normal  1.305262e-01  9.914449e-01 -0.000000e+00
   outer loop
     vertex  1.395000e+02 -8.497501e+01  0.000000e+00
     vertex  1.393706e+02 -8.495797e+01  1.510000e+00
     vertex  1.395000e+02 -8.497501e+01  1.510000e+00
   endloop
 endfacet
 facet normal  1.305262e-01  9.914449e-01  0.000000e+00
   outer loop
     vertex  1.395000e+02 -8.497501e+01  0.000000e+00
     vertex  1.393706e+02 -8.495797e+01  0.000000e+00
     vertex  1.393706e+02 -8.495797e+01  1.510000e+00
   endloop
 endfacet
 facet normal -1.305262e-01  9.914449e-01  0.000000e+00
   outer loop
     vertex  1.331544e+02 -8.295796e+01  0.000000e+00
     vertex  1.330250e+02 -8.297500e+01  0.000000e+00
     vertex  1.330250e+02 -8.297500e+01  1.510000e+00
   endloop
 endfacet
 facet normal -1.305262e-01  9.914449e-01  0.000000e+00
   outer loop
     vertex  1.331544e+02 -8.295796e+01  0.000000e+00
     vertex  1.330250e+02 -8.297500e+01  1.510000e+00
     vertex  1.331544e+02 -8.295796e+01  1.510000e+00
   endloop
 endfacet
 facet normal -3.826834e-01  9.238795e-01  0.000000e+00
   outer loop
     vertex  1.332750e+02 -8.290801e+01  0.000000e+00
     vertex  1.331544e+02 -8.295796e+01  1.510000e+00
     vertex  1.332750e+02 -8.290801e+01  1.510000e+00
   endloop
 endfacet
 facet normal -3.826834e-01  9.238795e-01  0.000000e+00
   outer loop
     vertex  1.332750e+02 -8.290801e+01  0.000000e+00
     vertex  1.331544e+02 -8.295796e+01  0.000000e+00
     vertex  1.331544e+02 -8.295796e+01  1.510000e+00
   endloop
 endfacet
 facet normal -6.087614e-01  7.933533e-01  0.000000e+00
   outer loop
     vertex  1.333785e+02 -8.282855e+01  0.000000e+00
     vertex  1.332750e+02 -8.290801e+01  1.510000e+00
     vertex  1.333785e+02 -8.282855e+01  1.510000e+00
   endloop
 endfacet
 facet normal -6.087614e-01  7.933533e-01  0.000000e+00
   outer loop
     vertex  1.333785e+02 -8.282855e+01  0.000000e+00
     vertex  1.332750e+02 -8.290801e+01  0.000000e+00
     vertex  1.332750e+02 -8.290801e+01  1.510000e+00
   endloop
 endfacet
 facet normal -7.933533e-01  6.087614e-01  0.000000e+00
   outer loop
     vertex  1.334580e+02 -8.272500e+01  0.000000e+00
     vertex  1.333785e+02 -8.282855e+01  1.510000e+00
     vertex  1.334580e+02 -8.272500e+01  1.510000e+00
   endloop
 endfacet
 facet normal -7.933533e-01  6.087614e-01  0.000000e+00
   outer loop
     vertex  1.334580e+02 -8.272500e+01  0.000000e+00
     vertex  1.333785e+02 -8.282855e+01  0.000000e+00
     vertex  1.333785e+02 -8.282855e+01  1.510000e+00
   endloop
 endfacet
 facet normal -9.238795e-01  3.826834e-01  0.000000e+00
   outer loop
     vertex  1.335080e+02 -8.260441e+01  0.000000e+00
     vertex  1.334580e+02 -8.272500e+01  1.510000e+00
     vertex  1.335080e+02 -8.260441e+01  1.510000e+00
   endloop
 endfacet
 facet normal -9.238795e-01  3.826834e-01  0.000000e+00
   outer loop
     vertex  1.335080e+02 -8.260441e+01  0.000000e+00
     vertex  1.334580e+02 -8.272500e+01  0.000000e+00
     vertex  1.334580e+02 -8.272500e+01  1.510000e+00
   endloop
 endfacet
 facet normal -9.914449e-01  1.305262e-01  0.000000e+00
   outer loop
     vertex  1.335250e+02 -8.247500e+01  0.000000e+00
     vertex  1.335080e+02 -8.260441e+01  1.510000e+00
     vertex  1.335250e+02 -8.247500e+01  1.510000e+00
   endloop
 endfacet
 facet normal -9.914449e-01  1.305262e-01  0.000000e+00
   outer loop
     vertex  1.335250e+02 -8.247500e+01  0.000000e+00
     vertex  1.335080e+02 -8.260441e+01  0.000000e+00
     vertex  1.335080e+02 -8.260441e+01  1.510000e+00
   endloop
 endfacet
 facet normal -9.914449e-01 -1.305262e-01  0.000000e+00
   outer loop
     vertex  1.335080e+02 -8.234559e+01  0.000000e+00
     vertex  1.335250e+02 -8.247500e+01  1.510000e+00
     vertex  1.335080e+02 -8.234559e+01  1.510000e+00
   endloop
 endfacet
 facet normal -9.914449e-01 -1.305262e-01  0.000000e+00
   outer loop
     vertex  1.335080e+02 -8.234559e+01  0.000000e+00
     vertex  1.335250e+02 -8.247500e+01  0.000000e+00
     vertex  1.335250e+02 -8.247500e+01  1.510000e+00
   endloop
 endfacet
 facet normal -9.238795e-01 -3.826834e-01  0.000000e+00
   outer loop
     vertex  1.334580e+02 -8.222500e+01  0.000000e+00
     vertex  1.335080e+02 -8.234559e+01  1.510000e+00
     vertex  1.334580e+02 -8.222500e+01  1.510000e+00
   endloop
 endfacet
 facet normal -9.238795e-01 -3.826834e-01  0.000000e+00
   outer loop
     vertex  1.334580e+02 -8.222500e+01  0.000000e+00
     vertex  1.335080e+02 -8.234559e+01  0.000000e+00
     vertex  1.335080e+02 -8.234559e+01  1.510000e+00
   endloop
 endfacet
 facet normal -7.933533e-01 -6.087614e-01  0.000000e+00
   outer loop
     vertex  1.333785e+02 -8.212144e+01  0.000000e+00
     vertex  1.334580e+02 -8.222500e+01  1.510000e+00
     vertex  1.333785e+02 -8.212144e+01  1.510000e+00
   endloop
 endfacet
 facet normal -7.933533e-01 -6.087614e-01  0.000000e+00
   outer loop
     vertex  1.333785e+02 -8.212144e+01  0.000000e+00
     vertex  1.334580e+02 -8.222500e+01  0.000000e+00
     vertex  1.334580e+02 -8.222500e+01  1.510000e+00
   endloop
 endfacet
 facet normal -6.087614e-01 -7.933533e-01  0.000000e+00
   outer loop
     vertex  1.332750e+02 -8.204199e+01  0.000000e+00
     vertex  1.333785e+02 -8.212144e+01  1.510000e+00
     vertex  1.332750e+02 -8.204199e+01  1.510000e+00
   endloop
 endfacet
 facet normal -6.087614e-01 -7.933533e-01  0.000000e+00
   outer loop
     vertex  1.332750e+02 -8.204199e+01  0.000000e+00
     vertex  1.333785e+02 -8.212144e+01  0.000000e+00
     vertex  1.333785e+02 -8.212144e+01  1.510000e+00
   endloop
 endfacet
 facet normal -3.826834e-01 -9.238795e-01  0.000000e+00
   outer loop
     vertex  1.331544e+02 -8.199204e+01  0.000000e+00
     vertex  1.332750e+02 -8.204199e+01  1.510000e+00
     vertex  1.331544e+02 -8.199204e+01  1.510000e+00
   endloop
 endfacet
 facet normal -3.826834e-01 -9.238795e-01  0.000000e+00
   outer loop
     vertex  1.331544e+02 -8.199204e+01  0.000000e+00
     vertex  1.332750e+02 -8.204199e+01  0.000000e+00
     vertex  1.332750e+02 -8.204199e+01  1.510000e+00
   endloop
 endfacet
 facet normal -1.305262e-01 -9.914449e-01  0.000000e+00
   outer loop
     vertex  1.330250e+02 -8.197500e+01  0.000000e+00
     vertex  1.331544e+02 -8.199204e+01  1.510000e+00
     vertex  1.330250e+02 -8.197500e+01  1.510000e+00
   endloop
 endfacet
 facet normal -1.305262e-01 -9.914449e-01  0.000000e+00
   outer loop
     vertex  1.330250e+02 -8.197500e+01  0.000000e+00
     vertex  1.331544e+02 -8.199204e+01  0.000000e+00
     vertex  1.331544e+02 -8.199204e+01  1.510000e+00
   endloop
 endfacet
 facet normal  1.305262e-01 -9.914449e-01  0.000000e+00
   outer loop
     vertex  1.328956e+02 -8.199204e+01  0.000000e+00
     vertex  1.330250e+02 -8.197500e+01  1.510000e+00
     vertex  1.328956e+02 -8.199204e+01  1.510000e+00
   endloop
 endfacet
 facet normal  1.305262e-01 -9.914449e-01  0.000000e+00
   outer loop
     vertex  1.328956e+02 -8.199204e+01  0.000000e+00
     vertex  1.330250e+02 -8.197500e+01  0.000000e+00
     vertex  1.330250e+02 -8.197500e+01  1.510000e+00
   endloop
 endfacet
 facet normal  3.826834e-01 -9.238795e-01  0.000000e+00
   outer loop
     vertex  1.327750e+02 -8.204199e+01  0.000000e+00
     vertex  1.328956e+02 -8.199204e+01  0.000000e+00
     vertex  1.328956e+02 -8.199204e+01  1.510000e+00
   endloop
 endfacet
 facet normal  3.826834e-01 -9.238795e-01  0.000000e+00
   outer loop
     vertex  1.327750e+02 -8.204199e+01  0.000000e+00
     vertex  1.328956e+02 -8.199204e+01  1.510000e+00
     vertex  1.327750e+02 -8.204199e+01  1.510000e+00
   endloop
 endfacet
 facet normal  6.087614e-01 -7.933533e-01  0.000000e+00
   outer loop
     vertex  1.326714e+02 -8.212144e+01  0.000000e+00
     vertex  1.327750e+02 -8.204199e+01  0.000000e+00
     vertex  1.327750e+02 -8.204199e+01  1.510000e+00
   endloop
 endfacet
 facet normal  7.933533e-01 -6.087614e-01  0.000000e+00
   outer loop
     vertex  1.326714e+02 -8.212144e+01  0.000000e+00
     vertex  1.326714e+02 -8.212144e+01  1.510000e+00
     vertex  1.325920e+02 -8.222500e+01  1.510000e+00
   endloop
 endfacet
 facet normal  6.087614e-01 -7.933533e-01  0.000000e+00
   outer loop
     vertex  1.326714e+02 -8.212144e+01  0.000000e+00
     vertex  1.327750e+02 -8.204199e+01  1.510000e+00
     vertex  1.326714e+02 -8.212144e+01  1.510000e+00
   endloop
 endfacet
 facet normal  7.933533e-01 -6.087614e-01  0.000000e+00
   outer loop
     vertex  1.325920e+02 -8.222500e+01  0.000000e+00
     vertex  1.326714e+02 -8.212144e+01  0.000000e+00
     vertex  1.325920e+02 -8.222500e+01  1.510000e+00
   endloop
 endfacet
 facet normal  9.238795e-01 -3.826834e-01  0.000000e+00
   outer loop
     vertex  1.325920e+02 -8.222500e+01  0.000000e+00
     vertex  1.325920e+02 -8.222500e+01  1.510000e+00
     vertex  1.325420e+02 -8.234559e+01  1.510000e+00
   endloop
 endfacet
 facet normal  9.238795e-01 -3.826834e-01  0.000000e+00
   outer loop
     vertex  1.325420e+02 -8.234559e+01  0.000000e+00
     vertex  1.325920e+02 -8.222500e+01  0.000000e+00
     vertex  1.325420e+02 -8.234559e+01  1.510000e+00
   endloop
 endfacet
 facet normal  9.914449e-01 -1.305262e-01  0.000000e+00
   outer loop
     vertex  1.325250e+02 -8.247500e+01  0.000000e+00
     vertex  1.325420e+02 -8.234559e+01  0.000000e+00
     vertex  1.325420e+02 -8.234559e+01  1.510000e+00
   endloop
 endfacet
 facet normal  9.914449e-01 -1.305262e-01  0.000000e+00
   outer loop
     vertex  1.325250e+02 -8.247500e+01  0.000000e+00
     vertex  1.325420e+02 -8.234559e+01  1.510000e+00
     vertex  1.325250e+02 -8.247500e+01  1.510000e+00
   endloop
 endfacet
 facet normal  9.914449e-01  1.305262e-01 -0.000000e+00
   outer loop
     vertex  1.325420e+02 -8.260441e+01  0.000000e+00
     vertex  1.325250e+02 -8.247500e+01  1.510000e+00
     vertex  1.325420e+02 -8.260441e+01  1.510000e+00
   endloop
 endfacet
 facet normal  9.914449e-01  1.305262e-01  0.000000e+00
   outer loop
     vertex  1.325420e+02 -8.260441e+01  0.000000e+00
     vertex  1.325250e+02 -8.247500e+01  0.000000e+00
     vertex  1.325250e+02 -8.247500e+01  1.510000e+00
   endloop
 endfacet
 facet normal  9.238795e-01  3.826834e-01 -0.000000e+00
   outer loop
     vertex  1.325920e+02 -8.272500e+01  0.000000e+00
     vertex  1.325420e+02 -8.260441e+01  1.510000e+00
     vertex  1.325920e+02 -8.272500e+01  1.510000e+00
   endloop
 endfacet
 facet normal  9.238795e-01  3.826834e-01  0.000000e+00
   outer loop
     vertex  1.325920e+02 -8.272500e+01  0.000000e+00
     vertex  1.325420e+02 -8.260441e+01  0.000000e+00
     vertex  1.325420e+02 -8.260441e+01  1.510000e+00
   endloop
 endfacet
 facet normal  6.087614e-01  7.933533e-01 -0.000000e+00
   outer loop
     vertex  1.326714e+02 -8.282855e+01  0.000000e+00
     vertex  1.326714e+02 -8.282855e+01  1.510000e+00
     vertex  1.327750e+02 -8.290801e+01  1.510000e+00
   endloop
 endfacet
 facet normal  7.933533e-01  6.087614e-01 -0.000000e+00
   outer loop
     vertex  1.326714e+02 -8.282855e+01  0.000000e+00
     vertex  1.325920e+02 -8.272500e+01  1.510000e+00
     vertex  1.326714e+02 -8.282855e+01  1.510000e+00
   endloop
 endfacet
 facet normal  7.933533e-01  6.087614e-01  0.000000e+00
   outer loop
     vertex  1.326714e+02 -8.282855e+01  0.000000e+00
     vertex  1.325920e+02 -8.272500e+01  0.000000e+00
     vertex  1.325920e+02 -8.272500e+01  1.510000e+00
   endloop
 endfacet
 facet normal  6.087614e-01  7.933533e-01 -0.000000e+00
   outer loop
     vertex  1.327750e+02 -8.290801e+01  0.000000e+00
     vertex  1.326714e+02 -8.282855e+01  0.000000e+00
     vertex  1.327750e+02 -8.290801e+01  1.510000e+00
   endloop
 endfacet
 facet normal  3.826834e-01  9.238795e-01 -0.000000e+00
   outer loop
     vertex  1.328956e+02 -8.295796e+01  0.000000e+00
     vertex  1.327750e+02 -8.290801e+01  1.510000e+00
     vertex  1.328956e+02 -8.295796e+01  1.510000e+00
   endloop
 endfacet
 facet normal  3.826834e-01  9.238795e-01  0.000000e+00
   outer loop
     vertex  1.328956e+02 -8.295796e+01  0.000000e+00
     vertex  1.327750e+02 -8.290801e+01  0.000000e+00
     vertex  1.327750e+02 -8.290801e+01  1.510000e+00
   endloop
 endfacet
 facet normal  1.305262e-01  9.914449e-01 -0.000000e+00
   outer loop
     vertex  1.330250e+02 -8.297500e+01  0.000000e+00
     vertex  1.328956e+02 -8.295796e+01  1.510000e+00
     vertex  1.330250e+02 -8.297500e+01  1.510000e+00
   endloop
 endfacet
 facet normal  1.305262e-01  9.914449e-01  0.000000e+00
   outer loop
     vertex  1.330250e+02 -8.297500e+01  0.000000e+00
     vertex  1.328956e+02 -8.295796e+01  0.000000e+00
     vertex  1.328956e+02 -8.295796e+01  1.510000e+00
   endloop
 endfacet
 facet normal -1.305262e-01  9.914449e-01  0.000000e+00
   outer loop
     vertex  1.331544e+02 -7.845796e+01  0.000000e+00
     vertex  1.330250e+02 -7.847500e+01  0.000000e+00
     vertex  1.330250e+02 -7.847500e+01  1.510000e+00
   endloop
 endfacet
 facet normal -1.305262e-01  9.914449e-01  0.000000e+00
   outer loop
     vertex  1.331544e+02 -7.845796e+01  0.000000e+00
     vertex  1.330250e+02 -7.847500e+01  1.510000e+00
     vertex  1.331544e+02 -7.845796e+01  1.510000e+00
   endloop
 endfacet
 facet normal -3.826834e-01  9.238795e-01  0.000000e+00
   outer loop
     vertex  1.332750e+02 -7.840801e+01  0.000000e+00
     vertex  1.331544e+02 -7.845796e+01  1.510000e+00
     vertex  1.332750e+02 -7.840801e+01  1.510000e+00
   endloop
 endfacet
 facet normal -3.826834e-01  9.238795e-01  0.000000e+00
   outer loop
     vertex  1.332750e+02 -7.840801e+01  0.000000e+00
     vertex  1.331544e+02 -7.845796e+01  0.000000e+00
     vertex  1.331544e+02 -7.845796e+01  1.510000e+00
   endloop
 endfacet
 facet normal -6.087614e-01  7.933533e-01  0.000000e+00
   outer loop
     vertex  1.333786e+02 -7.832855e+01  0.000000e+00
     vertex  1.332750e+02 -7.840801e+01  1.510000e+00
     vertex  1.333786e+02 -7.832855e+01  1.510000e+00
   endloop
 endfacet
 facet normal -6.087614e-01  7.933533e-01  0.000000e+00
   outer loop
     vertex  1.333786e+02 -7.832855e+01  0.000000e+00
     vertex  1.332750e+02 -7.840801e+01  0.000000e+00
     vertex  1.332750e+02 -7.840801e+01  1.510000e+00
   endloop
 endfacet
 facet normal -7.933533e-01  6.087614e-01  0.000000e+00
   outer loop
     vertex  1.334580e+02 -7.822500e+01  0.000000e+00
     vertex  1.333786e+02 -7.832855e+01  1.510000e+00
     vertex  1.334580e+02 -7.822500e+01  1.510000e+00
   endloop
 endfacet
 facet normal -7.933533e-01  6.087614e-01  0.000000e+00
   outer loop
     vertex  1.334580e+02 -7.822500e+01  0.000000e+00
     vertex  1.333786e+02 -7.832855e+01  0.000000e+00
     vertex  1.333786e+02 -7.832855e+01  1.510000e+00
   endloop
 endfacet
 facet normal -9.238795e-01  3.826834e-01  0.000000e+00
   outer loop
     vertex  1.335080e+02 -7.810441e+01  0.000000e+00
     vertex  1.334580e+02 -7.822500e+01  1.510000e+00
     vertex  1.335080e+02 -7.810441e+01  1.510000e+00
   endloop
 endfacet
 facet normal -9.238795e-01  3.826834e-01  0.000000e+00
   outer loop
     vertex  1.335080e+02 -7.810441e+01  0.000000e+00
     vertex  1.334580e+02 -7.822500e+01  0.000000e+00
     vertex  1.334580e+02 -7.822500e+01  1.510000e+00
   endloop
 endfacet
 facet normal -9.914449e-01  1.305262e-01  0.000000e+00
   outer loop
     vertex  1.335250e+02 -7.797500e+01  0.000000e+00
     vertex  1.335080e+02 -7.810441e+01  1.510000e+00
     vertex  1.335250e+02 -7.797500e+01  1.510000e+00
   endloop
 endfacet
 facet normal -9.914449e-01  1.305262e-01  0.000000e+00
   outer loop
     vertex  1.335250e+02 -7.797500e+01  0.000000e+00
     vertex  1.335080e+02 -7.810441e+01  0.000000e+00
     vertex  1.335080e+02 -7.810441e+01  1.510000e+00
   endloop
 endfacet
 facet normal -9.914449e-01 -1.305262e-01  0.000000e+00
   outer loop
     vertex  1.335080e+02 -7.784559e+01  0.000000e+00
     vertex  1.335250e+02 -7.797500e+01  1.510000e+00
     vertex  1.335080e+02 -7.784559e+01  1.510000e+00
   endloop
 endfacet
 facet normal -9.914449e-01 -1.305262e-01  0.000000e+00
   outer loop
     vertex  1.335080e+02 -7.784559e+01  0.000000e+00
     vertex  1.335250e+02 -7.797500e+01  0.000000e+00
     vertex  1.335250e+02 -7.797500e+01  1.510000e+00
   endloop
 endfacet
 facet normal -9.238795e-01 -3.826834e-01  0.000000e+00
   outer loop
     vertex  1.334580e+02 -7.772500e+01  0.000000e+00
     vertex  1.335080e+02 -7.784559e+01  1.510000e+00
     vertex  1.334580e+02 -7.772500e+01  1.510000e+00
   endloop
 endfacet
 facet normal -9.238795e-01 -3.826834e-01  0.000000e+00
   outer loop
     vertex  1.334580e+02 -7.772500e+01  0.000000e+00
     vertex  1.335080e+02 -7.784559e+01  0.000000e+00
     vertex  1.335080e+02 -7.784559e+01  1.510000e+00
   endloop
 endfacet
 facet normal -7.933533e-01 -6.087614e-01  0.000000e+00
   outer loop
     vertex  1.333786e+02 -7.762144e+01  0.000000e+00
     vertex  1.334580e+02 -7.772500e+01  1.510000e+00
     vertex  1.333786e+02 -7.762144e+01  1.510000e+00
   endloop
 endfacet
 facet normal -7.933533e-01 -6.087614e-01  0.000000e+00
   outer loop
     vertex  1.333786e+02 -7.762144e+01  0.000000e+00
     vertex  1.334580e+02 -7.772500e+01  0.000000e+00
     vertex  1.334580e+02 -7.772500e+01  1.510000e+00
   endloop
 endfacet
 facet normal -6.087614e-01 -7.933533e-01  0.000000e+00
   outer loop
     vertex  1.332750e+02 -7.754198e+01  0.000000e+00
     vertex  1.333786e+02 -7.762144e+01  1.510000e+00
     vertex  1.332750e+02 -7.754198e+01  1.510000e+00
   endloop
 endfacet
 facet normal -6.087614e-01 -7.933533e-01  0.000000e+00
   outer loop
     vertex  1.332750e+02 -7.754198e+01  0.000000e+00
     vertex  1.333786e+02 -7.762144e+01  0.000000e+00
     vertex  1.333786e+02 -7.762144e+01  1.510000e+00
   endloop
 endfacet
 facet normal -3.826834e-01 -9.238795e-01  0.000000e+00
   outer loop
     vertex  1.331544e+02 -7.749203e+01  0.000000e+00
     vertex  1.332750e+02 -7.754198e+01  1.510000e+00
     vertex  1.331544e+02 -7.749203e+01  1.510000e+00
   endloop
 endfacet
 facet normal -3.826834e-01 -9.238795e-01  0.000000e+00
   outer loop
     vertex  1.331544e+02 -7.749203e+01  0.000000e+00
     vertex  1.332750e+02 -7.754198e+01  0.000000e+00
     vertex  1.332750e+02 -7.754198e+01  1.510000e+00
   endloop
 endfacet
 facet normal -1.305262e-01 -9.914449e-01  0.000000e+00
   outer loop
     vertex  1.330250e+02 -7.747500e+01  0.000000e+00
     vertex  1.331544e+02 -7.749203e+01  1.510000e+00
     vertex  1.330250e+02 -7.747500e+01  1.510000e+00
   endloop
 endfacet
 facet normal -1.305262e-01 -9.914449e-01  0.000000e+00
   outer loop
     vertex  1.330250e+02 -7.747500e+01  0.000000e+00
     vertex  1.331544e+02 -7.749203e+01  0.000000e+00
     vertex  1.331544e+02 -7.749203e+01  1.510000e+00
   endloop
 endfacet
 facet normal  1.305262e-01 -9.914449e-01  0.000000e+00
   outer loop
     vertex  1.328956e+02 -7.749203e+01  0.000000e+00
     vertex  1.330250e+02 -7.747500e+01  1.510000e+00
     vertex  1.328956e+02 -7.749203e+01  1.510000e+00
   endloop
 endfacet
 facet normal  1.305262e-01 -9.914449e-01  0.000000e+00
   outer loop
     vertex  1.328956e+02 -7.749203e+01  0.000000e+00
     vertex  1.330250e+02 -7.747500e+01  0.000000e+00
     vertex  1.330250e+02 -7.747500e+01  1.510000e+00
   endloop
 endfacet
 facet normal  3.826834e-01 -9.238795e-01  0.000000e+00
   outer loop
     vertex  1.327750e+02 -7.754198e+01  0.000000e+00
     vertex  1.328956e+02 -7.749203e+01  0.000000e+00
     vertex  1.328956e+02 -7.749203e+01  1.510000e+00
   endloop
 endfacet
 facet normal  3.826834e-01 -9.238795e-01  0.000000e+00
   outer loop
     vertex  1.327750e+02 -7.754198e+01  0.000000e+00
     vertex  1.328956e+02 -7.749203e+01  1.510000e+00
     vertex  1.327750e+02 -7.754198e+01  1.510000e+00
   endloop
 endfacet
 facet normal  6.087614e-01 -7.933533e-01  0.000000e+00
   outer loop
     vertex  1.326714e+02 -7.762144e+01  0.000000e+00
     vertex  1.327750e+02 -7.754198e+01  0.000000e+00
     vertex  1.327750e+02 -7.754198e+01  1.510000e+00
   endloop
 endfacet
 facet normal  7.933533e-01 -6.087614e-01  0.000000e+00
   outer loop
     vertex  1.326714e+02 -7.762144e+01  0.000000e+00
     vertex  1.326714e+02 -7.762144e+01  1.510000e+00
     vertex  1.325920e+02 -7.772500e+01  1.510000e+00
   endloop
 endfacet
 facet normal  6.087614e-01 -7.933533e-01  0.000000e+00
   outer loop
     vertex  1.326714e+02 -7.762144e+01  0.000000e+00
     vertex  1.327750e+02 -7.754198e+01  1.510000e+00
     vertex  1.326714e+02 -7.762144e+01  1.510000e+00
   endloop
 endfacet
 facet normal  7.933533e-01 -6.087614e-01  0.000000e+00
   outer loop
     vertex  1.325920e+02 -7.772500e+01  0.000000e+00
     vertex  1.326714e+02 -7.762144e+01  0.000000e+00
     vertex  1.325920e+02 -7.772500e+01  1.510000e+00
   endloop
 endfacet
 facet normal  9.238795e-01 -3.826834e-01  0.000000e+00
   outer loop
     vertex  1.325920e+02 -7.772500e+01  0.000000e+00
     vertex  1.325920e+02 -7.772500e+01  1.510000e+00
     vertex  1.325420e+02 -7.784559e+01  1.510000e+00
   endloop
 endfacet
 facet normal  9.238795e-01 -3.826834e-01  0.000000e+00
   outer loop
     vertex  1.325420e+02 -7.784559e+01  0.000000e+00
     vertex  1.325920e+02 -7.772500e+01  0.000000e+00
     vertex  1.325420e+02 -7.784559e+01  1.510000e+00
   endloop
 endfacet
 facet normal  9.914449e-01 -1.305262e-01  0.000000e+00
   outer loop
     vertex  1.325250e+02 -7.797500e+01  0.000000e+00
     vertex  1.325420e+02 -7.784559e+01  0.000000e+00
     vertex  1.325420e+02 -7.784559e+01  1.510000e+00
   endloop
 endfacet
 facet normal  9.914449e-01 -1.305262e-01  0.000000e+00
   outer loop
     vertex  1.325250e+02 -7.797500e+01  0.000000e+00
     vertex  1.325420e+02 -7.784559e+01  1.510000e+00
     vertex  1.325250e+02 -7.797500e+01  1.510000e+00
   endloop
 endfacet
 facet normal  9.914449e-01  1.305262e-01 -0.000000e+00
   outer loop
     vertex  1.325420e+02 -7.810441e+01  0.000000e+00
     vertex  1.325250e+02 -7.797500e+01  1.510000e+00
     vertex  1.325420e+02 -7.810441e+01  1.510000e+00
   endloop
 endfacet
 facet normal  9.914449e-01  1.305262e-01  0.000000e+00
   outer loop
     vertex  1.325420e+02 -7.810441e+01  0.000000e+00
     vertex  1.325250e+02 -7.797500e+01  0.000000e+00
     vertex  1.325250e+02 -7.797500e+01  1.510000e+00
   endloop
 endfacet
 facet normal  9.238795e-01  3.826834e-01 -0.000000e+00
   outer loop
     vertex  1.325920e+02 -7.822500e+01  0.000000e+00
     vertex  1.325420e+02 -7.810441e+01  1.510000e+00
     vertex  1.325920e+02 -7.822500e+01  1.510000e+00
   endloop
 endfacet
 facet normal  9.238795e-01  3.826834e-01  0.000000e+00
   outer loop
     vertex  1.325920e+02 -7.822500e+01  0.000000e+00
     vertex  1.325420e+02 -7.810441e+01  0.000000e+00
     vertex  1.325420e+02 -7.810441e+01  1.510000e+00
   endloop
 endfacet
 facet normal  6.087614e-01  7.933533e-01 -0.000000e+00
   outer loop
     vertex  1.326714e+02 -7.832855e+01  0.000000e+00
     vertex  1.326714e+02 -7.832855e+01  1.510000e+00
     vertex  1.327750e+02 -7.840801e+01  1.510000e+00
   endloop
 endfacet
 facet normal  7.933533e-01  6.087614e-01 -0.000000e+00
   outer loop
     vertex  1.326714e+02 -7.832855e+01  0.000000e+00
     vertex  1.325920e+02 -7.822500e+01  1.510000e+00
     vertex  1.326714e+02 -7.832855e+01  1.510000e+00
   endloop
 endfacet
 facet normal  7.933533e-01  6.087614e-01  0.000000e+00
   outer loop
     vertex  1.326714e+02 -7.832855e+01  0.000000e+00
     vertex  1.325920e+02 -7.822500e+01  0.000000e+00
     vertex  1.325920e+02 -7.822500e+01  1.510000e+00
   endloop
 endfacet
 facet normal  6.087614e-01  7.933533e-01 -0.000000e+00
   outer loop
     vertex  1.327750e+02 -7.840801e+01  0.000000e+00
     vertex  1.326714e+02 -7.832855e+01  0.000000e+00
     vertex  1.327750e+02 -7.840801e+01  1.510000e+00
   endloop
 endfacet
 facet normal  3.826834e-01  9.238795e-01 -0.000000e+00
   outer loop
     vertex  1.328956e+02 -7.845796e+01  0.000000e+00
     vertex  1.327750e+02 -7.840801e+01  1.510000e+00
     vertex  1.328956e+02 -7.845796e+01  1.510000e+00
   endloop
 endfacet
 facet normal  3.826834e-01  9.238795e-01  0.000000e+00
   outer loop
     vertex  1.328956e+02 -7.845796e+01  0.000000e+00
     vertex  1.327750e+02 -7.840801e+01  0.000000e+00
     vertex  1.327750e+02 -7.840801e+01  1.510000e+00
   endloop
 endfacet
 facet normal  1.305262e-01  9.914449e-01 -0.000000e+00
   outer loop
     vertex  1.330250e+02 -7.847500e+01  0.000000e+00
     vertex  1.328956e+02 -7.845796e+01  1.510000e+00
     vertex  1.330250e+02 -7.847500e+01  1.510000e+00
   endloop
 endfacet
 facet normal  1.305262e-01  9.914449e-01  0.000000e+00
   outer loop
     vertex  1.330250e+02 -7.847500e+01  0.000000e+00
     vertex  1.328956e+02 -7.845796e+01  0.000000e+00
     vertex  1.328956e+02 -7.845796e+01  1.510000e+00
   endloop
 endfacet
 facet normal -1.305262e-01  9.914449e-01  0.000000e+00
   outer loop
     vertex  1.400218e+02 -7.873922e+01  0.000000e+00
     vertex  1.397500e+02 -7.877500e+01  0.000000e+00
     vertex  1.397500e+02 -7.877500e+01  1.510000e+00
   endloop
 endfacet
 facet normal -1.305262e-01  9.914449e-01  0.000000e+00
   outer loop
     vertex  1.400218e+02 -7.873922e+01  0.000000e+00
     vertex  1.397500e+02 -7.877500e+01  1.510000e+00
     vertex  1.400218e+02 -7.873922e+01  1.510000e+00
   endloop
 endfacet
 facet normal -3.826834e-01  9.238795e-01  0.000000e+00
   outer loop
     vertex  1.402750e+02 -7.863433e+01  0.000000e+00
     vertex  1.400218e+02 -7.873922e+01  1.510000e+00
     vertex  1.402750e+02 -7.863433e+01  1.510000e+00
   endloop
 endfacet
 facet normal -3.826834e-01  9.238795e-01  0.000000e+00
   outer loop
     vertex  1.402750e+02 -7.863433e+01  0.000000e+00
     vertex  1.400218e+02 -7.873922e+01  0.000000e+00
     vertex  1.400218e+02 -7.873922e+01  1.510000e+00
   endloop
 endfacet
 facet normal -6.087614e-01  7.933533e-01  0.000000e+00
   outer loop
     vertex  1.404925e+02 -7.846746e+01  0.000000e+00
     vertex  1.402750e+02 -7.863433e+01  1.510000e+00
     vertex  1.404925e+02 -7.846746e+01  1.510000e+00
   endloop
 endfacet
 facet normal -6.087614e-01  7.933533e-01  0.000000e+00
   outer loop
     vertex  1.404925e+02 -7.846746e+01  0.000000e+00
     vertex  1.402750e+02 -7.863433e+01  0.000000e+00
     vertex  1.402750e+02 -7.863433e+01  1.510000e+00
   endloop
 endfacet
 facet normal -7.933533e-01  6.087614e-01  0.000000e+00
   outer loop
     vertex  1.406593e+02 -7.825000e+01  0.000000e+00
     vertex  1.404925e+02 -7.846746e+01  1.510000e+00
     vertex  1.406593e+02 -7.825000e+01  1.510000e+00
   endloop
 endfacet
 facet normal -7.933533e-01  6.087614e-01  0.000000e+00
   outer loop
     vertex  1.406593e+02 -7.825000e+01  0.000000e+00
     vertex  1.404925e+02 -7.846746e+01  0.000000e+00
     vertex  1.404925e+02 -7.846746e+01  1.510000e+00
   endloop
 endfacet
 facet normal -9.238795e-01  3.826834e-01  0.000000e+00
   outer loop
     vertex  1.407642e+02 -7.799676e+01  0.000000e+00
     vertex  1.406593e+02 -7.825000e+01  1.510000e+00
     vertex  1.407642e+02 -7.799676e+01  1.510000e+00
   endloop
 endfacet
 facet normal -9.238795e-01  3.826834e-01  0.000000e+00
   outer loop
     vertex  1.407642e+02 -7.799676e+01  0.000000e+00
     vertex  1.406593e+02 -7.825000e+01  0.000000e+00
     vertex  1.406593e+02 -7.825000e+01  1.510000e+00
   endloop
 endfacet
 facet normal -9.914449e-01  1.305262e-01  0.000000e+00
   outer loop
     vertex  1.408000e+02 -7.772500e+01  0.000000e+00
     vertex  1.407642e+02 -7.799676e+01  1.510000e+00
     vertex  1.408000e+02 -7.772500e+01  1.510000e+00
   endloop
 endfacet
 facet normal -9.914449e-01  1.305262e-01  0.000000e+00
   outer loop
     vertex  1.408000e+02 -7.772500e+01  0.000000e+00
     vertex  1.407642e+02 -7.799676e+01  0.000000e+00
     vertex  1.407642e+02 -7.799676e+01  1.510000e+00
   endloop
 endfacet
 facet normal -9.914449e-01 -1.305262e-01  0.000000e+00
   outer loop
     vertex  1.407642e+02 -7.745324e+01  0.000000e+00
     vertex  1.408000e+02 -7.772500e+01  1.510000e+00
     vertex  1.407642e+02 -7.745324e+01  1.510000e+00
   endloop
 endfacet
 facet normal -9.914449e-01 -1.305262e-01  0.000000e+00
   outer loop
     vertex  1.407642e+02 -7.745324e+01  0.000000e+00
     vertex  1.408000e+02 -7.772500e+01  0.000000e+00
     vertex  1.408000e+02 -7.772500e+01  1.510000e+00
   endloop
 endfacet
 facet normal -9.238795e-01 -3.826834e-01  0.000000e+00
   outer loop
     vertex  1.406593e+02 -7.720000e+01  0.000000e+00
     vertex  1.407642e+02 -7.745324e+01  1.510000e+00
     vertex  1.406593e+02 -7.720000e+01  1.510000e+00
   endloop
 endfacet
 facet normal -9.238795e-01 -3.826834e-01  0.000000e+00
   outer loop
     vertex  1.406593e+02 -7.720000e+01  0.000000e+00
     vertex  1.407642e+02 -7.745324e+01  0.000000e+00
     vertex  1.407642e+02 -7.745324e+01  1.510000e+00
   endloop
 endfacet
 facet normal -7.933533e-01 -6.087614e-01  0.000000e+00
   outer loop
     vertex  1.404925e+02 -7.698254e+01  0.000000e+00
     vertex  1.406593e+02 -7.720000e+01  1.510000e+00
     vertex  1.404925e+02 -7.698254e+01  1.510000e+00
   endloop
 endfacet
 facet normal -7.933533e-01 -6.087614e-01  0.000000e+00
   outer loop
     vertex  1.404925e+02 -7.698254e+01  0.000000e+00
     vertex  1.406593e+02 -7.720000e+01  0.000000e+00
     vertex  1.406593e+02 -7.720000e+01  1.510000e+00
   endloop
 endfacet
 facet normal -6.087614e-01 -7.933533e-01  0.000000e+00
   outer loop
     vertex  1.402750e+02 -7.681567e+01  0.000000e+00
     vertex  1.404925e+02 -7.698254e+01  1.510000e+00
     vertex  1.402750e+02 -7.681567e+01  1.510000e+00
   endloop
 endfacet
 facet normal -6.087614e-01 -7.933533e-01  0.000000e+00
   outer loop
     vertex  1.402750e+02 -7.681567e+01  0.000000e+00
     vertex  1.404925e+02 -7.698254e+01  0.000000e+00
     vertex  1.404925e+02 -7.698254e+01  1.510000e+00
   endloop
 endfacet
 facet normal -3.826834e-01 -9.238795e-01  0.000000e+00
   outer loop
     vertex  1.400218e+02 -7.671078e+01  0.000000e+00
     vertex  1.402750e+02 -7.681567e+01  1.510000e+00
     vertex  1.400218e+02 -7.671078e+01  1.510000e+00
   endloop
 endfacet
 facet normal -3.826834e-01 -9.238795e-01  0.000000e+00
   outer loop
     vertex  1.400218e+02 -7.671078e+01  0.000000e+00
     vertex  1.402750e+02 -7.681567e+01  0.000000e+00
     vertex  1.402750e+02 -7.681567e+01  1.510000e+00
   endloop
 endfacet
 facet normal -1.305262e-01 -9.914449e-01  0.000000e+00
   outer loop
     vertex  1.397500e+02 -7.667500e+01  0.000000e+00
     vertex  1.400218e+02 -7.671078e+01  1.510000e+00
     vertex  1.397500e+02 -7.667500e+01  1.510000e+00
   endloop
 endfacet
 facet normal -1.305262e-01 -9.914449e-01  0.000000e+00
   outer loop
     vertex  1.397500e+02 -7.667500e+01  0.000000e+00
     vertex  1.400218e+02 -7.671078e+01  0.000000e+00
     vertex  1.400218e+02 -7.671078e+01  1.510000e+00
   endloop
 endfacet
 facet normal  1.305262e-01 -9.914449e-01  0.000000e+00
   outer loop
     vertex  1.394782e+02 -7.671078e+01  0.000000e+00
     vertex  1.397500e+02 -7.667500e+01  1.510000e+00
     vertex  1.394782e+02 -7.671078e+01  1.510000e+00
   endloop
 endfacet
 facet normal  1.305262e-01 -9.914449e-01  0.000000e+00
   outer loop
     vertex  1.394782e+02 -7.671078e+01  0.000000e+00
     vertex  1.397500e+02 -7.667500e+01  0.000000e+00
     vertex  1.397500e+02 -7.667500e+01  1.510000e+00
   endloop
 endfacet
 facet normal  3.826834e-01 -9.238795e-01  0.000000e+00
   outer loop
     vertex  1.392250e+02 -7.681567e+01  0.000000e+00
     vertex  1.394782e+02 -7.671078e+01  0.000000e+00
     vertex  1.394782e+02 -7.671078e+01  1.510000e+00
   endloop
 endfacet
 facet normal  3.826834e-01 -9.238795e-01  0.000000e+00
   outer loop
     vertex  1.392250e+02 -7.681567e+01  0.000000e+00
     vertex  1.394782e+02 -7.671078e+01  1.510000e+00
     vertex  1.392250e+02 -7.681567e+01  1.510000e+00
   endloop
 endfacet
 facet normal  6.087614e-01 -7.933533e-01  0.000000e+00
   outer loop
     vertex  1.390075e+02 -7.698254e+01  0.000000e+00
     vertex  1.392250e+02 -7.681567e+01  0.000000e+00
     vertex  1.392250e+02 -7.681567e+01  1.510000e+00
   endloop
 endfacet
 facet normal  7.933533e-01 -6.087614e-01  0.000000e+00
   outer loop
     vertex  1.390075e+02 -7.698254e+01  0.000000e+00
     vertex  1.390075e+02 -7.698254e+01  1.510000e+00
     vertex  1.388407e+02 -7.720000e+01  1.510000e+00
   endloop
 endfacet
 facet normal  6.087614e-01 -7.933533e-01  0.000000e+00
   outer loop
     vertex  1.390075e+02 -7.698254e+01  0.000000e+00
     vertex  1.392250e+02 -7.681567e+01  1.510000e+00
     vertex  1.390075e+02 -7.698254e+01  1.510000e+00
   endloop
 endfacet
 facet normal  7.933533e-01 -6.087614e-01  0.000000e+00
   outer loop
     vertex  1.388407e+02 -7.720000e+01  0.000000e+00
     vertex  1.390075e+02 -7.698254e+01  0.000000e+00
     vertex  1.388407e+02 -7.720000e+01  1.510000e+00
   endloop
 endfacet
 facet normal  9.238795e-01 -3.826834e-01  0.000000e+00
   outer loop
     vertex  1.388407e+02 -7.720000e+01  0.000000e+00
     vertex  1.388407e+02 -7.720000e+01  1.510000e+00
     vertex  1.387358e+02 -7.745324e+01  1.510000e+00
   endloop
 endfacet
 facet normal  9.238795e-01 -3.826834e-01  0.000000e+00
   outer loop
     vertex  1.387358e+02 -7.745324e+01  0.000000e+00
     vertex  1.388407e+02 -7.720000e+01  0.000000e+00
     vertex  1.387358e+02 -7.745324e+01  1.510000e+00
   endloop
 endfacet
 facet normal  9.914449e-01 -1.305262e-01  0.000000e+00
   outer loop
     vertex  1.387000e+02 -7.772500e+01  0.000000e+00
     vertex  1.387358e+02 -7.745324e+01  0.000000e+00
     vertex  1.387358e+02 -7.745324e+01  1.510000e+00
   endloop
 endfacet
 facet normal  9.914449e-01 -1.305262e-01  0.000000e+00
   outer loop
     vertex  1.387000e+02 -7.772500e+01  0.000000e+00
     vertex  1.387358e+02 -7.745324e+01  1.510000e+00
     vertex  1.387000e+02 -7.772500e+01  1.510000e+00
   endloop
 endfacet
 facet normal  9.914449e-01  1.305262e-01 -0.000000e+00
   outer loop
     vertex  1.387358e+02 -7.799676e+01  0.000000e+00
     vertex  1.387000e+02 -7.772500e+01  1.510000e+00
     vertex  1.387358e+02 -7.799676e+01  1.510000e+00
   endloop
 endfacet
 facet normal  9.914449e-01  1.305262e-01  0.000000e+00
   outer loop
     vertex  1.387358e+02 -7.799676e+01  0.000000e+00
     vertex  1.387000e+02 -7.772500e+01  0.000000e+00
     vertex  1.387000e+02 -7.772500e+01  1.510000e+00
   endloop
 endfacet
 facet normal  9.238795e-01  3.826834e-01 -0.000000e+00
   outer loop
     vertex  1.388407e+02 -7.825000e+01  0.000000e+00
     vertex  1.387358e+02 -7.799676e+01  1.510000e+00
     vertex  1.388407e+02 -7.825000e+01  1.510000e+00
   endloop
 endfacet
 facet normal  9.238795e-01  3.826834e-01  0.000000e+00
   outer loop
     vertex  1.388407e+02 -7.825000e+01  0.000000e+00
     vertex  1.387358e+02 -7.799676e+01  0.000000e+00
     vertex  1.387358e+02 -7.799676e+01  1.510000e+00
   endloop
 endfacet
 facet normal  6.087614e-01  7.933533e-01 -0.000000e+00
   outer loop
     vertex  1.390075e+02 -7.846746e+01  0.000000e+00
     vertex  1.390075e+02 -7.846746e+01  1.510000e+00
     vertex  1.392250e+02 -7.863433e+01  1.510000e+00
   endloop
 endfacet
 facet normal  7.933533e-01  6.087614e-01 -0.000000e+00
   outer loop
     vertex  1.390075e+02 -7.846746e+01  0.000000e+00
     vertex  1.388407e+02 -7.825000e+01  1.510000e+00
     vertex  1.390075e+02 -7.846746e+01  1.510000e+00
   endloop
 endfacet
 facet normal  7.933533e-01  6.087614e-01  0.000000e+00
   outer loop
     vertex  1.390075e+02 -7.846746e+01  0.000000e+00
     vertex  1.388407e+02 -7.825000e+01  0.000000e+00
     vertex  1.388407e+02 -7.825000e+01  1.510000e+00
   endloop
 endfacet
 facet normal  6.087614e-01  7.933533e-01 -0.000000e+00
   outer loop
     vertex  1.392250e+02 -7.863433e+01  0.000000e+00
     vertex  1.390075e+02 -7.846746e+01  0.000000e+00
     vertex  1.392250e+02 -7.863433e+01  1.510000e+00
   endloop
 endfacet
 facet normal  3.826834e-01  9.238795e-01 -0.000000e+00
   outer loop
     vertex  1.394782e+02 -7.873922e+01  0.000000e+00
     vertex  1.392250e+02 -7.863433e+01  1.510000e+00
     vertex  1.394782e+02 -7.873922e+01  1.510000e+00
   endloop
 endfacet
 facet normal  3.826834e-01  9.238795e-01  0.000000e+00
   outer loop
     vertex  1.394782e+02 -7.873922e+01  0.000000e+00
     vertex  1.392250e+02 -7.863433e+01  0.000000e+00
     vertex  1.392250e+02 -7.863433e+01  1.510000e+00
   endloop
 endfacet
 facet normal  1.305262e-01  9.914449e-01 -0.000000e+00
   outer loop
     vertex  1.397500e+02 -7.877500e+01  0.000000e+00
     vertex  1.394782e+02 -7.873922e+01  1.510000e+00
     vertex  1.397500e+02 -7.877500e+01  1.510000e+00
   endloop
 endfacet
 facet normal  1.305262e-01  9.914449e-01  0.000000e+00
   outer loop
     vertex  1.397500e+02 -7.877500e+01  0.000000e+00
     vertex  1.394782e+02 -7.873922e+01  0.000000e+00
     vertex  1.394782e+02 -7.873922e+01  1.510000e+00
   endloop
 endfacet
endsolid
